Player,Pos,Age,Tm,G,GS,MP,FG,FGA,FG%,3P,3PA,3P%,2P,2PA,2P%,eFG%,FT,FTA,FT%,ORB,DRB,TRB,AST,STL,BLK,TOV,PF,PTS
Precious Achiuwa,C,22,TOR,73,28,23.6,3.6,8.3,0.439,0.8,2.1,0.359,2.9,6.1,0.468,0.486,1.1,1.8,0.595,2,4.5,6.5,1.1,0.5,0.6,1.2,2.1,9.1
Steven Adams,C,28,MEM,76,75,26.3,2.8,5.1,0.547,0,0,0,2.8,5,0.548,0.547,1.4,2.6,0.543,4.6,5.4,10,3.4,0.9,0.8,1.5,2,6.9
Bam Adebayo,C,24,MIA,56,56,32.6,7.3,13,0.557,0,0.1,0,7.3,12.9,0.562,0.557,4.6,6.1,0.753,2.4,7.6,10.1,3.4,1.4,0.8,2.6,3.1,19.1
Santi Aldama,PF,21,MEM,32,0,11.3,1.7,4.1,0.402,0.2,1.5,0.125,1.5,2.6,0.56,0.424,0.6,1,0.625,1,1.7,2.7,0.7,0.2,0.3,0.5,1.1,4.1
LaMarcus Aldridge,C,36,BRK,47,12,22.3,5.4,9.7,0.55,0.3,1,0.304,5.1,8.8,0.578,0.566,1.9,2.2,0.873,1.6,3.9,5.5,0.9,0.3,1,0.9,1.7,12.9
Nickeil Alexander-Walker,SG,23,TOT,65,21,22.6,3.9,10.5,0.372,1.6,5.2,0.311,2.3,5.3,0.433,0.449,1.2,1.7,0.743,0.6,2.3,2.9,2.4,0.7,0.4,1.4,1.6,10.6
Nickeil Alexander-Walker,SG,23,NOP,50,19,26.3,4.7,12.6,0.375,1.9,6.1,0.311,2.8,6.5,0.434,0.45,1.4,1.9,0.722,0.7,2.6,3.3,2.8,0.8,0.4,1.7,1.8,12.8
Nickeil Alexander-Walker,SG,23,UTA,15,2,9.9,1.1,3.2,0.333,0.7,2.2,0.303,0.4,1,0.4,0.438,0.7,0.8,0.917,0.1,1.5,1.5,1.1,0.3,0.3,0.5,1,3.5
Grayson Allen,SG,26,MIL,66,61,27.3,3.9,8.6,0.448,2.4,5.9,0.409,1.5,2.7,0.533,0.588,1,1.1,0.865,0.5,2.9,3.4,1.5,0.7,0.3,0.7,1.5,11.1
Jarrett Allen,C,23,CLE,56,56,32.3,6.6,9.7,0.677,0,0.2,0.1,6.6,9.6,0.688,0.678,2.9,4.2,0.708,3.4,7.3,10.8,1.6,0.8,1.3,1.7,1.7,16.1
Jose Alvarado,PG,23,NOP,54,1,15.4,2.4,5.4,0.446,0.6,2,0.291,1.8,3.4,0.538,0.5,0.7,1,0.679,0.5,1.4,1.9,2.8,1.3,0.1,0.7,1.4,6.1
Justin Anderson,SF,28,TOT,16,6,19.8,2.3,5.9,0.379,0.9,3.7,0.254,1.3,2.3,0.583,0.458,0.9,1.2,0.789,0.3,2.6,2.9,2.1,0.5,0.4,0.5,1.4,6.4
Justin Anderson,SF,28,CLE,3,0,15.7,1.3,2.7,0.5,0.7,2,0.333,0.7,0.7,1,0.625,1,1.3,0.75,0,2,2,2,0.3,0,0.7,1.3,4.3
Justin Anderson,SF,28,IND,13,6,20.7,2.5,6.7,0.368,1,4.1,0.245,1.5,2.6,0.559,0.443,0.9,1.2,0.8,0.3,2.8,3.1,2.1,0.5,0.5,0.5,1.4,6.8
Kyle Anderson,PF,28,MEM,69,11,21.5,3,6.8,0.446,0.5,1.6,0.33,2.5,5.2,0.481,0.484,1,1.5,0.638,1,4.3,5.3,2.7,1.1,0.7,1,1.6,7.6
Giannis Antetokounmpo,PF,27,MIL,67,67,32.9,10.3,18.6,0.553,1.1,3.6,0.293,9.2,15,0.616,0.582,8.3,11.4,0.722,2,9.6,11.6,5.8,1.1,1.4,3.3,3.2,29.9
Thanasis Antetokounmpo,SF,29,MIL,48,6,9.9,1.5,2.7,0.547,0,0.3,0.143,1.4,2.4,0.596,0.555,0.6,1,0.63,0.8,1.3,2.1,0.5,0.3,0.3,0.5,1.4,3.6
Carmelo Anthony,PF,37,LAL,69,3,26,4.6,10.5,0.441,2.2,5.8,0.375,2.5,4.7,0.521,0.544,1.9,2.3,0.83,0.9,3.3,4.2,1,0.7,0.8,0.9,2.4,13.3
Cole Anthony,PG,21,ORL,65,65,31.7,5.5,14,0.391,2,6,0.338,3.5,8,0.432,0.464,3.3,3.9,0.854,0.5,4.9,5.4,5.7,0.7,0.3,2.6,2.6,16.3
OG Anunoby,SF,24,TOR,48,48,36,6.4,14.5,0.443,2.4,6.6,0.363,4,7.9,0.511,0.526,1.9,2.5,0.754,1.5,4,5.5,2.6,1.5,0.5,1.7,2.7,17.1
Ryan Arcidiacono,PG,27,NYK,10,0,7.6,0.6,1.2,0.5,0.4,0.9,0.444,0.2,0.3,0.667,0.667,0,0,,0,0.8,0.8,0.4,0.1,0,0.3,0.5,1.6
Trevor Ariza,SF,36,LAL,24,11,19.3,1.4,4.1,0.333,0.8,3.1,0.27,0.5,1,0.52,0.434,0.4,0.8,0.556,0.4,3,3.4,1.1,0.5,0.3,0.5,0.8,4
D.J. Augustin,PG,34,TOT,55,2,16.1,1.7,4,0.423,1.2,3,0.415,0.5,1.1,0.448,0.577,0.7,0.8,0.884,0.2,1,1.2,1.9,0.3,0,1,0.7,5.3
D.J. Augustin,PG,34,HOU,34,2,15,1.6,4,0.404,1.1,2.8,0.406,0.5,1.2,0.4,0.548,1,1.1,0.868,0.2,1,1.2,2.2,0.3,0,1.3,0.5,5.4
D.J. Augustin,PG,34,LAL,21,0,17.8,1.9,4.1,0.453,1.4,3.2,0.426,0.5,0.9,0.556,0.622,0.2,0.2,1,0.2,1.1,1.3,1.6,0.3,0,0.5,1,5.3
Deni Avdija,SF,21,WAS,82,8,24.2,3,7.1,0.432,1,3.2,0.317,2,3.9,0.525,0.503,1.3,1.7,0.757,0.6,4.5,5.2,2,0.7,0.5,1.1,2.3,8.4
Joel Ayayi,SG,21,WAS,7,0,2.9,0.1,0.9,0.167,0,0.1,0,0.1,0.7,0.2,0.167,0,0,,0.1,0.3,0.4,0.6,0,0,0,0,0.3
Deandre Ayton,C,23,PHO,58,58,29.5,7.6,12,0.634,0.1,0.3,0.368,7.5,11.7,0.642,0.639,1.8,2.4,0.746,2.6,7.7,10.2,1.4,0.7,0.7,1.6,2.4,17.2
Udoka Azubuike,C,22,UTA,17,6,11.5,2.2,2.9,0.755,0,0,,2.2,2.9,0.755,0.755,0.4,0.6,0.545,1.1,3.1,4.2,0,0.1,0.6,0.7,1.5,4.7
Marvin Bagley III,PF,22,TOT,48,25,23.9,4.7,9.3,0.504,0.5,2,0.237,4.2,7.3,0.579,0.53,1.4,2.1,0.663,2.2,4.9,7,0.8,0.5,0.4,0.8,1.9,11.3
Marvin Bagley III,PF,22,SAC,30,17,21.9,3.8,8.2,0.463,0.5,2.1,0.242,3.3,6.1,0.538,0.494,1.2,1.6,0.745,2.2,4.9,7.2,0.6,0.3,0.4,0.7,1.7,9.3
Marvin Bagley III,PF,22,DET,18,8,27.2,6.2,11.1,0.555,0.4,1.9,0.229,5.7,9.2,0.624,0.575,1.8,3,0.593,2.1,4.7,6.8,1.1,0.7,0.4,1,2.4,14.6
LaMelo Ball,PG,20,CHO,75,75,32.3,7.2,16.7,0.429,2.9,7.5,0.389,4.2,9.2,0.462,0.517,2.8,3.2,0.872,1.4,5.2,6.7,7.6,1.6,0.4,3.3,3.2,20.1
Lonzo Ball,PG,24,CHI,35,35,34.6,4.6,10.9,0.423,3.1,7.4,0.423,1.5,3.5,0.423,0.567,0.6,0.8,0.75,1,4.4,5.4,5.1,1.8,0.9,2.3,2.4,13
Mo Bamba,C,23,ORL,71,69,25.7,4.2,8.7,0.48,1.5,4,0.381,2.7,4.7,0.563,0.566,0.8,1,0.781,2.1,6,8.1,1.2,0.5,1.7,1.1,2.6,10.6
Desmond Bane,SG,23,MEM,76,76,29.8,6.7,14.5,0.461,3,6.9,0.436,3.7,7.6,0.484,0.565,1.8,2,0.903,0.6,3.8,4.4,2.7,1.2,0.4,1.5,2.6,18.2
Dalano Banton,PG,22,TOR,64,1,10.9,1.3,3.2,0.411,0.2,0.8,0.255,1.1,2.4,0.464,0.443,0.4,0.7,0.591,0.6,1.3,1.9,1.5,0.4,0.2,0.8,1.1,3.2
Cat Barber,PG,27,ATL,3,0,4.3,0,1.3,0,0,0,,0,1.3,0,0,0,1.3,0,0.3,0.7,1,1,0,0,0.3,0.3,0
Harrison Barnes,PF,29,SAC,77,77,33.6,5.1,10.8,0.469,1.8,4.7,0.394,3.2,6.2,0.525,0.554,4.4,5.4,0.826,1.1,4.5,5.6,2.4,0.7,0.2,1.5,1.2,16.4
Scottie Barnes,PF,20,TOR,74,74,35.4,6.2,12.6,0.492,0.8,2.6,0.301,5.4,10,0.543,0.524,2.1,2.9,0.735,2.6,4.9,7.5,3.5,1.1,0.7,1.8,2.6,15.3
RJ Barrett,SF,21,NYK,70,70,34.5,7,17.1,0.408,2,5.8,0.342,5,11.3,0.442,0.466,4.1,5.8,0.714,0.9,4.9,5.8,3,0.6,0.2,2.2,2,20
Will Barton,SG,31,DEN,71,71,32.1,5.5,12.6,0.438,2.2,6.1,0.365,3.3,6.6,0.504,0.525,1.4,1.8,0.803,0.6,4.2,4.8,3.9,0.8,0.4,1.8,1.6,14.7
Paris Bass,SF,26,PHO,2,0,3.5,1,3,0.333,0,1,0,1,2,0.5,0.333,1,1,1,1,1,2,0,0.5,0,1,1,3
Charles Bassey,C,21,PHI,23,0,7.3,1.3,2,0.638,0,0.2,0,1.3,1.9,0.698,0.638,0.4,0.5,0.75,1,1.7,2.7,0.3,0.2,0.7,0.3,1.4,3
Keita Bates-Diop,SF,26,SAS,59,14,16.2,2.3,4.5,0.517,0.3,0.9,0.309,2,3.5,0.572,0.549,0.8,1,0.754,1.1,2.9,3.9,0.7,0.5,0.2,0.8,1,5.7
Nicolas Batum,PF,33,LAC,59,54,24.8,3,6.6,0.463,1.8,4.6,0.4,1.2,2,0.607,0.602,0.4,0.6,0.658,0.5,3.8,4.3,1.7,1,0.7,0.7,1.4,8.3
Kent Bazemore,SF,32,LAL,39,14,14,1.2,3.6,0.324,0.7,2.1,0.363,0.4,1.5,0.271,0.428,0.3,0.4,0.765,0.3,1.4,1.8,0.9,0.6,0.2,0.5,1.8,3.4
Darius Bazley,PF,21,OKC,69,53,27.9,4,9.4,0.422,1.2,3.9,0.297,2.8,5.5,0.511,0.484,1.7,2.5,0.688,1,5.3,6.3,1.4,0.8,1,1.3,1,10.8
Bradley Beal,SG,28,WAS,40,40,36,8.7,19.3,0.451,1.6,5.3,0.3,7.1,14,0.508,0.492,4.2,5.1,0.833,1,3.8,4.7,6.6,0.9,0.4,3.4,2.4,23.2
Malik Beasley,SG,25,MIN,79,18,25,4.2,10.8,0.391,3,8.1,0.377,1.2,2.7,0.432,0.532,0.6,0.8,0.817,0.3,2.5,2.9,1.5,0.5,0.2,0.5,1.1,12.1
Jordan Bell,C,27,CHI,1,0,2,0,0,,0,0,,0,0,,,0,0,,1,0,1,0,1,0,0,2,0
DeAndre' Bembry,SF,27,TOT,56,20,18.3,2.2,3.9,0.561,0.3,0.6,0.417,1.9,3.3,0.589,0.595,0.4,0.6,0.6,0.8,2.2,2.9,1.2,0.9,0.4,0.6,2,5.1
DeAndre' Bembry,SF,27,BRK,48,20,19.8,2.5,4.4,0.568,0.3,0.8,0.417,2.2,3.7,0.599,0.603,0.4,0.7,0.6,0.8,2.4,3.2,1.3,1,0.5,0.6,2.2,5.8
DeAndre' Bembry,SF,27,MIL,8,0,9.6,0.4,1,0.375,0,0,,0.4,1,0.375,0.375,0,0,,0.5,0.9,1.4,0.8,0.3,0,0.1,1.1,0.8
D?vis Bert?ns,PF,29,TOT,56,0,14.4,1.8,4.9,0.36,1.4,4.1,0.335,0.4,0.8,0.489,0.5,0.6,0.7,0.9,0.2,1.9,2.1,0.6,0.3,0.2,0.3,1.5,5.6
D?vis Bert?ns,PF,29,WAS,34,0,14.7,1.8,5,0.351,1.4,4.2,0.319,0.4,0.8,0.519,0.485,0.8,0.9,0.933,0.2,1.6,1.8,0.5,0.3,0.2,0.4,1.6,5.7
D?vis Bert?ns,PF,29,DAL,22,0,13.9,1.8,4.7,0.375,1.4,3.9,0.36,0.4,0.8,0.444,0.524,0.4,0.5,0.8,0.3,2.3,2.5,0.7,0.3,0.3,0.2,1.4,5.3
Patrick Beverley,PG,33,MIN,58,54,25.4,3.1,7.5,0.406,1.4,4.2,0.343,1.6,3.3,0.485,0.501,1.7,2.3,0.722,1.1,3.1,4.1,4.6,1.2,0.9,1.3,3,9.2
Saddiq Bey,SF,22,DET,82,82,33,5.5,13.9,0.396,2.6,7.4,0.346,2.9,6.4,0.454,0.489,2.6,3.1,0.827,1.3,4.1,5.4,2.8,0.9,0.2,1.2,1.6,16.1
Khem Birch,C,29,TOR,55,28,18,1.8,3.6,0.485,0,0.3,0,1.8,3.4,0.522,0.485,1,1.3,0.746,2.2,2.1,4.3,1,0.5,0.5,0.5,1.9,4.5
Goga Bitadze,C,22,IND,50,16,14.6,2.6,5,0.52,0.5,1.6,0.288,2.2,3.4,0.628,0.565,1.3,1.9,0.681,1.6,2,3.5,1.1,0.4,0.8,0.9,2.1,7
Bismack Biyombo,C,29,PHO,36,3,14.1,2.4,4,0.593,0,0,,2.4,4,0.593,0.593,1.1,2,0.535,1.8,2.9,4.6,0.6,0.3,0.7,0.7,1.9,5.8
Nemanja Bjelica,C,33,GSW,71,0,16.1,2.3,4.8,0.468,0.8,2.1,0.362,1.5,2.7,0.549,0.547,0.8,1.1,0.728,0.9,3.3,4.1,2.2,0.6,0.4,1.2,1.8,6.1
Eric Bledsoe,PG,32,LAC,54,29,25.2,3.6,8.7,0.421,0.9,3,0.313,2.7,5.6,0.479,0.475,1.6,2.2,0.761,0.5,2.9,3.4,4.2,1.3,0.4,2.1,1.6,9.9
Keljin Blevins,SF,26,POR,31,1,11.3,1.1,3.6,0.306,0.7,2.3,0.292,0.4,1.3,0.333,0.401,0.2,0.4,0.545,0.5,0.9,1.5,0.6,0.4,0,0.5,0.9,3.1
Bogdan Bogdanovi?,SG,29,ATL,63,27,29.3,5.4,12.6,0.431,2.7,7.3,0.368,2.7,5.3,0.516,0.537,1.5,1.8,0.843,0.5,3.5,4,3.1,1.1,0.2,1.1,2.1,15.1
Bojan Bogdanovi?,PF,32,UTA,69,69,30.9,6.1,13.4,0.455,2.6,6.8,0.387,3.5,6.7,0.524,0.552,3.2,3.8,0.858,0.8,3.4,4.3,1.7,0.5,0,1.7,1.7,18.1
Bol Bol,PF,22,DEN,14,0,5.8,1.1,1.9,0.556,0.1,0.3,0.25,1,1.6,0.609,0.574,0.1,0.4,0.4,0.3,1.1,1.4,0.4,0.1,0.1,0.3,0.3,2.4
Leandro Bolmaro,SF,21,MIN,35,2,6.9,0.5,1.5,0.315,0.1,0.5,0.278,0.3,1,0.333,0.361,0.3,0.4,0.846,0.5,0.8,1.2,0.6,0.2,0,0.4,0.7,1.4
Isaac Bonga,SF,22,TOR,15,0,4.6,0.2,0.9,0.231,0.1,0.3,0.25,0.1,0.6,0.222,0.269,0.3,0.5,0.625,0.3,0.2,0.5,0.3,0.5,0.1,0.1,0.7,0.8
Devin Booker,SG,25,PHO,68,68,34.5,9.7,20.9,0.466,2.7,7,0.383,7,13.9,0.508,0.53,4.6,5.3,0.868,0.7,4.4,5,4.8,1.1,0.4,2.4,2.6,26.8
Brandon Boston Jr.,SG,20,LAC,51,0,14.9,2.5,6.4,0.385,0.7,2.2,0.306,1.8,4.2,0.425,0.437,1.2,1.4,0.819,0.3,1.8,2.2,1,0.5,0.3,0.6,0.8,6.7
Chris Boucher,SF,29,TOR,80,9,21.1,3.4,7.2,0.464,0.9,2.9,0.297,2.5,4.4,0.575,0.523,1.9,2.4,0.777,2.2,3.9,6.2,0.3,0.6,0.9,0.5,2.2,9.4
James Bouknight,SG,21,CHO,31,0,9.8,1.6,4.5,0.348,0.5,1.6,0.347,1,3,0.348,0.408,0.9,1,0.871,0.7,1,1.7,0.8,0.2,0,0.5,0.9,4.6
Avery Bradley,SG,31,LAL,62,45,22.7,2.4,5.6,0.423,1.3,3.4,0.39,1.1,2.3,0.471,0.54,0.3,0.3,0.889,0.5,1.7,2.2,0.8,0.9,0.1,0.6,1.9,6.4
Tony Bradley,C,24,CHI,55,7,10,1.3,2.2,0.585,0,0,,1.3,2.2,0.585,0.585,0.3,0.5,0.655,1.2,2.2,3.4,0.5,0.2,0.6,0.6,1.1,3
Ignas Brazdeikis,SF,23,ORL,42,1,12.8,1.9,4.5,0.431,0.6,2.1,0.31,1.3,2.4,0.535,0.503,0.5,0.8,0.656,0.5,1.2,1.7,0.9,0.2,0.1,0.4,1.1,5
Mikal Bridges,SF,25,PHO,82,82,34.8,5.6,10.5,0.534,1.4,3.8,0.369,4.2,6.7,0.628,0.601,1.6,1.9,0.834,0.9,3.3,4.2,2.3,1.2,0.4,0.8,1.8,14.2
Miles Bridges,PF,23,CHO,80,80,35.5,7.5,15.2,0.491,1.9,5.8,0.331,5.5,9.4,0.59,0.554,3.3,4.2,0.802,1.1,5.9,7,3.8,0.9,0.8,1.9,2.4,20.2
Oshae Brissett,SF,23,IND,67,25,23.3,3.1,7.6,0.411,1.2,3.5,0.35,1.9,4,0.465,0.493,1.7,2.4,0.695,1.6,3.7,5.3,1.1,0.7,0.4,0.8,1.7,9.1
Malcolm Brogdon,PG,29,IND,36,36,33.5,6.8,15.1,0.448,1.6,5.2,0.312,5.1,9.9,0.518,0.501,4,4.6,0.856,0.9,4.2,5.1,5.9,0.8,0.4,2.1,2,19.1
Armoni Brooks,SG-PG,23,TOT,54,11,15.6,1.8,5.4,0.339,1.4,4.6,0.297,0.4,0.7,0.6,0.467,0.3,0.4,0.857,0.4,1.5,1.9,1.1,0.5,0.2,0.5,1.4,5.3
Armoni Brooks,SG,23,HOU,41,8,16.8,2.1,6.1,0.347,1.6,5.2,0.3,0.6,0.9,0.605,0.474,0.4,0.5,0.842,0.3,1.7,2,1.2,0.5,0.2,0.6,1.5,6.2
Armoni Brooks,PG,23,TOR,13,3,11.8,0.8,2.9,0.289,0.8,2.8,0.278,0.1,0.2,0.5,0.421,0.2,0.2,1,0.6,1.1,1.7,1,0.5,0.2,0.3,1.1,2.6
Dillon Brooks,SF,26,MEM,32,31,27.7,7.1,16.4,0.432,1.4,4.7,0.309,5.7,11.8,0.48,0.475,2.8,3.3,0.849,0.9,2.3,3.2,2.8,1.1,0.3,1.6,3.3,18.4
Bruce Brown,SF,25,BRK,72,45,24.6,3.6,7,0.506,0.5,1.3,0.404,3,5.7,0.529,0.543,1.3,1.8,0.758,1.4,3.4,4.8,2.1,1.1,0.7,0.8,2.4,9
Charlie Brown Jr.,SG,24,TOT,22,2,8,0.5,1.8,0.256,0,0.5,0.083,0.4,1.2,0.333,0.269,0.4,0.5,0.9,0.6,0.8,1.5,0.3,0.5,0.2,0.2,0.8,1.4
Charlie Brown Jr.,SG,24,DAL,3,0,5,0.3,1.7,0.2,0,1,0,0.3,0.7,0.5,0.2,0,0,,0,0.3,0.3,0.3,0.7,0.3,0,0.7,0.7
Charlie Brown Jr.,SG,24,PHI,19,2,8.5,0.5,1.8,0.265,0.1,0.5,0.111,0.4,1.3,0.32,0.279,0.5,0.5,0.9,0.7,0.9,1.6,0.3,0.4,0.2,0.3,0.8,1.5
Chaundee Brown Jr.,SG-SF,23,TOT,5,2,20.8,2,6.4,0.313,1.2,3.6,0.333,0.8,2.8,0.286,0.406,1,1.2,0.833,0.2,3,3.2,0.8,0.4,0,0.2,1.4,6.2
Chaundee Brown Jr.,SF,23,LAL,2,0,10.5,0.5,3.5,0.143,0,1.5,0,0.5,2,0.25,0.143,0,0,,0,1,1,0,0,0,0.5,0,1
Chaundee Brown Jr.,SG,23,ATL,3,2,27.7,3,8.3,0.36,2,5,0.4,1,3.3,0.3,0.48,1.7,2,0.833,0.3,4.3,4.7,1.3,0.7,0,0,2.3,9.7
Greg Brown III,SF,20,POR,48,6,13.3,1.7,4,0.426,0.4,1.3,0.311,1.3,2.7,0.481,0.476,0.9,1.4,0.677,0.8,2,2.8,0.7,0.5,0.5,0.8,1.9,4.7
Jaylen Brown,SF,25,BOS,66,66,33.6,8.7,18.4,0.473,2.5,7,0.358,6.2,11.4,0.544,0.541,3.7,4.8,0.758,0.8,5.3,6.1,3.5,1.1,0.3,2.7,2.5,23.6
Moses Brown,C,22,TOT,40,6,8.6,1.6,2.7,0.593,0,0,,1.6,2.7,0.593,0.593,1.1,1.8,0.597,1,2.4,3.4,0,0.2,0.4,0.5,1.3,4.3
Moses Brown,C,22,DAL,26,1,6.5,1,1.9,0.54,0,0,,1,1.9,0.54,0.54,1,1.7,0.628,0.6,1.7,2.3,0,0.1,0.3,0.5,1.1,3.1
Moses Brown,C,22,CLE,14,5,12.6,2.6,4.1,0.638,0,0,,2.6,4.1,0.638,0.638,1.1,2.1,0.552,1.6,3.6,5.3,0,0.3,0.5,0.4,1.8,6.4
Sterling Brown,SG,26,DAL,49,3,12.8,1.2,3.2,0.381,0.6,1.9,0.304,0.6,1.3,0.492,0.471,0.3,0.3,0.933,0.5,2.5,3,0.7,0.3,0.1,0.5,1.1,3.3
Troy Brown Jr.,SF,22,CHI,66,7,16,1.6,3.9,0.419,0.7,2,0.353,0.9,1.9,0.488,0.51,0.3,0.4,0.769,0.6,2.5,3.1,1,0.5,0.1,0.4,0.9,4.3
Jalen Brunson,SG,25,DAL,79,61,31.9,6.4,12.8,0.502,1.2,3.2,0.373,5.2,9.6,0.545,0.549,2.3,2.7,0.84,0.5,3.4,3.9,4.8,0.8,0,1.6,1.9,16.3
Thomas Bryant,C,24,WAS,27,9,16.3,2.9,5.5,0.52,0.4,1.6,0.286,2.4,3.9,0.613,0.561,1.3,1.5,0.875,1,3,4,0.9,0.2,0.8,0.7,1.6,7.4
Shaq Buchanan,SG,25,MEM,2,0,5,0.5,2,0.25,0,1,0,0.5,1,0.5,0.25,0,0,,0.5,0.5,1,1,0.5,0,1,0.5,1
Reggie Bullock,SF,30,DAL,68,37,28,3,7.4,0.401,2.1,5.8,0.36,0.9,1.6,0.55,0.542,0.6,0.7,0.833,0.5,3.1,3.5,1.2,0.6,0.2,0.6,1.6,8.6
Trey Burke,PG,29,DAL,42,0,10.5,2,5.1,0.391,0.6,2,0.317,1.4,3.2,0.436,0.451,0.5,0.5,0.87,0.1,0.7,0.8,1.4,0.3,0,0.6,0.9,5.1
Alec Burks,SG,30,NYK,81,44,28.6,3.5,9,0.391,1.9,4.8,0.404,1.6,4.2,0.378,0.499,2.7,3.3,0.822,0.6,4.3,4.9,3,1,0.3,1.1,2.7,11.7
Jared Butler,SG,21,UTA,42,1,8.6,1.5,3.6,0.404,0.7,2.1,0.318,0.8,1.5,0.524,0.497,0.3,0.4,0.688,0.1,1,1.1,1.5,0.4,0.2,0.8,1.1,3.8
Jimmy Butler,SF,32,MIA,57,57,33.9,7,14.5,0.48,0.5,2,0.233,6.5,12.5,0.52,0.496,6.9,8,0.87,1.8,4.1,5.9,5.5,1.6,0.5,2.1,1.5,21.4
Devontae Cacok,PF,25,SAS,15,0,8.1,1.4,2.1,0.677,0,0,,1.4,2.1,0.677,0.677,0.3,0.5,0.571,0.5,2.3,2.8,0.4,0.5,0.5,0.2,1.1,3.1
Kentavious Caldwell-Pope,SG,28,WAS,77,77,30.2,4.7,10.8,0.435,2.1,5.3,0.39,2.6,5.5,0.48,0.531,1.8,2,0.89,0.5,2.9,3.4,1.9,1.1,0.3,1.3,1.8,13.2
Facundo Campazzo,PG,30,DEN,65,4,18.2,1.6,4.6,0.361,0.9,3,0.301,0.8,1.6,0.476,0.459,0.9,1.2,0.769,0.4,1.4,1.8,3.4,1,0.4,1,1.9,5.1
Vlatko ?an?ar,PF,24,DEN,15,1,11.7,1.5,2.7,0.561,0.5,0.8,0.583,1.1,1.9,0.552,0.646,0.6,0.9,0.643,0.5,1.5,2.1,1.1,0.1,0.2,0.6,1.2,4.1
Devin Cannady,PG,25,ORL,5,0,29,3,8.8,0.341,3,7.4,0.405,0,1.4,0,0.511,1,1.4,0.714,0.2,1,1.2,2,1,0.6,1,1.8,10
Clint Capela,C,27,ATL,74,73,27.6,5,8.2,0.613,0,0,0,5,8.1,0.614,0.613,1.1,2.3,0.473,3.8,8.1,11.9,1.2,0.7,1.3,0.6,2.2,11.1
Vernon Carey Jr.,C,20,TOT,7,1,6.3,1,1.9,0.538,0,0,,1,1.9,0.538,0.538,0.9,1.9,0.462,1.1,0.6,1.7,0,0.3,0.1,0.4,0.6,2.9
Vernon Carey Jr.,C,20,CHO,4,1,4.3,0.8,1.5,0.5,0,0,,0.8,1.5,0.5,0.5,0.5,0.8,0.667,0.8,0.5,1.3,0,0.3,0,0.3,0.3,2
Vernon Carey Jr.,C,20,WAS,3,0,9,1.3,2.3,0.571,0,0,,1.3,2.3,0.571,0.571,1.3,3.3,0.4,1.7,0.7,2.3,0,0.3,0.3,0.7,1,4
Jevon Carter,PG,26,TOT,66,3,13.7,1.5,3.8,0.387,1,2.6,0.388,0.5,1.3,0.386,0.518,0.2,0.3,0.833,0.2,1.5,1.7,1.5,0.4,0.2,0.5,1,4.2
Jevon Carter,PG,26,BRK,46,1,12,1.3,3.8,0.333,0.9,2.8,0.331,0.3,1,0.34,0.454,0.2,0.2,0.7,0.2,1.3,1.5,1,0.3,0.2,0.6,1,3.6
Jevon Carter,PG,26,MIL,20,2,17.7,2,4,0.506,1.2,2.2,0.558,0.8,1.8,0.444,0.658,0.4,0.4,1,0.3,1.9,2.2,2.5,0.5,0.2,0.4,1.1,5.6
Wendell Carter Jr.,PF,22,ORL,62,61,29.9,5.8,11,0.525,1.1,3.5,0.327,4.7,7.6,0.615,0.576,2.3,3.3,0.691,2.2,8.2,10.5,2.8,0.6,0.7,1.9,2.7,15
Alex Caruso,SG,27,CHI,41,18,28,2.5,6.2,0.398,1,3.1,0.333,1.5,3.2,0.462,0.48,1.4,1.8,0.795,0.8,2.8,3.6,4,1.7,0.4,1.4,2.6,7.4
Willie Cauley-Stein,C,28,TOT,20,2,9.2,0.8,1.8,0.457,0.1,0.1,0.5,0.8,1.7,0.455,0.471,0.1,0.1,0.5,0.7,1.4,2,0.5,0.3,0.2,0.4,1,1.7
Willie Cauley-Stein,C,28,DAL,18,2,9.8,0.9,1.9,0.457,0.1,0.1,0.5,0.8,1.8,0.455,0.471,0.1,0.1,0.5,0.7,1.4,2.1,0.5,0.3,0.2,0.4,0.9,1.9
Willie Cauley-Stein,C,28,PHI,2,0,3,0,0,,0,0,,0,0,,,0,0,,0,1,1,0.5,0,0,0,1,0
Ahmad Caver,SG,25,IND,1,0,1,1,1,1,0,0,,1,1,1,1,0,0,,0,0,0,0,0,0,0,0,2
Justin Champagnie,SF,20,TOR,36,0,7.8,0.9,1.9,0.463,0.3,0.8,0.357,0.6,1.1,0.538,0.537,0.3,0.3,1,1,1,2,0.3,0.2,0.1,0.2,0.9,2.3
Zylan Cheatham,SF,26,UTA,1,0,5,0,3,0,0,2,0,0,1,0,0,0,0,,0,0,0,0,0,0,0,0,0
Chris Chiozza,PG,26,GSW,34,1,10.9,0.7,2.4,0.296,0.5,1.6,0.321,0.2,0.8,0.25,0.401,0.1,0.1,0.667,0.3,0.8,1.1,1.9,0.4,0,0.9,0.9,2
Marquese Chriss,PF,24,DAL,34,0,10.2,1.8,3.9,0.463,0.2,0.7,0.32,1.6,3.2,0.495,0.493,0.6,1,0.667,1,2.1,3,0.5,0.4,0.4,0.5,1.9,4.5
Josh Christopher,SG,20,HOU,74,2,18,3,6.8,0.448,0.8,2.6,0.296,2.3,4.2,0.54,0.504,1.1,1.5,0.735,0.7,1.8,2.5,2,0.9,0.2,1.5,1.3,7.9
Gary Clark,PF,27,NOP,38,1,9.9,0.9,2.3,0.375,0.7,1.8,0.4,0.1,0.5,0.278,0.534,0.2,0.3,0.7,0.6,1.8,2.4,0.5,0.3,0.2,0.3,0.5,2.7
Brandon Clarke,PF,25,MEM,64,1,19.5,4.5,7,0.644,0.1,0.3,0.227,4.4,6.6,0.666,0.65,1.3,2,0.654,2.1,3.2,5.3,1.3,0.6,1.1,0.5,1.9,10.4
Jordan Clarkson,SG,29,UTA,79,1,27.1,5.9,14.1,0.419,2.4,7.6,0.318,3.5,6.5,0.535,0.504,1.8,2.2,0.828,0.8,2.6,3.5,2.5,0.8,0.2,1.6,1.9,16
Nic Claxton,C,22,BRK,47,19,20.7,3.8,5.6,0.674,0,0,,3.8,5.6,0.674,0.674,1.1,2,0.581,1.9,3.7,5.6,0.9,0.5,1.1,0.8,2.3,8.7
Amir Coffey,SG,24,LAC,69,30,22.7,3.1,6.8,0.453,1.4,3.7,0.378,1.7,3.1,0.542,0.556,1.5,1.7,0.863,0.4,2.5,2.9,1.8,0.6,0.2,0.7,1.3,9
John Collins,PF,24,ATL,54,53,30.8,6.3,11.9,0.526,1.2,3.3,0.364,5.1,8.7,0.588,0.576,2.5,3.1,0.793,1.7,6.1,7.8,1.8,0.6,1,1.1,3,16.2
Zach Collins,C,24,SAS,28,4,17.9,2.7,5.5,0.49,0.5,1.5,0.341,2.2,4.1,0.544,0.535,1.9,2.3,0.8,1.6,3.8,5.5,2.2,0.5,0.8,1.6,2.4,7.8
Darren Collison,PG,34,LAL,3,0,12.3,0.7,2.3,0.286,0,1,0,0.7,1.3,0.5,0.286,0,0,,0,1.3,1.3,0.7,0.3,0,0.3,1.7,1.3
Mike Conley,PG,34,UTA,72,72,28.6,4.8,11,0.435,2.3,5.8,0.408,2.4,5.2,0.464,0.542,1.8,2.3,0.796,0.7,2.4,3,5.3,1.3,0.3,1.7,2,13.7
Pat Connaughton,SF,29,MIL,65,19,26,3.5,7.6,0.458,2.2,5.7,0.395,1.2,1.9,0.643,0.605,0.7,0.8,0.833,0.7,3.5,4.2,1.3,0.9,0.2,0.5,1.3,9.9
Tyler Cook,PF,24,CHI,20,2,10,1.2,1.9,0.605,0,0,,1.2,1.9,0.605,0.605,1.1,1.6,0.656,0.8,1.9,2.7,0.2,0.2,0.2,0.4,1.4,3.4
Sharife Cooper,PG,20,ATL,13,0,3,0.2,1.1,0.214,0.1,0.5,0.167,0.2,0.6,0.25,0.25,0,0,,0,0.4,0.4,0.4,0,0,0.4,0.1,0.5
Petr Cornelie,PF,26,DEN,13,0,2.9,0.4,1.2,0.333,0.1,0.6,0.125,0.3,0.5,0.571,0.367,0.2,0.3,0.75,0.5,0.5,1.1,0.2,0.1,0.1,0.3,0.5,1.1
DeMarcus Cousins,C,31,TOT,48,7,15,3.1,6.8,0.46,0.8,2.5,0.303,2.3,4.2,0.554,0.517,2,2.6,0.76,1.5,4.1,5.6,1.5,0.7,0.4,1.8,2.9,9
DeMarcus Cousins,C,31,MIL,17,5,16.9,3.2,6.9,0.466,0.8,2.8,0.271,2.5,4.1,0.6,0.521,1.8,2.2,0.816,1.4,4.4,5.8,1.1,0.9,0.5,0.9,2.7,9.1
DeMarcus Cousins,C,31,DEN,31,2,13.9,3,6.6,0.456,0.8,2.4,0.324,2.3,4.3,0.53,0.515,2.1,2.8,0.736,1.6,3.9,5.5,1.7,0.6,0.4,2.2,3,8.9
Robert Covington,PF,31,TOT,71,42,27.3,2.9,7,0.42,1.8,4.8,0.378,1.1,2.2,0.509,0.548,0.8,1,0.841,0.8,4.7,5.5,1.3,1.5,1.3,1.1,2.7,8.5
Robert Covington,PF,31,POR,48,40,29.8,2.7,7,0.381,1.6,4.8,0.343,1,2.2,0.462,0.499,0.6,0.8,0.833,0.9,4.9,5.7,1.4,1.5,1.3,1.2,2.8,7.6
Robert Covington,PF,31,LAC,23,2,22.1,3.5,7,0.5,2.1,4.7,0.45,1.4,2.3,0.604,0.651,1.2,1.4,0.848,0.8,4.3,5.1,1,1.3,1.2,0.7,2.5,10.4
Torrey Craig,SF,31,TOT,78,16,20.5,2.6,5.7,0.454,1,3,0.329,1.6,2.7,0.594,0.541,0.5,0.7,0.75,1.1,2.9,4,1.2,0.6,0.5,0.9,1.9,6.6
Torrey Craig,SF,31,IND,51,14,20.3,2.5,5.5,0.456,0.9,2.7,0.333,1.6,2.8,0.573,0.537,0.5,0.7,0.771,1.2,2.7,3.8,1.1,0.5,0.4,0.8,1.9,6.5
Torrey Craig,SF,31,PHO,27,2,20.8,2.7,5.9,0.45,1.1,3.6,0.323,1.5,2.4,0.641,0.547,0.4,0.6,0.706,1,3.3,4.3,1.2,0.8,0.6,1,2.1,6.9
Jae Crowder,PF,31,PHO,67,67,28.1,3.2,8.1,0.399,1.9,5.4,0.348,1.3,2.7,0.503,0.516,1.1,1.3,0.789,0.4,4.8,5.3,1.9,1.4,0.4,0.8,2.6,9.4
Jarrett Culver,SG,22,MEM,37,0,9.1,1.4,3.6,0.378,0.3,1.3,0.255,1.1,2.4,0.443,0.422,0.4,0.9,0.471,0.4,0.9,1.3,0.9,0.5,0.1,0.5,1.1,3.5
Jarron Cumberland,SG,24,POR,3,0,4,0.3,0.7,0.5,0,0.3,0,0.3,0.3,1,0.5,0,0,,0.3,0.7,1,0.3,0,0,0,0.7,0.7
Cade Cunningham,SG,20,DET,64,64,32.6,6.7,16.1,0.416,1.8,5.7,0.314,4.9,10.4,0.472,0.471,2.2,2.6,0.845,0.9,4.6,5.5,5.6,1.2,0.7,3.7,3.1,17.4
Seth Curry,SG,31,TOT,64,64,33.4,5.6,11.5,0.487,2.5,5.8,0.422,3.2,5.7,0.553,0.594,1.3,1.5,0.872,0.3,2.8,3.1,3.6,0.8,0.2,1.7,2.3,15
Seth Curry,SG,31,PHI,45,45,34.8,5.7,11.7,0.485,2.2,5.6,0.4,3.5,6.2,0.561,0.58,1.4,1.6,0.877,0.4,3,3.4,4,0.8,0.2,1.9,2.2,15
Seth Curry,SG,31,BRK,19,19,29.9,5.5,11.1,0.493,3.1,6.5,0.468,2.4,4.6,0.529,0.63,0.9,1.1,0.857,0.2,2.4,2.6,2.6,0.9,0.2,1.3,2.5,14.9
Stephen Curry,PG,33,GSW,64,64,34.5,8.4,19.1,0.437,4.5,11.7,0.38,3.9,7.4,0.527,0.554,4.3,4.7,0.923,0.5,4.7,5.2,6.3,1.3,0.4,3.2,2,25.5
Anthony Davis,C,28,LAL,40,40,35.1,9.3,17.4,0.532,0.3,1.8,0.186,8.9,15.6,0.571,0.542,4.4,6.1,0.713,2.7,7.2,9.9,3.1,1.2,2.3,2.1,2.4,23.2
Ed Davis,C,32,CLE,31,3,6.5,0.4,0.5,0.688,0,0,,0.4,0.5,0.688,0.688,0.2,0.5,0.429,0.5,1.6,2.1,0.2,0.1,0.3,0.2,1.1,0.9
Terence Davis,SG,24,SAC,30,11,17.9,3.8,8.9,0.423,1.6,5,0.329,2.1,3.9,0.542,0.515,1.2,1.5,0.818,0.4,2.8,3.1,1.3,0.8,0.4,1.1,2.3,10.4
Gabriel Deck,PF,26,OKC,7,0,8,1.1,2,0.571,0.3,0.6,0.5,0.9,1.4,0.6,0.643,0,0,,0.1,0.7,0.9,0.7,0.1,0,0.3,0.3,2.6
Dewayne Dedmon,C,32,MIA,67,15,15.9,2.4,4.3,0.566,0.3,0.7,0.404,2.2,3.6,0.597,0.598,1.1,1.5,0.75,1.6,4.2,5.8,0.7,0.4,0.6,1,2.6,6.3
Sam Dekker,PF,27,TOR,1,0,1,0,0,,0,0,,0,0,,,0,0,,0,0,0,0,0,0,0,0,0
Javin DeLaurier,C,23,MIL,1,0,3,0,0,,0,0,,0,0,,,0,0,,0,1,1,0,1,0,0,1,0
DeMar DeRozan,PF,32,CHI,76,76,36.1,10.2,20.2,0.504,0.7,1.9,0.352,9.5,18.3,0.52,0.521,6.8,7.8,0.877,0.7,4.4,5.2,4.9,0.9,0.3,2.4,2.3,27.9
Mamadi Diakite,PF,25,OKC,13,3,14.5,1.9,3.6,0.532,0,0.4,0,1.9,3.2,0.595,0.532,0.5,0.8,0.545,1.3,3.2,4.5,0.2,0.4,0.7,0.5,2.5,4.3
Cheick Diallo,C,25,DET,3,0,10.3,1,2.7,0.375,0,0,,1,2.7,0.375,0.375,1.7,2,0.833,1.3,2.7,4,0,0.3,0,0.3,2,3.7
Hamidou Diallo,SG,23,DET,58,29,21.9,4.5,9.1,0.496,0.4,1.6,0.247,4.1,7.5,0.55,0.518,1.6,2.4,0.65,1.2,3.6,4.8,1.3,1.2,0.3,1,2.5,11
Gorgui Dieng,C,32,ATL,44,3,8.4,1.2,2.5,0.473,0.7,1.5,0.426,0.5,1,0.545,0.603,0.4,0.6,0.731,0.7,2,2.8,0.8,0.3,0.3,0.5,1.2,3.5
Spencer Dinwiddie,PG-SG,28,TOT,67,51,29.6,4.6,11,0.416,1.7,4.9,0.339,2.9,6,0.479,0.493,2.9,3.8,0.774,0.7,3.5,4.2,5.2,0.7,0.2,1.6,2.2,13.7
Spencer Dinwiddie,PG,28,WAS,44,44,30.2,4.2,11.2,0.376,1.6,5.1,0.31,2.6,6,0.432,0.447,2.6,3.3,0.811,0.8,3.9,4.7,5.8,0.6,0.2,1.7,2.4,12.6
Spencer Dinwiddie,SG,28,DAL,23,7,28.3,5.3,10.6,0.498,1.8,4.5,0.404,3.4,6,0.568,0.584,3.4,4.7,0.725,0.4,2.7,3.1,3.9,0.7,0.3,1.3,1.9,15.8
Donte DiVincenzo,SG,25,TOT,42,1,24,2.8,8,0.351,1.8,5.2,0.339,1,2.8,0.373,0.461,1.7,2,0.843,1,3.1,4,2.8,1.1,0.2,1.7,1.6,9
Donte DiVincenzo,SG,25,MIL,17,0,20.1,2.3,6.9,0.331,1.2,4.4,0.284,1.1,2.6,0.409,0.419,1.4,1.6,0.852,1.1,2.5,3.5,1.7,0.6,0.2,1.6,1.5,7.2
Donte DiVincenzo,SG,25,SAC,25,1,26.6,3.2,8.7,0.362,2.1,5.8,0.368,1,3,0.351,0.484,1.9,2.2,0.839,0.9,3.5,4.4,3.6,1.5,0.2,1.8,1.7,10.3
Luka Don?i?,PG,22,DAL,65,65,35.4,9.9,21.6,0.457,3.1,8.8,0.353,6.8,12.8,0.528,0.529,5.6,7.5,0.744,0.9,8.3,9.1,8.7,1.2,0.6,4.5,2.2,28.4
Luguentz Dort,SG,22,OKC,51,51,32.6,5.7,14.2,0.404,2.5,7.7,0.332,3.2,6.6,0.487,0.493,3.2,3.7,0.843,0.7,3.4,4.2,1.7,0.9,0.4,1.7,2.9,17.2
Ayo Dosunmu,SG,22,CHI,77,40,27.4,3.6,6.9,0.52,0.9,2.4,0.376,2.7,4.5,0.596,0.585,0.7,1,0.679,0.4,2.4,2.8,3.3,0.8,0.4,1.4,2.4,8.8
Damyean Dotson,SG,27,NYK,2,0,10.5,1,2,0.5,0,0.5,0,1,1.5,0.667,0.5,0,0,,0,1,1,0.5,0,0,0,0,2
Devon Dotson,PG,22,CHI,11,0,7.7,1,2.1,0.478,0.2,0.8,0.222,0.8,1.3,0.643,0.522,0.5,0.8,0.556,0.1,0.7,0.8,1.4,0.1,0,0.5,1,2.6
Sekou Doumbouya,PF,21,LAL,2,0,8,2.5,4,0.625,0.5,1,0.5,2,3,0.667,0.688,1.5,2,0.75,1,2,3,0,1.5,1,1,0.5,7
Jeff Dowtin,PG,24,TOT,9,0,12,0.9,2.9,0.308,0.1,1,0.111,0.8,1.9,0.412,0.327,0.2,0.2,1,0.9,1.1,2,1.1,0.6,0.1,0.6,0.6,2.1
Jeff Dowtin,PG,24,GSW,4,0,7,0.8,1.5,0.5,0,0.3,0,0.8,1.3,0.6,0.5,0,0,,0.3,1.5,1.8,0.8,0,0.3,0.3,0.5,1.5
Jeff Dowtin,PG,24,MIL,1,0,3,0,1,0,0,1,0,0,0,,0,0,0,,0,0,0,0,0,0,0,0,0
Jeff Dowtin,PG,24,ORL,4,0,19.3,1.3,4.8,0.263,0.3,1.8,0.143,1,3,0.333,0.289,0.5,0.5,1,1.8,1,2.8,1.8,1.3,0,1,0.8,3.3
PJ Dozier,SG,25,DEN,18,0,18.9,2,5.5,0.364,0.8,2.7,0.313,1.2,2.8,0.412,0.439,0.6,0.7,0.769,0.8,2.7,3.5,1.6,0.6,0.3,0.7,1.8,5.4
Goran Dragi?,PG,35,TOT,21,8,23.7,2.7,7.2,0.377,0.8,3,0.254,2,4.2,0.466,0.43,1.3,1.6,0.818,0.6,2.5,3.1,4.1,0.9,0.2,1.6,2.1,7.5
Goran Dragi?,PG,35,TOR,5,2,18,2.6,6.8,0.382,0.8,2.8,0.286,1.8,4,0.45,0.441,2,2,1,0.4,2.4,2.8,1.8,1,0.2,0.2,1.6,8
Goran Dragi?,PG,35,BRK,16,6,25.5,2.8,7.3,0.376,0.8,3.1,0.245,2,4.3,0.471,0.427,1.1,1.4,0.739,0.7,2.5,3.2,4.8,0.9,0.2,2.1,2.3,7.3
Andre Drummond,C,28,TOT,73,36,19.7,3.4,5.9,0.57,0,0,0,3.4,5.9,0.574,0.57,1.2,2.2,0.524,3.1,6.2,9.3,1.8,1.1,0.9,1.6,2.6,7.9
Andre Drummond,C,28,PHI,49,12,18.4,2.6,4.9,0.538,0,0,0,2.6,4.8,0.542,0.538,0.9,1.7,0.512,2.8,6.1,8.8,2,1.1,0.9,1.6,2.5,6.1
Andre Drummond,C,28,BRK,24,24,22.3,5,8.1,0.61,0,0,0,5,8.1,0.613,0.61,1.8,3.4,0.537,3.9,6.4,10.3,1.4,0.9,1,1.5,3,11.8
Chris Duarte,SG,24,IND,55,39,28,4.9,11.3,0.432,1.7,4.6,0.369,3.2,6.7,0.475,0.507,1.6,2,0.804,0.7,3.4,4.1,2.1,1,0.2,1.6,1.7,13.1
David Duke Jr.,PG,22,BRK,22,7,15.5,1.8,4.9,0.361,0.4,1.7,0.243,1.4,3.2,0.423,0.403,0.8,1,0.81,1.4,1.7,3,0.8,0.6,0.3,0.4,1.6,4.7
Kris Dunn,PG,27,POR,14,3,24,3.1,7.3,0.431,0.1,0.8,0.091,3.1,6.5,0.473,0.436,1.2,1.3,0.944,0.6,2.9,3.5,5.6,1.6,0.2,2.3,2.7,7.6
Kevin Durant,PF,33,BRK,55,55,37.2,10.5,20.3,0.518,2.1,5.5,0.383,8.4,14.8,0.568,0.57,6.8,7.4,0.91,0.5,6.9,7.4,6.4,0.9,0.9,3.5,2.1,29.9
Jaime Echenique,C,24,WAS,1,0,3,0,0,,0,0,,0,0,,,0,0,,0,0,0,0,0,0,0,0,0
Anthony Edwards,SG,20,MIN,72,72,34.3,7.6,17.3,0.441,3,8.4,0.357,4.6,8.9,0.519,0.527,3.1,3.9,0.786,0.9,3.9,4.8,3.8,1.5,0.6,2.6,2.3,21.3
Carsen Edwards,SG,23,DET,4,0,19.8,2.3,7.5,0.3,1,4,0.25,1.3,3.5,0.357,0.367,0.3,0.3,1,0.5,1,1.5,3.5,0.5,0,1.3,1,5.8
Kessler Edwards,SF,21,BRK,48,23,20.6,2.3,5.6,0.412,1,2.8,0.353,1.3,2.7,0.473,0.502,0.3,0.4,0.842,0.9,2.7,3.6,0.6,0.6,0.5,0.9,1.8,5.9
Rob Edwards,SG,25,OKC,2,0,5.5,0.5,2,0.25,0.5,2,0.25,0,0,,0.375,0,0,,0,1.5,1.5,0,0,0,0.5,0,1.5
CJ Elleby,SF,21,POR,58,28,20.2,2.1,5.3,0.393,0.6,2.2,0.294,1.4,3.1,0.462,0.453,1,1.4,0.714,1.1,2.8,3.9,1.5,0.6,0.3,1,2,5.8
Wayne Ellington,SG,34,LAL,43,9,18.8,2.3,5.5,0.414,1.9,4.9,0.389,0.4,0.6,0.615,0.586,0.2,0.3,0.818,0.2,1.6,1.8,0.7,0.5,0.1,0.4,1,6.7
Joel Embiid,C,27,PHI,68,68,33.8,9.8,19.6,0.499,1.4,3.7,0.371,8.4,15.9,0.529,0.534,9.6,11.8,0.814,2.1,9.6,11.7,4.2,1.1,1.5,3.1,2.7,30.6
James Ennis III,SF,31,TOT,7,0,8,1.6,3.4,0.458,0.4,1.1,0.375,1.1,2.3,0.5,0.521,0.6,0.7,0.8,0.7,1,1.7,0.4,0.3,0.3,0.3,0.7,4.1
James Ennis III,SF,31,BRK,2,0,7,1,3.5,0.286,0.5,1,0.5,0.5,2.5,0.2,0.357,0,0,,1,1.5,2.5,0,0.5,0.5,0,0,2.5
James Ennis III,SF,31,LAC,2,0,14,3.5,5.5,0.636,1,2,0.5,2.5,3.5,0.714,0.727,2,2,1,1,1.5,2.5,0,0.5,0.5,0.5,2,10
James Ennis III,SF,31,DEN,3,0,4.7,0.7,2,0.333,0,0.7,0,0.7,1.3,0.5,0.333,0,0.3,0,0.3,0.3,0.7,1,0,0,0.3,0.3,1.3
Drew Eubanks,C,24,TOT,71,31,17.5,3.1,5.2,0.596,0.1,0.3,0.217,3,4.9,0.621,0.602,1.4,1.8,0.762,1.8,3.5,5.4,1.2,0.4,0.6,1.1,1.7,7.7
Drew Eubanks,C,24,SAS,49,9,12.1,1.7,3.2,0.528,0,0.2,0.125,1.7,3.1,0.55,0.531,1.2,1.6,0.747,1.3,2.7,4,1,0.3,0.6,0.9,1.2,4.7
Drew Eubanks,C,24,POR,22,22,29.5,6.2,9.6,0.646,0.2,0.7,0.267,6,9,0.675,0.656,1.8,2.3,0.784,3,5.5,8.5,1.6,0.8,0.5,1.6,2.8,14.5
Tacko Fall,C,26,CLE,11,1,5.4,0.5,1.1,0.417,0,0,,0.5,1.1,0.417,0.417,0.2,0.6,0.286,0.6,1.5,2.1,0.2,0,0.5,0.3,0.3,1.1
Derrick Favors,C,30,OKC,39,18,16.7,2.4,4.7,0.516,0.1,0.4,0.125,2.4,4.3,0.554,0.522,0.4,0.6,0.64,1.5,3.2,4.7,0.6,0.4,0.3,0.2,1.6,5.3
Bruno Fernando,C,23,TOT,30,0,5.1,1.2,1.8,0.655,0,0.1,0.5,1.2,1.8,0.66,0.664,0.5,0.8,0.625,0.6,1.2,1.8,0.2,0,0.4,0.5,0.8,2.9
Bruno Fernando,C,23,BOS,20,0,2.9,0.4,0.7,0.5,0.1,0.1,1,0.3,0.7,0.462,0.536,0.2,0.3,0.8,0.4,0.4,0.8,0.2,0,0.2,0.3,0.3,1
Bruno Fernando,C,23,HOU,10,0,9.4,2.9,4.1,0.707,0,0.1,0,2.9,4,0.725,0.707,1.1,1.9,0.579,1.1,2.9,4,0.3,0.1,0.8,0.9,1.8,6.9
Dorian Finney-Smith,PF,28,DAL,80,80,33.1,4.1,8.7,0.471,2.2,5.4,0.395,1.9,3.2,0.599,0.595,0.7,1,0.675,1.5,3.2,4.7,1.9,1.1,0.5,1,2.3,11
Malik Fitts,PF,24,TOT,15,0,4.2,0.5,1.3,0.421,0.3,0.7,0.5,0.2,0.6,0.333,0.553,0,0,,0.1,1,1.1,0.3,0,0,0.1,0.3,1.4
Malik Fitts,PF,24,UTA,7,0,5,0.3,1.3,0.222,0.3,0.6,0.5,0,0.7,0,0.333,0,0,,0,1.4,1.4,0,0,0,0.3,0.4,0.9
Malik Fitts,PF,24,BOS,8,0,3.5,0.8,1.3,0.6,0.4,0.8,0.5,0.4,0.5,0.75,0.75,0,0,,0.3,0.6,0.9,0.6,0,0,0,0.1,1.9
Malachi Flynn,PG,23,TOR,44,5,12.2,1.6,4.2,0.393,0.7,2,0.333,1,2.1,0.452,0.475,0.3,0.5,0.625,0.2,1.2,1.4,1.6,0.5,0.1,0.3,1,4.3
Bryn Forbes,SG,28,TOT,75,2,17.1,3.1,7.2,0.429,1.6,3.9,0.414,1.5,3.3,0.447,0.542,1.1,1.2,0.908,0.1,1.1,1.2,1,0.3,0.1,0.7,1.3,8.8
Bryn Forbes,SG,28,SAS,40,1,16.9,3.2,7.4,0.432,1.6,3.8,0.417,1.6,3.6,0.448,0.539,1.1,1.2,0.898,0.1,1.5,1.6,1,0.4,0.1,0.8,1.1,9.1
Bryn Forbes,SG,28,DEN,35,1,17.4,2.9,6.9,0.424,1.7,4.1,0.41,1.3,2.8,0.444,0.545,1,1.1,0.921,0.2,0.7,0.9,1,0.2,0.1,0.7,1.5,8.6
Aleem Ford,SF,24,ORL,5,0,14.8,1.2,4,0.3,0.4,3,0.133,0.8,1,0.8,0.35,0,0,,0.4,2.6,3,0.4,0.2,0,0.8,1.4,2.8
Trent Forrest,PG,23,UTA,60,6,12.8,1.3,2.6,0.49,0.1,0.5,0.185,1.2,2.1,0.555,0.506,0.6,0.8,0.792,0.4,1.3,1.7,1.8,0.5,0.1,0.8,0.7,3.3
Evan Fournier,SG,29,NYK,80,80,29.5,5,12.1,0.417,3,7.7,0.389,2,4.3,0.465,0.541,1,1.4,0.708,0.4,2.2,2.6,2.1,1,0.3,1.3,2.3,14.1
De'Aaron Fox,PG,24,SAC,59,59,35.3,8.7,18.5,0.473,1.3,4.2,0.297,7.5,14.3,0.524,0.506,4.4,5.9,0.75,0.4,3.5,3.9,5.6,1.2,0.4,2.8,2.9,23.2
Melvin Frazier,SG,25,OKC,3,0,40,4.3,16,0.271,0.3,7,0.048,4,9,0.444,0.281,1.7,2.3,0.714,1.7,2.7,4.3,0.3,0.3,0,1,2.7,10.7
Tim Frazier,PG,31,TOT,12,3,17.3,1.2,3.8,0.311,0.5,1.4,0.353,0.7,2.3,0.286,0.378,0.4,0.8,0.556,0.4,1.2,1.6,2.8,0.3,0.1,1.3,2.3,3.3
Tim Frazier,PG,31,ORL,10,3,20,1.3,4.3,0.302,0.6,1.7,0.353,0.7,2.6,0.269,0.372,0.5,0.9,0.556,0.5,1.4,1.9,3.3,0.3,0.1,1.3,2.4,3.7
Tim Frazier,PG,31,CLE,2,0,4,0.5,1,0.5,0,0,,0.5,1,0.5,0.5,0,0,,0,0,0,0.5,0,0,1,1.5,1
Enes Freedom,C,29,BOS,35,1,11.7,1.5,2.8,0.526,0.1,0.1,0.4,1.4,2.6,0.533,0.536,0.7,0.8,0.857,1.7,2.8,4.6,0.2,0.1,0.4,0.6,1.2,3.7
Markelle Fultz,PG,23,ORL,18,3,20,4.6,9.7,0.474,0.2,0.9,0.235,4.4,8.8,0.5,0.486,1.4,1.7,0.806,0.2,2.5,2.7,5.5,1.1,0.3,2.2,1.2,10.8
Wenyen Gabriel,PF,24,TOT,26,5,13.8,2.1,4.2,0.491,0.3,1.1,0.286,1.8,3.2,0.561,0.527,1,1.6,0.595,1.5,2.2,3.7,0.5,0.2,0.4,0.6,2.6,5.4
Wenyen Gabriel,PF,24,BRK,1,0,1,0,0,,0,0,,0,0,,,0,0,,0,1,1,0,0,0,0,0,0
Wenyen Gabriel,PF,24,LAC,6,0,7.7,0.8,2.2,0.385,0.3,0.8,0.4,0.5,1.3,0.375,0.462,0.3,0.7,0.5,0.8,1.5,2.3,0.3,0.2,0.3,0.5,1.8,2.3
Wenyen Gabriel,PF,24,LAL,19,5,16.4,2.6,5.1,0.505,0.3,1.2,0.261,2.3,3.9,0.581,0.536,1.2,2,0.605,1.8,2.5,4.3,0.6,0.2,0.5,0.7,3,6.7
Daniel Gafford,C,23,WAS,72,53,20.1,4,5.7,0.693,0,0,0,4,5.7,0.695,0.693,1.5,2.1,0.699,2.2,3.5,5.7,0.9,0.4,1.4,0.9,2.4,9.4
Danilo Gallinari,PF,33,ATL,66,18,25.3,3.9,9,0.434,1.7,4.5,0.381,2.2,4.6,0.485,0.528,2.1,2.4,0.904,0.5,4.1,4.7,1.5,0.4,0.2,0.6,1.4,11.7
Langston Galloway,SG,30,TOT,7,0,15.3,0.9,3.7,0.231,0.3,2.3,0.125,0.6,1.4,0.4,0.269,0,0,,0.4,2.1,2.6,1.7,0.1,0,0.9,1,2
Langston Galloway,SG,30,BRK,4,0,14.5,1.3,3.3,0.385,0.5,2,0.25,0.8,1.3,0.6,0.462,0,0,,0.3,1.8,2,1.3,0,0,1.3,1.3,3
Langston Galloway,SG,30,MIL,3,0,16.3,0.3,4.3,0.077,0,2.7,0,0.3,1.7,0.2,0.077,0,0,,0.7,2.7,3.3,2.3,0.3,0,0.3,0.7,0.7
Darius Garland,PG,22,CLE,68,68,35.7,8,17.3,0.462,2.6,6.7,0.383,5.4,10.6,0.512,0.536,3.2,3.5,0.892,0.6,2.7,3.3,8.6,1.3,0.1,3.6,1.7,21.7
Marcus Garrett,SG,23,MIA,12,0,10.7,0.4,1.8,0.238,0.1,0.3,0.25,0.3,1.4,0.235,0.262,0.2,0.4,0.4,0.8,1.2,1.9,0.6,0.4,0.3,0.2,1.3,1.1
Usman Garuba,PF,19,HOU,24,2,10,0.8,1.8,0.432,0.2,0.8,0.25,0.6,1,0.583,0.489,0.2,0.3,0.714,0.9,2.6,3.5,0.7,0.4,0.5,0.3,1.2,2
Luka Garza,C,23,DET,32,5,12.2,2.1,4.6,0.449,0.5,1.5,0.327,1.6,3.1,0.51,0.503,1.2,1.9,0.623,1.8,1.3,3.1,0.6,0.3,0.2,0.6,1.7,5.8
Rudy Gay,PF,35,UTA,55,1,18.9,2.9,6.9,0.414,1.3,3.7,0.345,1.6,3.2,0.494,0.507,1.1,1.4,0.785,1,3.4,4.4,1,0.5,0.3,0.9,1.7,8.1
Paul George,PF,31,LAC,31,31,34.7,8.6,20.5,0.421,2.9,8.3,0.354,5.7,12.2,0.467,0.493,4.1,4.8,0.858,0.4,6.5,6.9,5.7,2.2,0.4,4.1,2.4,24.3
Taj Gibson,C,36,NYK,52,4,18.2,1.7,3.2,0.518,0.3,0.7,0.395,1.4,2.5,0.555,0.563,0.8,1,0.808,1.7,2.7,4.4,0.6,0.4,0.8,0.5,2.6,4.4
Josh Giddey,SF,19,OKC,54,54,31.5,5.2,12.4,0.419,1,3.9,0.263,4.2,8.5,0.492,0.461,1,1.5,0.709,1.8,6,7.8,6.4,0.9,0.4,3.2,1.6,12.5
Shai Gilgeous-Alexander,PG,23,OKC,56,56,34.7,8.5,18.8,0.453,1.6,5.3,0.3,6.9,13.5,0.514,0.496,5.9,7.2,0.81,0.7,4.3,5,5.9,1.3,0.8,2.8,2.5,24.5
Anthony Gill,PF,29,WAS,44,0,10.5,1.4,2.5,0.569,0.3,0.6,0.538,1.1,1.9,0.578,0.633,1,1.2,0.808,0.8,1.2,1.9,0.6,0.1,0.3,0.4,1.3,4.1
Freddie Gillespie,PF,24,ORL,9,2,13.2,1,2.4,0.409,0,0.1,0,1,2.3,0.429,0.409,0.3,0.8,0.429,1.4,2.6,4,0.6,0.3,1,0.6,2,2.3
Rudy Gobert,C,29,UTA,66,66,32.1,5.5,7.7,0.713,0,0.1,0,5.5,7.6,0.718,0.713,4.6,6.7,0.69,3.7,11,14.7,1.1,0.7,2.1,1.8,2.7,15.6
Brandon Goodwin,PG,26,CLE,36,5,13.9,1.8,4.3,0.416,0.5,1.5,0.345,1.3,2.8,0.455,0.477,0.7,1.1,0.632,0.4,1.5,1.9,2.5,0.7,0,1,1.1,4.8
Jordan Goodwin,SG,23,WAS,2,0,3,0,1.5,0,0,0.5,0,0,1,0,0,0,0,,0,0.5,0.5,0,0,0,0,0.5,0
Aaron Gordon,PF,26,DEN,75,75,31.7,5.8,11.1,0.52,1.2,3.5,0.335,4.6,7.7,0.605,0.573,2.3,3.1,0.743,1.7,4.2,5.9,2.5,0.6,0.6,1.8,2,15
Eric Gordon,SG,33,HOU,57,46,29.3,4.7,9.9,0.475,2.2,5.3,0.412,2.5,4.6,0.548,0.585,1.8,2.4,0.778,0.3,1.7,2,2.7,0.5,0.3,1.9,1.1,13.4
Devonte' Graham,PG,26,NOP,76,63,28.4,3.9,10.7,0.363,2.5,7.4,0.341,1.4,3.3,0.413,0.481,1.6,1.8,0.843,0.5,1.8,2.3,4.2,0.9,0.2,1.4,1.3,11.9
Jerami Grant,PF,27,DET,47,47,31.9,6.3,14.9,0.426,1.9,5.4,0.358,4.4,9.5,0.465,0.491,4.6,5.5,0.838,0.6,3.5,4.1,2.4,0.9,1,1.8,2.3,19.2
Hassani Gravett,PG,25,ORL,8,3,21.4,2.3,4.8,0.474,1.4,3.3,0.423,0.9,1.5,0.583,0.618,0.4,0.5,0.75,0.1,2.5,2.6,2.5,0.6,0.1,1.1,1.6,6.3
Danny Green,SF,34,PHI,62,28,21.8,2,5.2,0.394,1.7,4.4,0.38,0.4,0.8,0.469,0.555,0.2,0.2,0.786,0.5,2,2.5,1,1,0.6,0.7,1.7,5.9
Draymond Green,PF,31,GSW,46,44,28.9,2.9,5.6,0.525,0.3,1.2,0.296,2.6,4.4,0.586,0.556,1.3,2,0.659,1,6.3,7.3,7,1.3,1.1,3,3,7.5
Jalen Green,SG,19,HOU,67,67,31.9,6.1,14.2,0.426,2.3,6.8,0.343,3.7,7.4,0.502,0.508,2.8,3.5,0.797,0.5,2.9,3.4,2.6,0.7,0.3,2,1.5,17.3
JaMychal Green,PF,31,DEN,67,8,16.2,2.4,4.9,0.486,0.5,1.9,0.266,1.9,3,0.621,0.537,1.2,1.4,0.871,1.2,3,4.2,0.9,0.6,0.4,0.9,2.4,6.4
Javonte Green,SF,28,CHI,65,45,23.4,2.7,5,0.542,0.6,1.6,0.356,2.2,3.4,0.625,0.597,1.2,1.5,0.833,1.4,2.8,4.2,0.9,1,0.5,0.5,2,7.2
Jeff Green,PF,35,DEN,75,63,24.7,3.7,7.1,0.524,0.7,2.2,0.315,3,4.8,0.62,0.574,2.2,2.6,0.833,0.5,2.5,3.1,1.3,0.4,0.4,0.9,2,10.3
Josh Green,SG,21,DAL,67,3,15.5,1.9,3.8,0.508,0.4,1.2,0.359,1.5,2.7,0.573,0.563,0.5,0.7,0.689,0.8,1.6,2.4,1.2,0.7,0.2,0.7,1.7,4.8
Blake Griffin,C,32,BRK,56,24,17.1,2.4,5.6,0.425,0.7,2.6,0.262,1.7,3,0.565,0.486,1,1.4,0.724,1.1,3,4.1,1.9,0.5,0.3,0.6,1.7,6.4
Quentin Grimes,SG,21,NYK,46,6,17.1,2.1,5.1,0.404,1.6,4.1,0.381,0.5,1,0.5,0.557,0.3,0.4,0.684,0.5,1.5,2,1,0.7,0.2,0.6,1.6,6
Kyle Guy,SG,24,MIA,19,0,9.8,1.4,3.4,0.4,0.7,2.1,0.35,0.6,1.3,0.48,0.508,0.4,0.6,0.667,0.2,0.7,0.9,0.9,0.4,0.1,0.7,0.6,3.9
Rui Hachimura,PF,23,WAS,42,13,22.5,4.5,9.1,0.491,1.3,2.9,0.447,3.1,6.1,0.512,0.563,1.1,1.6,0.697,0.6,3.2,3.8,1.1,0.5,0.2,0.8,1.3,11.3
Tyrese Haliburton,SG-PG,21,TOT,77,77,35,5.6,11.8,0.473,2.1,5.1,0.414,3.5,6.8,0.517,0.562,2.1,2.5,0.842,0.8,3.2,4,8.2,1.7,0.6,2.6,1.6,15.3
Tyrese Haliburton,SG,21,SAC,51,51,34.5,5.3,11.5,0.457,2,4.9,0.413,3.2,6.5,0.491,0.546,1.7,2,0.837,0.8,3.1,3.9,7.4,1.7,0.7,2.3,1.4,14.3
Tyrese Haliburton,PG,21,IND,26,26,36.1,6.2,12.4,0.502,2.2,5.3,0.416,4,7.2,0.565,0.59,2.8,3.3,0.849,0.8,3.5,4.3,9.6,1.8,0.6,3.2,1.9,17.5
Tyler Hall,SG,24,NYK,1,0,2,0,0,,0,0,,0,0,,,0,0,,0,0,0,0,0,0,0,0,0
R.J. Hampton,SG,20,ORL,64,14,21.9,2.7,7.1,0.383,1,2.9,0.35,1.7,4.3,0.405,0.453,1.2,1.8,0.641,0.4,2.7,3,2.5,0.7,0.2,1.4,1.6,7.6
Tim Hardaway Jr.,SG,29,DAL,42,20,29.6,5,12.6,0.394,2.4,7.2,0.336,2.5,5.4,0.473,0.491,1.9,2.5,0.757,0.3,3.4,3.7,2.2,0.9,0.1,0.8,1.8,14.2
James Harden,PG,32,TOT,65,65,37.2,6.3,15.3,0.41,2.3,6.9,0.33,4,8.4,0.476,0.485,7.2,8.2,0.877,0.8,6.8,7.7,10.3,1.3,0.6,4.4,2.4,22
James Harden,PG,32,BRK,44,44,37,6.6,16,0.414,2.3,7,0.332,4.3,9.1,0.476,0.486,6.9,8,0.869,1,7,8,10.2,1.3,0.7,4.8,2.4,22.5
James Harden,PG,32,PHI,21,21,37.7,5.5,13.6,0.402,2.2,6.7,0.326,3.3,6.9,0.476,0.483,7.9,8.9,0.892,0.6,6.5,7.1,10.5,1.2,0.2,3.4,2.3,21
Maurice Harkless,SF,28,SAC,47,24,18.4,1.8,3.9,0.459,0.7,2.1,0.307,1.1,1.7,0.65,0.544,0.4,0.6,0.714,0.3,2.1,2.4,0.5,0.6,0.5,0.7,1.6,4.6
Jared Harper,PG,24,NOP,5,0,8.6,2.8,5.2,0.538,1,2.4,0.417,1.8,2.8,0.643,0.635,0.8,0.8,1,0.4,0,0.4,2.8,0.8,0.2,0.4,1,7.4
Montrezl Harrell,C,28,TOT,71,3,23.1,5,7.8,0.645,0.1,0.2,0.235,5,7.6,0.658,0.649,3,4.2,0.716,2.1,4,6.1,2,0.4,0.6,1,1.9,13.1
Montrezl Harrell,C,28,WAS,46,3,24.3,5.4,8.3,0.645,0.1,0.3,0.267,5.3,8,0.66,0.65,3.2,4.5,0.727,2.1,4.6,6.7,2.1,0.4,0.7,1.1,1.9,14.1
Montrezl Harrell,C,28,CHO,25,0,21,4.4,6.9,0.645,0,0.1,0,4.4,6.8,0.653,0.645,2.5,3.6,0.692,2.1,2.8,4.9,2,0.4,0.5,0.9,2,11.4
Gary Harris,SG,27,ORL,61,30,28.4,3.9,9.1,0.434,1.9,5,0.384,2,4.1,0.494,0.539,1.4,1.6,0.874,0.6,1.4,2,1.8,1,0.1,1,1.8,11.1
Joe Harris,SF,30,BRK,14,14,30.2,4,8.9,0.452,2.9,6.3,0.466,1.1,2.6,0.417,0.617,0.4,0.4,0.833,0.4,3.6,4,1,0.5,0.1,1.1,2.2,11.3
Tobias Harris,PF,29,PHI,73,73,34.8,6.8,14,0.482,1.4,3.8,0.367,5.4,10.2,0.525,0.532,2.3,2.8,0.842,1.1,5.7,6.8,3.5,0.6,0.6,1.6,2.2,17.2
Shaquille Harrison,SG,28,BRK,2,0,11.5,1,3,0.333,0,1,0,1,2,0.5,0.333,0,0,,0.5,1.5,2,1.5,0.5,0.5,1,1.5,2
Josh Hart,SG,26,TOT,54,53,33.2,5.3,10.5,0.504,1.4,3.9,0.343,4,6.6,0.601,0.569,3,3.9,0.758,1.1,6,7.2,4.1,1.1,0.2,2.1,2.8,14.9
Josh Hart,SG,26,NOP,41,40,33.5,4.8,9.4,0.505,1,3.2,0.323,3.7,6.2,0.598,0.56,2.8,3.8,0.753,1.3,6.5,7.8,4.1,1.1,0.3,2,2.9,13.4
Josh Hart,SG,26,POR,13,13,32.1,7.1,14.1,0.503,2.4,6.4,0.373,4.7,7.7,0.61,0.587,3.4,4.4,0.772,0.7,4.7,5.4,4.3,1.2,0.2,2.5,2.5,19.9
Isaiah Hartenstein,C,23,LAC,68,0,17.9,3.4,5.4,0.626,0.2,0.4,0.467,3.2,4.9,0.64,0.645,1.3,1.9,0.689,1.7,3.2,4.9,2.4,0.7,1.1,1.2,2.5,8.3
Udonis Haslem,C,41,MIA,13,0,6.4,1.1,2.4,0.452,0.1,0.3,0.25,1,2.1,0.481,0.468,0.2,0.2,1,0.3,1.6,1.9,0.3,0.1,0.1,0.4,1.2,2.5
Sam Hauser,SF,24,BOS,26,0,6.1,0.9,1.9,0.46,0.7,1.7,0.432,0.2,0.2,0.667,0.65,0,0,,0.2,0.9,1.1,0.4,0,0.1,0.1,0.3,2.5
Jaxson Hayes,C,21,NOP,70,28,20,3.5,5.7,0.616,0.3,0.8,0.351,3.2,4.9,0.66,0.641,2.1,2.7,0.766,1.6,2.9,4.5,0.6,0.5,0.8,0.8,2.2,9.3
Killian Hayes,PG,20,DET,66,40,25,2.7,7,0.383,0.7,2.5,0.263,2,4.4,0.452,0.431,0.9,1.1,0.77,0.5,2.6,3.2,4.2,1.2,0.5,1.7,2.8,6.9
Gordon Hayward,SF,31,CHO,49,48,31.9,5.8,12.6,0.459,1.8,4.5,0.391,4,8.1,0.496,0.528,2.6,3,0.846,0.8,3.8,4.6,3.6,1,0.4,1.7,1.7,15.9
Aaron Henry,SF,22,PHI,6,0,2.8,0.2,0.8,0.2,0,0.2,0,0.2,0.7,0.25,0.2,0,0,,0,0.2,0.2,0,0,0.3,0.3,0.3,0.3
Juancho Hernangómez,PF,26,TOT,40,9,11.1,1.1,2.7,0.415,0.6,1.7,0.348,0.5,0.9,0.541,0.528,0.5,0.9,0.559,0.7,1.8,2.5,0.5,0.4,0.3,0.4,0.6,3.3
Juancho Hernangómez,PF,26,BOS,18,0,5.3,0.3,1.5,0.185,0.2,1,0.167,0.1,0.5,0.222,0.241,0.3,0.5,0.667,0.5,0.9,1.4,0.2,0.2,0.1,0.3,0.4,1.1
Juancho Hernangómez,PF,26,SAS,5,0,10.2,0.4,1.2,0.333,0,0.6,0,0.4,0.6,0.667,0.333,0.6,0.8,0.75,0.8,2.2,3,0.6,0.2,0.2,0.4,0,1.4
Juancho Hernangómez,PF,26,UTA,17,9,17.5,2.2,4.3,0.507,1.2,2.8,0.438,0.9,1.5,0.64,0.651,0.6,1.2,0.476,0.9,2.6,3.5,0.8,0.5,0.4,0.5,1.1,6.2
Willy Hernangómez,C,27,NOP,50,8,16.8,3.4,6.5,0.52,0.1,0.2,0.333,3.3,6.3,0.527,0.526,2.2,2.8,0.773,2.9,3.9,6.8,1.3,0.4,0.4,1,1.9,9.1
Tyler Herro,SG,22,MIA,66,10,32.6,7.6,17,0.447,2.7,6.7,0.399,4.9,10.3,0.477,0.525,2.9,3.3,0.868,0.5,4.5,5,4,0.7,0.1,2.6,1.4,20.7
Buddy Hield,SG,29,TOT,81,32,30.9,5.5,13.6,0.406,3.2,8.8,0.366,2.3,4.7,0.482,0.526,1.4,1.6,0.874,0.8,3.5,4.4,2.8,0.9,0.3,1.9,2.3,15.6
Buddy Hield,SG,29,SAC,55,6,28.6,4.8,12.6,0.382,3.3,9,0.368,1.5,3.6,0.419,0.514,1.5,1.7,0.87,0.8,3.2,4,1.9,0.9,0.3,1.6,2.1,14.4
Buddy Hield,SG,29,IND,26,26,35.6,7,15.6,0.447,3.1,8.5,0.362,3.9,7.1,0.549,0.546,1.2,1.3,0.886,0.9,4.2,5.1,4.8,1,0.4,2.4,2.7,18.2
Haywood Highsmith,SF,25,MIA,19,1,8.6,0.8,2.4,0.348,0.5,1.5,0.321,0.4,0.9,0.389,0.446,0.1,0.3,0.4,0.5,0.8,1.4,0.3,0.1,0.2,0.2,0.7,2.3
George Hill,PG,35,MIL,54,17,23.2,2.2,5.1,0.429,0.8,2.5,0.306,1.4,2.6,0.546,0.504,1.1,1.1,0.919,0.7,2.2,2.9,2.2,0.8,0.1,0.8,1.3,6.2
Malcolm Hill,SF-SG,26,TOT,19,0,11.2,1.3,2.7,0.462,0.7,1.9,0.361,0.6,0.8,0.688,0.587,0.6,0.7,0.786,0.6,1.3,1.8,0.4,0.4,0.2,0.2,1.3,3.8
Malcolm Hill,SG,26,ATL,3,0,15.3,1.7,2.7,0.625,1,1.7,0.6,0.7,1,0.667,0.813,1.3,1.3,1,0.7,1.3,2,0.3,1.3,0.3,0,2.3,5.7
Malcolm Hill,SF,26,CHI,16,0,10.4,1.2,2.8,0.432,0.6,1.9,0.323,0.6,0.8,0.692,0.545,0.4,0.6,0.7,0.6,1.3,1.8,0.4,0.2,0.1,0.2,1.1,3.4
Solomon Hill,SF,30,ATL,13,1,10.7,0.2,1.5,0.15,0.2,1,0.154,0.1,0.5,0.143,0.2,0,0,,0.5,1.3,1.8,0.9,0.3,0.2,0.1,1.2,0.6
Nate Hinton,SG,22,IND,2,0,1,0,0.5,0,0,0,,0,0.5,0,0,0,0,,0,0,0,0,0,0,0.5,0,0
Jaylen Hoard,SF,22,OKC,7,5,34.3,6.3,12.9,0.489,1.3,3.6,0.36,5,9.3,0.538,0.539,0.9,2,0.429,4.3,7.7,12,2.4,0.9,0.7,1.1,2,14.7
Aaron Holiday,PG,25,TOT,63,15,16.2,2.4,5.4,0.447,0.6,1.6,0.379,1.8,3.7,0.477,0.504,0.9,1.1,0.868,0.4,1.6,1.9,2.4,0.7,0.1,1.1,1.5,6.3
Aaron Holiday,PG,25,WAS,41,14,16.2,2.4,5.2,0.467,0.6,1.6,0.343,1.9,3.6,0.524,0.521,0.7,0.9,0.8,0.2,1.4,1.6,1.9,0.6,0.2,1,1.5,6.1
Aaron Holiday,PG,25,PHO,22,1,16.3,2.3,5.6,0.411,0.7,1.6,0.444,1.6,4,0.398,0.476,1.4,1.5,0.939,0.7,1.8,2.5,3.4,0.8,0,1.3,1.5,6.8
Jrue Holiday,PG,31,MIL,67,64,32.9,7.1,14.2,0.501,2,4.8,0.411,5.2,9.4,0.547,0.57,2,2.7,0.761,1,3.5,4.5,6.8,1.6,0.4,2.7,2,18.3
Justin Holiday,SF-SG,32,TOT,74,65,27.8,3.5,8.9,0.394,2.4,6.5,0.367,1.1,2.4,0.467,0.528,0.7,0.8,0.806,0.4,2.2,2.6,1.7,0.8,0.4,0.9,2.1,10.1
Justin Holiday,SF,32,IND,49,40,28.9,3.9,9.3,0.415,2.6,6.9,0.378,1.3,2.5,0.516,0.553,0.7,0.8,0.829,0.4,2.4,2.8,1.8,0.7,0.4,1,2.1,11
Justin Holiday,SG,32,SAC,25,25,25.6,2.8,8.2,0.348,2,5.8,0.342,0.8,2.3,0.362,0.471,0.6,0.8,0.762,0.4,1.8,2.2,1.5,0.8,0.6,0.8,2,8.3
Richaun Holmes,C,28,SAC,45,37,23.9,4.4,6.7,0.66,0,0.1,0.4,4.4,6.6,0.664,0.663,1.6,2,0.778,2.1,5,7,1.1,0.4,0.9,1.2,2.8,10.4
Rodney Hood,PF-SF,29,TOT,52,0,13.6,1.1,3,0.369,0.6,1.8,0.33,0.5,1.3,0.424,0.465,0.3,0.4,0.895,0.3,1.2,1.5,0.7,0.3,0.1,0.2,0.6,3.1
Rodney Hood,PF,29,MIL,39,0,14.9,1.2,3.4,0.351,0.6,2.1,0.3,0.6,1.3,0.431,0.443,0.3,0.4,0.929,0.3,1.4,1.7,0.8,0.3,0.1,0.2,0.7,3.3
Rodney Hood,SF,29,LAC,13,0,9.8,0.9,2,0.462,0.5,0.8,0.545,0.5,1.2,0.4,0.577,0.3,0.4,0.8,0.2,0.6,0.8,0.6,0.2,0.2,0.3,0.3,2.6
Scotty Hopson,SG,32,OKC,1,0,18,2,4,0.5,0,1,0,2,3,0.667,0.5,0,0,,0,1,1,1,0,0,2,1,4
Al Horford,C,35,BOS,69,69,29.1,3.9,8.2,0.467,1.3,3.8,0.336,2.6,4.4,0.582,0.546,1.2,1.4,0.842,1.6,6.1,7.7,3.4,0.7,1.3,0.9,1.9,10.2
Talen Horton-Tucker,SG,21,LAL,60,19,25.2,3.7,9,0.416,0.8,3,0.269,2.9,5.9,0.492,0.462,1.7,2.1,0.8,0.6,2.6,3.2,2.7,1,0.5,1.4,2.5,10
Danuel House Jr.,SF,28,TOT,42,7,17.3,1.9,4.7,0.404,1,2.8,0.376,0.9,1.9,0.444,0.515,1,1.4,0.759,0.4,2.2,2.6,1,0.5,0.4,0.8,1.2,5.9
Danuel House Jr.,SF,28,HOU,16,1,14.6,1.6,4.6,0.338,0.6,2.1,0.294,0.9,2.5,0.375,0.405,1.1,1.2,0.895,0.3,2.4,2.7,1.2,0.3,0.3,1.1,1,4.8
Danuel House Jr.,SF,28,NYK,1,0,3,0,1,0,0,1,0,0,0,,0,0,0,,0,0,0,0,0,0,0,0,0
Danuel House Jr.,SF,28,UTA,25,6,19.6,2.2,4.9,0.447,1.4,3.3,0.415,0.8,1.6,0.512,0.585,1.1,1.6,0.692,0.6,2.2,2.7,1,0.6,0.5,0.6,1.4,6.8
Dwight Howard,C,36,LAL,60,27,16.2,2.2,3.7,0.612,0.1,0.3,0.533,2.1,3.4,0.618,0.63,1.6,2.4,0.658,2,4,5.9,0.6,0.6,0.6,0.8,1.9,6.2
Markus Howard,SG,22,DEN,31,0,5.7,1.3,3.3,0.386,0.9,2.3,0.4,0.4,1,0.355,0.525,0.6,0.7,0.87,0.1,0.3,0.4,0.2,0.3,0,0.2,0.5,4.1
Kevin Huerter,SF,23,ATL,74,60,29.6,4.7,10.3,0.454,2.2,5.6,0.389,2.5,4.7,0.53,0.559,0.6,0.7,0.808,0.4,3,3.4,2.7,0.7,0.4,1.2,2.5,12.1
Jay Huff,C,23,LAL,4,0,5,0,0.8,0,0,0.5,0,0,0.3,0,0,0,0,,0.3,0.8,1,0.3,0.3,0.3,0.3,0.3,0
Elijah Hughes,SG-SF,23,TOT,36,4,12.1,1.3,4,0.326,0.7,2.6,0.263,0.6,1.4,0.449,0.413,0.2,0.3,0.778,0.2,1.4,1.6,0.6,0.4,0.2,0.5,1.1,3.5
Elijah Hughes,SF,23,UTA,14,1,8,1.1,2.6,0.417,0.7,2,0.357,0.4,0.6,0.625,0.556,0.2,0.2,1,0.1,1.1,1.2,0.4,0.3,0.1,0.5,0.5,3.1
Elijah Hughes,SG,23,POR,22,3,14.6,1.5,4.9,0.296,0.7,3,0.224,0.8,1.9,0.415,0.366,0.2,0.3,0.667,0.2,1.7,1.9,0.7,0.5,0.3,0.5,1.5,3.8
Feron Hunt,SF,22,NYK,2,0,4,0,1,0,0,0,,0,1,0,0,0,0,,0.5,0,0.5,0.5,0.5,0,0.5,0.5,0
De'Andre Hunter,SF,24,ATL,53,52,29.8,4.8,10.8,0.442,1.4,3.7,0.379,3.4,7.2,0.474,0.506,2.4,3.1,0.765,0.5,2.8,3.3,1.3,0.7,0.4,1.3,2.9,13.4
Chandler Hutchison,SF,25,PHO,6,0,3.7,0.2,0.3,0.5,0,0,,0.2,0.3,0.5,0.5,0.3,0.3,1,0,0.8,0.8,0.3,0,0,0.7,0.2,0.7
Bones Hyland,SG,21,DEN,69,4,19,3.3,8.3,0.403,1.9,5.2,0.366,1.4,3.1,0.465,0.518,1.6,1.8,0.856,0.2,2.5,2.7,2.8,0.6,0.3,1.2,2.2,10.1
Serge Ibaka,C,32,TOT,54,12,16.2,2.7,5.5,0.5,0.7,1.8,0.374,2.1,3.6,0.563,0.563,0.6,0.8,0.727,1.1,3.5,4.6,0.9,0.2,0.6,0.8,1.9,6.8
Serge Ibaka,C,32,LAC,35,10,15.4,2.7,5.5,0.49,0.7,1.8,0.387,2,3.7,0.538,0.552,0.6,0.8,0.69,1.1,3.1,4.3,1,0.2,0.7,0.9,1.6,6.6
Serge Ibaka,C,32,MIL,19,2,17.8,2.8,5.5,0.519,0.7,1.9,0.351,2.2,3.5,0.612,0.582,0.6,0.8,0.8,1.2,4.1,5.3,0.7,0.2,0.4,0.5,2.4,7
Andre Iguodala,SF,38,GSW,31,0,19.5,1.5,3.9,0.38,0.5,2.4,0.23,0.9,1.5,0.617,0.45,0.5,0.6,0.75,0.7,2.5,3.2,3.7,0.9,0.7,0.9,1.1,4
Joe Ingles,SF,34,UTA,45,15,24.9,2.6,6.3,0.404,1.7,5,0.347,0.8,1.3,0.617,0.54,0.4,0.5,0.773,0.3,2.6,2.9,3.5,0.5,0.1,1,1.8,7.2
Brandon Ingram,SF,24,NOP,55,55,34,8.2,17.9,0.461,1.3,4.1,0.327,6.9,13.8,0.501,0.498,4.8,5.9,0.826,0.6,5.2,5.8,5.6,0.6,0.5,2.7,2.2,22.7
Kyrie Irving,PG,29,BRK,29,29,37.6,10,21.2,0.469,3.4,8.2,0.418,6.5,13,0.501,0.55,4.1,4.4,0.915,0.6,3.8,4.4,5.8,1.4,0.6,2.5,2.8,27.4
Wes Iwundu,SF,27,ATL,3,1,27.3,2.7,6,0.444,1,1.7,0.6,1.7,4.3,0.385,0.528,1,1.3,0.75,1,3.3,4.3,0,0.3,0,0.3,2.7,7.3
Frank Jackson,PG,23,DET,53,7,22,3.7,9.1,0.402,1.6,5.3,0.308,2,3.8,0.529,0.491,1.6,2,0.827,0.4,1.3,1.6,1,0.5,0.2,0.7,1.7,10.6
Isaiah Jackson,PF,20,IND,36,15,15,3.2,5.7,0.563,0.1,0.4,0.313,3.1,5.3,0.584,0.575,1.7,2.4,0.682,1.7,2.5,4.1,0.3,0.7,1.4,1.1,2.6,8.3
Jaren Jackson Jr.,PF,22,MEM,78,78,27.3,5.5,13.3,0.415,1.6,5.1,0.319,3.9,8.1,0.476,0.477,3.6,4.4,0.823,1.5,4.3,5.8,1.1,0.9,2.3,1.7,3.5,16.3
Josh Jackson,SF,24,TOT,51,3,16.3,2.4,5.9,0.4,0.6,2.5,0.254,1.7,3.3,0.512,0.455,1.1,1.5,0.714,0.4,2.4,2.8,1.1,0.5,0.4,0.9,1.7,6.4
Josh Jackson,SF,24,DET,39,3,18.1,2.6,6.4,0.41,0.8,2.9,0.265,1.9,3.5,0.529,0.47,1,1.4,0.714,0.4,2.7,3.2,1.3,0.5,0.5,1,1.8,7.1
Josh Jackson,SF,24,SAC,12,0,10.3,1.4,4.1,0.347,0.3,1.4,0.176,1.2,2.7,0.438,0.378,1.3,1.8,0.714,0.3,1.2,1.5,0.4,0.4,0.3,0.8,1.4,4.3
Justin Jackson,SF,26,TOT,7,0,5.3,0.7,2.1,0.333,0.4,1.3,0.333,0.3,0.9,0.333,0.433,0.3,0.3,1,0.1,0.9,1,0.3,0,0,0.1,0.4,2.1
Justin Jackson,SF,26,BOS,1,0,2,0,1,0,0,0,,0,1,0,0,2,2,1,0,0,0,0,0,0,0,0,2
Justin Jackson,SF,26,PHO,6,0,5.8,0.8,2.3,0.357,0.5,1.5,0.333,0.3,0.8,0.4,0.464,0,0,,0.2,1,1.2,0.3,0,0,0.2,0.5,2.2
Reggie Jackson,SG,31,LAC,75,75,31.2,6.4,16.3,0.392,2.2,6.8,0.326,4.2,9.5,0.439,0.46,1.8,2.2,0.847,0.5,3.1,3.6,4.8,0.7,0.2,2.3,2.1,16.8
LeBron James,PF,37,LAL,56,56,37.2,11.4,21.8,0.524,2.9,8,0.359,8.6,13.8,0.62,0.59,4.5,6,0.756,1.1,7.1,8.2,6.2,1.3,1.1,3.5,2.2,30.3
DeJon Jarreau,SG,24,IND,1,0,1,0,0,,0,0,,0,0,,,0,0,,0,0,0,0,0,0,0,0,0
DaQuan Jeffries,SG,24,MEM,3,0,3,0.3,0.7,0.5,0,0.3,0,0.3,0.3,1,0.5,0,0,,0,0.7,0.7,0.3,0,0,0,0.3,0.7
Ty Jerome,SG,24,OKC,48,4,16.7,2.6,6.8,0.378,1.1,3.9,0.29,1.5,3,0.493,0.46,0.8,1,0.809,0.4,1.2,1.6,2.3,0.6,0.1,0.8,1.5,7.1
Isaiah Joe,SG,22,PHI,55,1,11.1,1.1,3.2,0.35,0.8,2.5,0.333,0.3,0.8,0.405,0.477,0.5,0.6,0.935,0.1,0.9,1,0.6,0.3,0.1,0.3,0.9,3.6
Alize Johnson,PF,25,TOT,23,0,7.3,0.7,1.7,0.436,0,0.2,0,0.7,1.5,0.486,0.436,0.3,0.5,0.583,1.2,1.4,2.7,0.4,0.2,0,0.5,0.8,1.8
Alize Johnson,PF,25,CHI,16,0,7.6,0.8,1.4,0.522,0,0.1,0,0.8,1.3,0.571,0.522,0.3,0.4,0.571,1,1.3,2.3,0.5,0.2,0,0.5,0.9,1.8
Alize Johnson,PF,25,WAS,3,0,6,0.7,2,0.333,0,0.7,0,0.7,1.3,0.5,0.333,0,0.3,0,1.7,2.3,4,0,0,0,1,0,1.3
Alize Johnson,PF,25,NOP,4,0,7,0.8,2.5,0.3,0,0,,0.8,2.5,0.3,0.3,0.8,1,0.75,1.8,1.5,3.3,0.3,0.5,0,0.3,0.8,2.3
B.J. Johnson,SF,26,ORL,4,0,16.3,2.8,6.3,0.44,1,2.5,0.4,1.8,3.8,0.467,0.52,0,0,,1.5,2.3,3.8,0,0,0.3,0,1,6.5
Cameron Johnson,PF,25,PHO,66,16,26.2,4.2,9.2,0.46,2.5,5.9,0.425,1.7,3.3,0.523,0.596,1.5,1.7,0.86,0.6,3.5,4.1,1.5,0.9,0.2,0.7,1.7,12.5
David Johnson,SG,20,TOR,2,0,1,0,0.5,0,0,0.5,0,0,0,,0,0,0,,0,0,0,0,0,0,0,0,0
Jalen Johnson,PF,20,ATL,22,0,5.5,1,1.9,0.537,0.1,0.6,0.231,0.9,1.3,0.679,0.573,0.2,0.3,0.714,0.1,1.1,1.2,0.1,0.1,0.1,0.4,0.4,2.4
James Johnson,PF,34,BRK,62,10,19.2,2.3,5,0.469,0.4,1.4,0.271,2,3.6,0.545,0.507,0.5,0.9,0.527,0.8,2.6,3.5,2.1,0.5,0.5,0.8,2.6,5.5
Joe Johnson,SG,40,BOS,1,0,2,1,1,1,0,0,,1,1,1,1,0,0,,0,0,0,0,0,0,0,0,2
Keldon Johnson,SF,22,SAS,75,74,31.9,6.3,13.5,0.466,2.1,5.3,0.398,4.2,8.2,0.51,0.545,2.4,3.1,0.756,1.1,5,6.1,2.1,0.8,0.2,1.2,2,17
Keon Johnson,SG,19,TOT,37,12,18.8,2.6,7.4,0.353,0.9,2.7,0.34,1.7,4.6,0.36,0.415,1.1,1.4,0.804,0.6,1.5,2.2,2.1,0.8,0.3,1.2,1.9,7.2
Keon Johnson,SG,19,LAC,15,0,9,1.1,3.4,0.333,0.2,0.7,0.273,0.9,2.7,0.35,0.363,1.1,1.4,0.762,0.4,1,1.4,0.9,0.5,0.1,0.5,1.4,3.5
Keon Johnson,SG,19,POR,22,12,25.5,3.6,10,0.357,1.4,4,0.348,2.2,6,0.364,0.428,1.1,1.4,0.833,0.8,1.9,2.7,2.9,1,0.5,1.8,2.2,9.7
Stanley Johnson,PF,25,LAL,48,27,22.8,2.4,5.2,0.466,0.7,2.2,0.314,1.8,3,0.575,0.532,1.1,1.5,0.716,0.7,2.5,3.2,1.7,0.9,0.3,0.7,2.3,6.7
Tyler Johnson,PG,29,TOT,6,0,15.2,1,3.3,0.3,0.8,2.2,0.385,0.2,1.2,0.143,0.425,0,0,,0.5,1.5,2,1.2,0.5,0.5,0.3,1.2,2.8
Tyler Johnson,PG,29,PHI,3,0,12.7,1.3,3.3,0.4,1,2.3,0.429,0.3,1,0.333,0.55,0,0,,0.3,1.7,2,0.7,0.3,0.3,0.3,1.3,3.7
Tyler Johnson,PG,29,SAS,3,0,17.7,0.7,3.3,0.2,0.7,2,0.333,0,1.3,0,0.3,0,0,,0.7,1.3,2,1.7,0.7,0.7,0.3,1,2
Nikola Joki?,C,26,DEN,74,74,33.5,10.3,17.7,0.583,1.3,3.9,0.337,9,13.8,0.652,0.62,5.1,6.3,0.81,2.8,11,13.8,7.9,1.5,0.9,3.8,2.6,27.1
Carlik Jones,PG,24,TOT,5,0,4.6,0.2,1.8,0.111,0,0.2,0,0.2,1.6,0.125,0.111,0.4,0.4,1,0.2,0.4,0.6,1,0.2,0,0.6,0,0.8
Carlik Jones,PG,24,DAL,3,0,6.3,0,2.3,0,0,0.3,0,0,2,0,0,0.7,0.7,1,0.3,0.7,1,1.7,0.3,0,1,0,0.7
Carlik Jones,PG,24,DEN,2,0,2,0.5,1,0.5,0,0,,0.5,1,0.5,0.5,0,0,,0,0,0,0,0,0,0,0,1
Damian Jones,C,26,SAC,56,15,18.2,3.1,4.8,0.658,0.2,0.5,0.345,2.9,4.2,0.696,0.677,1.7,2.3,0.718,1.3,3.1,4.4,1.2,0.5,0.8,1.1,2.3,8.1
Derrick Jones Jr.,PF,24,CHI,51,8,17.6,2.1,3.8,0.538,0.4,1.2,0.328,1.7,2.6,0.634,0.59,1.1,1.4,0.8,1.2,2.1,3.3,0.6,0.5,0.6,0.6,2.1,5.6
Herbert Jones,PF,23,NOP,78,69,29.9,3.5,7.4,0.476,0.7,2.2,0.337,2.8,5.2,0.533,0.525,1.8,2.1,0.84,1.3,2.5,3.8,2.1,1.7,0.8,1.3,3.1,9.5
Jemerrio Jones,SF,26,LAL,2,0,7.5,1,1.5,0.667,0,0,,1,1.5,0.667,0.667,0,0,,1,0.5,1.5,0,0.5,0,0,1,2
Kai Jones,C,21,CHO,21,0,3,0.4,0.7,0.643,0,0.1,0.5,0.4,0.6,0.667,0.679,0.1,0.4,0.375,0.1,0.4,0.5,0.2,0,0.1,0.3,0.4,1
Mason Jones,SG,23,LAL,4,0,12.8,1.8,3.8,0.467,0.3,1,0.25,1.5,2.8,0.545,0.5,3,3.8,0.8,0.3,2.3,2.5,1,0.5,0,0.3,2,6.8
Tre Jones,PG,22,SAS,69,11,16.6,2.4,4.9,0.49,0.1,0.7,0.196,2.3,4.2,0.542,0.504,1,1.3,0.78,0.4,1.8,2.2,3.4,0.6,0.1,0.7,1.1,6
Tyus Jones,PG,25,MEM,73,23,21.2,3.4,7.6,0.451,1.1,2.8,0.39,2.3,4.8,0.487,0.524,0.7,0.9,0.818,0.2,2.2,2.4,4.4,0.9,0,0.6,0.4,8.7
DeAndre Jordan,C,33,TOT,48,20,13,1.9,3,0.643,0,0,,1.9,3,0.643,0.643,0.5,0.8,0.55,1.7,3.8,5.5,0.4,0.3,0.7,0.8,1.5,4.3
DeAndre Jordan,C,33,LAL,32,19,12.8,1.9,2.8,0.674,0,0,,1.9,2.8,0.674,0.674,0.4,0.8,0.462,1.6,3.8,5.4,0.4,0.3,0.8,0.7,1.6,4.1
DeAndre Jordan,C,33,PHI,16,1,13.4,2,3.4,0.593,0,0,,2,3.4,0.593,0.593,0.6,0.9,0.714,2,3.8,5.8,0.5,0.1,0.6,1,1.3,4.6
Cory Joseph,PG,30,DET,65,39,24.6,2.7,6.2,0.445,1,2.4,0.414,1.7,3.7,0.465,0.526,1.5,1.7,0.885,0.4,2.2,2.7,3.6,0.6,0.3,1.3,2.3,8
Georgios Kalaitzakis,SF,23,TOT,13,4,16.5,2.4,5.2,0.463,0.8,2,0.385,1.6,3.2,0.512,0.537,1.1,2.3,0.467,0.5,1.2,1.6,0.9,0.8,0.2,1.5,1.5,6.6
Georgios Kalaitzakis,SF,23,MIL,9,0,5.3,0.6,1.2,0.455,0.2,0.4,0.5,0.3,0.8,0.429,0.545,0.4,1,0.444,0.4,0.4,0.9,0,0.1,0.1,0.4,0.9,1.8
Georgios Kalaitzakis,SF,23,OKC,4,4,41.5,6.5,14,0.464,2,5.5,0.364,4.5,8.5,0.529,0.536,2.5,5.3,0.476,0.5,2.8,3.3,3,2.5,0.3,4,2.8,17.5
Frank Kaminsky,C,28,PHO,9,0,20.1,4,7.3,0.545,0.6,1.7,0.333,3.4,5.7,0.608,0.583,2,2.2,0.9,1.2,3.3,4.6,1.4,0.9,0.8,0.6,1.6,10.6
Luke Kennard,SG,25,LAC,70,13,27.4,4.1,9.1,0.449,2.7,6,0.449,1.4,3.1,0.449,0.598,1,1.1,0.896,0.3,3,3.3,2.1,0.6,0.1,0.9,1.4,11.9
Braxton Key,SF,24,TOT,11,0,17.9,3,6.5,0.458,0.5,1.9,0.286,2.5,4.6,0.529,0.5,0.6,1.2,0.538,1.2,3.4,4.5,1,0.9,1,1,2.4,7.2
Braxton Key,SF,24,PHI,2,0,3,0.5,1,0.5,0,0.5,0,0.5,0.5,1,0.5,0,0,,0.5,0.5,1,0.5,0.5,0,1,0.5,1
Braxton Key,SF,24,DET,9,0,21.2,3.6,7.8,0.457,0.7,2.2,0.3,2.9,5.6,0.52,0.5,0.8,1.4,0.538,1.3,4,5.3,1.1,1,1.2,1,2.8,8.6
George King,SF,28,DAL,4,0,4.8,0,1.3,0,0,1,0,0,0.3,0,0,0.3,0.5,0.5,0,1.3,1.3,0,0,0,0.3,1,0.3
Louis King,SF,22,SAC,10,0,10.4,1.5,4.7,0.319,0.8,2.7,0.296,0.7,2,0.35,0.404,0.7,1,0.7,0,1.2,1.2,0.9,0.2,0.1,0,1.4,4.5
Corey Kispert,SF,22,WAS,77,36,23.4,3,6.7,0.455,1.5,4.2,0.35,1.6,2.5,0.629,0.564,0.7,0.8,0.871,0.7,2,2.7,1.1,0.5,0.3,0.6,1.2,8.2
Maxi Kleber,PF,30,DAL,59,21,24.6,2.4,6,0.398,1.4,4.3,0.325,1,1.7,0.586,0.516,0.8,1.1,0.708,1.2,4.7,5.9,1.2,0.5,1,0.8,2.3,7
Brandon Knight,PG,30,DAL,5,0,13,2,5,0.4,0.8,3.4,0.235,1.2,1.6,0.75,0.48,1.6,1.6,1,0,1.6,1.6,1.6,0.2,0,0.8,1,6.4
Nathan Knight,PF,24,MIN,37,2,7.2,1.2,2.4,0.511,0.1,0.4,0.308,1.1,2,0.547,0.534,1.2,1.6,0.733,0.9,1.4,2.3,0.6,0.2,0.2,0.5,1.1,3.7
Kevin Knox,SF,22,TOT,30,0,7.4,1,2.8,0.365,0.5,1.8,0.278,0.5,1,0.516,0.453,0.5,0.7,0.727,0.5,1,1.5,0.3,0.1,0.1,0.2,0.6,3.1
Kevin Knox,SF,22,NYK,13,0,8.5,1.2,3.1,0.375,0.8,2.2,0.357,0.4,0.9,0.417,0.5,0.5,0.8,0.7,0.6,1.1,1.7,0.2,0.2,0.1,0.4,0.4,3.6
Kevin Knox,SF,22,ATL,17,0,6.5,0.9,2.6,0.356,0.3,1.5,0.192,0.6,1.1,0.579,0.411,0.5,0.7,0.75,0.4,0.9,1.3,0.4,0.1,0.1,0.1,0.8,2.7
John Konchar,SG,25,MEM,72,7,17.9,1.9,3.6,0.515,0.7,1.8,0.413,1.2,1.9,0.61,0.615,0.4,0.7,0.551,1.2,3.4,4.6,1.5,0.6,0.3,0.4,1.3,4.8
Furkan Korkmaz,SG,24,PHI,67,19,21.1,2.7,7,0.387,1.1,4,0.289,1.6,3,0.515,0.469,1,1.3,0.81,0.3,2.3,2.6,1.9,0.5,0.1,0.7,0.9,7.6
Luke Kornet,C,26,TOT,15,0,6.9,0.9,1.8,0.481,0,0.3,0,0.9,1.5,0.591,0.481,0.3,0.4,0.667,0.9,1.1,1.9,0.6,0.2,0.2,0,0.6,2
Luke Kornet,C,26,CLE,2,0,7.5,0.5,2.5,0.2,0,0.5,0,0.5,2,0.25,0.2,1,1.5,0.667,1,0.5,1.5,0.5,0,0.5,0,0.5,2
Luke Kornet,C,26,MIL,1,0,3,0,1,0,0,0,,0,1,0,0,0,0,,1,0,1,0,0,0,0,1,0
Luke Kornet,C,26,BOS,12,0,7.1,1,1.8,0.571,0,0.3,0,1,1.4,0.706,0.571,0.2,0.3,0.667,0.8,1.3,2.1,0.7,0.3,0.2,0,0.6,2.2
Vit Krejci,SG,21,OKC,30,8,23,2.3,5.6,0.407,1.1,3.3,0.327,1.2,2.3,0.522,0.503,0.6,0.7,0.864,0.6,2.8,3.4,1.9,0.6,0.3,1,2.2,6.2
Arnoldas Kulboka,SF,24,CHO,2,0,2.5,0,0.5,0,0,0.5,0,0,0,,0,0,0,,0,0,0,0,0,0,0,0.5,0
Jonathan Kuminga,SF,19,GSW,70,12,16.9,3.4,6.6,0.513,0.7,2.1,0.336,2.7,4.4,0.598,0.567,1.9,2.7,0.684,0.8,2.6,3.3,0.9,0.4,0.3,1.1,2.1,9.3
Kyle Kuzma,PF,26,WAS,66,66,33.4,6.4,14.2,0.452,1.9,5.7,0.341,4.5,8.5,0.526,0.52,2.4,3.3,0.712,1.1,7.4,8.5,3.5,0.6,0.9,2.6,1.9,17.1
Anthony Lamb,SF,24,SAS,2,0,4,0,1,0,0,1,0,0,0,,0,0,0,,0,0.5,0.5,1,0,0,0,0,0
Jeremy Lamb,SF-SG,29,TOT,56,0,16.7,2.4,6.2,0.383,1,3,0.324,1.4,3.2,0.441,0.463,1.6,1.9,0.84,0.5,2.3,2.8,1.4,0.6,0.4,0.7,1.1,7.3
Jeremy Lamb,SF,29,IND,39,0,15.7,2.2,5.8,0.373,1,3,0.333,1.2,2.8,0.414,0.458,1.7,2.1,0.838,0.4,2,2.4,1.3,0.6,0.4,0.6,1.1,7.1
Jeremy Lamb,SG,29,SAC,17,0,18.9,2.8,7,0.403,0.9,3.1,0.302,1.9,3.9,0.485,0.471,1.3,1.5,0.846,0.6,2.9,3.5,1.8,0.5,0.5,0.8,0.9,7.9
Jock Landale,C,26,SAS,54,1,10.9,1.9,3.8,0.495,0.5,1.6,0.326,1.3,2.1,0.626,0.566,0.6,0.8,0.829,1.2,1.4,2.6,0.8,0.2,0.3,0.6,1,4.9
Romeo Langford,SG,22,TOT,48,5,16.1,1.7,4,0.435,0.6,1.8,0.341,1.1,2.2,0.509,0.51,0.5,0.9,0.548,0.6,1.6,2.3,0.4,0.5,0.3,0.3,1,4.5
Romeo Langford,SG,22,BOS,44,5,16.5,1.8,4.2,0.429,0.7,1.9,0.349,1.1,2.3,0.495,0.508,0.5,0.8,0.588,0.7,1.7,2.4,0.4,0.5,0.4,0.4,1,4.7
Romeo Langford,SG,22,SAS,4,0,10.8,1,1.8,0.571,0,0.5,0,1,1.3,0.8,0.571,0.8,2,0.375,0,1,1,0.5,0.3,0,0,0.3,2.8
Zach LaVine,SG,26,CHI,67,67,34.7,8.4,17.7,0.476,2.8,7.1,0.389,5.7,10.6,0.534,0.554,4.8,5.6,0.853,0.3,4.3,4.6,4.5,0.6,0.3,2.6,1.8,24.4
Jake Layman,SF,27,MIN,34,1,6.8,0.9,2.1,0.411,0.2,1,0.229,0.6,1.1,0.579,0.466,0.4,0.5,0.722,0.2,0.9,1.1,0.3,0.2,0.1,0.3,0.4,2.4
Damion Lee,SG,29,GSW,63,5,19.9,2.7,6.1,0.441,1,3,0.337,1.7,3.1,0.541,0.523,1,1.2,0.88,0.4,2.8,3.2,1,0.6,0.1,0.6,1.5,7.4
Saben Lee,PG,22,DET,37,0,16.3,1.9,4.8,0.39,0.4,1.6,0.233,1.5,3.2,0.47,0.429,1.5,1.9,0.789,0.5,1.9,2.4,2.9,1,0.3,1,1.2,5.6
Alex Len,C,28,SAC,39,10,15.9,2.4,4.5,0.534,0.2,0.5,0.286,2.3,4,0.568,0.551,1.1,1.6,0.651,1.3,2.8,4.1,1.2,0.3,0.6,1.1,2.6,6
Caris LeVert,SG,27,TOT,58,49,30.7,6.5,14.7,0.444,1.4,4.4,0.32,5.1,10.3,0.497,0.492,2.5,3.3,0.756,0.7,2.9,3.7,4.3,0.9,0.4,1.9,2.3,17
Caris LeVert,SG,27,IND,39,39,31.1,7.1,15.9,0.447,1.6,4.8,0.323,5.6,11.1,0.501,0.496,2.8,3.7,0.76,0.8,3.1,3.8,4.4,0.9,0.5,1.9,2.3,18.7
Caris LeVert,SG,27,CLE,19,10,29.8,5.3,12.2,0.435,1.1,3.5,0.313,4.2,8.7,0.485,0.481,1.8,2.5,0.745,0.7,2.7,3.4,3.9,0.8,0.3,1.7,2.1,13.6
Kira Lewis Jr.,PG,20,NOP,24,0,14.2,2.5,6.1,0.404,0.5,2.4,0.224,1.9,3.7,0.523,0.449,0.4,0.5,0.833,0.4,1.3,1.6,2,0.5,0,1.1,0.7,5.9
Scottie Lewis,SG,21,CHO,2,0,3.5,0,0,,0,0,,0,0,,,0.5,1,0.5,0,0,0,0.5,0.5,0,0,0,0.5
Damian Lillard,PG,31,POR,29,29,36.4,7.7,19,0.402,3.2,9.8,0.324,4.5,9.2,0.485,0.486,5.5,6.2,0.878,0.4,3.7,4.1,7.3,0.6,0.4,2.9,1.3,24
Nassir Little,SF,21,POR,42,23,25.9,3.5,7.5,0.46,1.2,3.7,0.331,2.2,3.8,0.584,0.541,1.6,2.2,0.734,1.4,4.2,5.6,1.3,0.6,0.9,1,2,9.8
Isaiah Livers,SF,23,DET,19,5,20.2,2.2,4.7,0.456,1.4,3.4,0.422,0.7,1.4,0.538,0.606,0.6,0.7,0.857,0.8,2.2,3,1.1,0.7,0.4,0.8,1.9,6.4
Kevon Looney,C,25,GSW,82,80,21.1,2.5,4.4,0.571,0,0,0,2.5,4.4,0.573,0.571,0.9,1.5,0.6,2.5,4.7,7.3,2,0.6,0.6,0.8,2.6,6
Brook Lopez,C,33,MIL,13,11,22.9,4.7,10.1,0.466,1.5,4.1,0.358,3.2,6,0.538,0.538,1.5,1.8,0.87,1.5,2.6,4.1,0.5,0.6,1.2,0.9,2.6,12.4
Robin Lopez,C,33,ORL,36,9,17,3.1,5.5,0.553,0.1,0.2,0.333,3,5.4,0.56,0.558,0.9,1.5,0.593,1.9,1.6,3.5,1.5,0.1,0.5,1.2,1.9,7.1
Didi Louzada,SG-SF,22,TOT,9,1,14.3,1.3,3.7,0.364,1,2.6,0.391,0.3,1.1,0.3,0.5,0.2,0.2,1,0.6,1.3,1.9,0.6,0.2,0.2,0.6,1.4,3.9
Didi Louzada,SF,22,NOP,2,0,3.5,0,1.5,0,0,1.5,0,0,0,,0,0,0,,1,0,1,0.5,0,0,0,0,0
Didi Louzada,SG,22,POR,7,1,17.4,1.7,4.3,0.4,1.3,2.9,0.45,0.4,1.4,0.3,0.55,0.3,0.3,1,0.4,1.7,2.1,0.6,0.3,0.3,0.7,1.9,5
Kevin Love,C,33,CLE,74,4,22.5,4.4,10.3,0.43,2.5,6.4,0.392,1.9,3.8,0.493,0.553,2.2,2.7,0.838,1.2,6.1,7.2,2.2,0.4,0.2,1.3,1.4,13.6
Kyle Lowry,PG,35,MIA,63,63,33.9,4.4,10,0.44,2.3,6.1,0.377,2.1,3.9,0.539,0.555,2.3,2.8,0.851,0.5,4,4.5,7.5,1.1,0.3,2.7,2.8,13.4
Gabriel Lundberg,SG,27,PHO,4,0,11,1.3,4.8,0.263,0.8,2,0.375,0.5,2.8,0.182,0.342,0,0,,0.5,1.3,1.8,2.8,0.8,0,0.8,1.8,3.3
Timothé Luwawu-Cabarrot,SF,26,ATL,52,18,13.2,1.4,3.6,0.398,0.8,2.3,0.361,0.6,1.2,0.469,0.516,0.7,0.8,0.854,0.3,1.3,1.6,0.8,0.3,0.1,0.4,1.5,4.4
Trey Lyles,PF,26,TOT,75,23,20.5,3.5,7.5,0.466,0.9,2.8,0.321,2.6,4.7,0.552,0.526,2.6,3.2,0.802,1.2,3.9,5.1,1.2,0.4,0.4,1,1.6,10.5
Trey Lyles,PF,26,DET,51,3,19.4,3.4,7.5,0.456,0.9,2.9,0.301,2.6,4.7,0.55,0.513,2.7,3.5,0.784,1.2,3.6,4.8,1.1,0.4,0.5,1.1,1.8,10.4
Trey Lyles,PF,26,SAC,24,20,22.8,3.6,7.4,0.489,1,2.6,0.365,2.7,4.8,0.557,0.553,2.4,2.8,0.851,1.2,4.4,5.6,1.3,0.3,0.3,0.8,1.3,10.6
Théo Maledon,PG,20,OKC,51,7,17.8,2.3,6.2,0.375,0.9,2.9,0.293,1.5,3.3,0.449,0.445,1.5,2,0.79,0.4,2.2,2.6,2.2,0.6,0.2,1.3,1.3,7.1
Sandro Mamukelashvili,PF,22,MIL,41,3,9.9,1.4,2.8,0.496,0.5,1.3,0.423,0.9,1.5,0.556,0.591,0.4,0.5,0.818,0.9,1.1,2,0.5,0.2,0.2,0.4,0.7,3.8
Terance Mann,SF,25,LAC,81,33,28.6,4.1,8.5,0.484,0.9,2.6,0.365,3.2,6,0.535,0.539,1.6,2,0.78,1.3,4,5.2,2.6,0.7,0.3,1,2.2,10.8
Tre Mann,PG,20,OKC,60,26,22.8,3.9,9.8,0.393,1.6,4.5,0.36,2.2,5.3,0.421,0.476,1.1,1.4,0.793,0.4,2.4,2.9,1.5,0.8,0.2,1.2,1.7,10.4
Boban Marjanovi?,C,33,DAL,23,0,5.6,1.8,3,0.6,0,0.2,0.25,1.8,2.9,0.621,0.607,0.6,1,0.591,0.3,1.3,1.7,0.1,0,0.1,0.7,1,4.3
Lauri Markkanen,SF,24,CLE,61,61,30.8,5.1,11.5,0.445,2.2,6.2,0.358,2.9,5.3,0.548,0.542,2.3,2.6,0.868,1,4.7,5.7,1.3,0.7,0.5,0.9,2.1,14.8
Naji Marshall,SF,24,NOP,55,4,13.4,2,4.9,0.405,0.4,1.9,0.2,1.6,3,0.537,0.444,1.3,1.7,0.796,0.7,1.9,2.6,1.1,0.6,0.1,0.8,1.3,5.7
Caleb Martin,SF,26,MIA,60,12,22.9,3.5,6.8,0.507,1.1,2.6,0.413,2.4,4.3,0.565,0.585,1.2,1.6,0.763,1.2,2.7,3.8,1.1,1,0.5,0.9,1.7,9.2
Cody Martin,SF,26,CHO,71,11,26.3,2.9,6,0.482,0.9,2.2,0.384,2,3.7,0.542,0.554,1.1,1.5,0.701,1.2,2.9,4,2.5,1.2,0.5,0.9,1.6,7.7
Kelan Martin,SF,26,TOT,30,1,15,2.3,5.7,0.409,0.7,2.5,0.293,1.6,3.2,0.5,0.474,0.3,0.4,0.692,0.6,1.3,1.8,0.7,0.4,0.3,0.5,1.2,5.7
Kelan Martin,SF,26,IND,27,1,16.4,2.6,6.2,0.417,0.8,2.7,0.297,1.8,3.5,0.511,0.482,0.3,0.5,0.692,0.6,1.4,2,0.8,0.5,0.3,0.5,1.3,6.3
Kelan Martin,SF,26,BOS,3,0,2,0,1,0,0,0.3,0,0,0.7,0,0,0,0,,0.3,0.3,0.7,0,0,0,0,0,0
Kenyon Martin Jr.,SF,21,HOU,79,2,21,3.5,6.6,0.533,0.8,2.1,0.357,2.8,4.5,0.617,0.591,1,1.6,0.634,1,2.7,3.8,1.3,0.4,0.5,0.8,1.4,8.8
Garrison Mathews,SG,25,HOU,65,33,26.3,2.8,7.1,0.399,2.1,5.9,0.36,0.7,1.2,0.6,0.55,2.2,2.8,0.794,0.5,2.4,2.9,1,0.9,0.4,0.6,2.6,10
Dakota Mathias,SG,26,MEM,6,0,2.7,0.3,1,0.333,0.3,1,0.333,0,0,,0.5,0,0,,0,0.3,0.3,0.2,0.2,0,0,0.2,1
Wesley Matthews,SG,35,MIL,49,14,20.4,1.8,4.5,0.395,1.1,3.2,0.338,0.7,1.3,0.54,0.516,0.4,0.6,0.786,0.6,1.3,1.9,0.7,0.5,0.2,0.4,1.8,5.1
Tyrese Maxey,PG,21,PHI,75,74,35.3,6.4,13.3,0.485,1.8,4.1,0.427,4.7,9.1,0.512,0.552,2.8,3.3,0.866,0.3,2.9,3.2,4.3,0.7,0.4,1.2,2.1,17.5
Skylar Mays,SG,24,ATL,28,5,7.9,1.1,2.3,0.5,0.3,0.9,0.32,0.9,1.4,0.615,0.563,0.3,0.3,0.889,0.2,0.7,0.9,0.6,0.3,0,0.4,0.3,2.9
Miles McBride,PG,21,NYK,40,2,9.3,0.8,2.7,0.296,0.4,1.7,0.25,0.4,1,0.375,0.375,0.2,0.3,0.667,0.1,1,1.1,1,0.4,0,0.1,1.1,2.2
Mac McClung,SG-PG,23,TOT,2,0,12.5,1.5,3,0.5,0.5,1.5,0.333,1,1.5,0.667,0.583,0.5,0.5,1,0,1.5,1.5,0.5,0.5,0.5,1.5,2.5,4
Mac McClung,PG,23,CHI,1,0,3,1,1,1,0,0,,1,1,1,1,0,0,,0,0,0,0,0,0,1,0,2
Mac McClung,SG,23,LAL,1,0,22,2,5,0.4,1,3,0.333,1,2,0.5,0.5,1,1,1,0,3,3,1,1,1,2,5,6
CJ McCollum,SG,30,TOT,62,62,34.6,8.6,18.8,0.46,2.9,7.6,0.388,5.7,11.2,0.509,0.539,1.9,2.7,0.682,0.9,3.5,4.3,5.1,1.1,0.4,2,2,22.1
CJ McCollum,SG,30,POR,36,36,35.2,8.1,18.5,0.436,3.1,8,0.384,5,10.4,0.476,0.52,1.3,1.9,0.706,0.9,3.3,4.3,4.5,1,0.6,1.9,2.1,20.5
CJ McCollum,SG,30,NOP,26,26,33.8,9.5,19.2,0.493,2.7,6.9,0.394,6.7,12.3,0.549,0.564,2.6,3.9,0.667,0.7,3.7,4.5,5.8,1.3,0,2.2,1.7,24.3
T.J. McConnell,PG,29,IND,27,8,24.1,3.7,7.7,0.481,0.4,1.2,0.303,3.3,6.5,0.514,0.505,0.7,0.9,0.826,0.7,2.6,3.3,4.9,1.1,0.4,1.1,2,8.5
Jaden McDaniels,PF,21,MIN,70,31,25.8,3.6,7.9,0.46,1.1,3.6,0.317,2.5,4.3,0.579,0.532,0.8,1,0.803,1.1,3.1,4.2,1.1,0.7,0.8,1.1,3.2,9.2
Jalen McDaniels,SF,24,CHO,55,2,16.3,2.2,4.6,0.484,0.7,2,0.38,1.5,2.7,0.562,0.565,1,1.3,0.736,0.7,2.4,3.1,1.1,0.5,0.4,0.7,1.7,6.2
Doug McDermott,PF,30,SAS,51,51,24,4.2,9.1,0.462,2.1,5,0.422,2.1,4.1,0.512,0.578,0.8,1,0.784,0.4,1.9,2.3,1.3,0.3,0.1,0.8,1.5,11.3
JaVale McGee,C,34,PHO,74,17,15.8,3.9,6.2,0.629,0,0.1,0.222,3.9,6.1,0.637,0.631,1.4,2,0.699,2.2,4.5,6.7,0.6,0.3,1.1,1.3,2.4,9.2
Cameron McGriff,SF,24,POR,3,0,15.3,1.7,4.7,0.357,0.7,2,0.333,1,2.7,0.375,0.429,0.7,0.7,1,2,3,5,1,0,0.3,0,2.3,4.7
Rodney McGruder,SG,30,DET,51,2,14.8,1.9,4.4,0.436,1.1,2.9,0.397,0.8,1.5,0.506,0.564,0.4,0.5,0.731,0.6,1.6,2.2,0.9,0.4,0.1,0.5,1.1,5.4
Alfonzo McKinnie,SF,29,CHI,17,3,12.1,1.4,3.6,0.393,0.5,1.6,0.333,0.9,2,0.441,0.467,0.1,0.5,0.25,0.8,1.2,1.9,0.3,0.1,0.2,0.4,1.5,3.5
JaQuori McLaughlin,PG,24,DAL,4,0,2.8,0,0.5,0,0,0.3,0,0,0.3,0,0,0,0,,0,0,0,0.5,0,0,0,0.3,0
Jordan McLaughlin,PG,25,MIN,62,3,14.5,1.4,3.2,0.44,0.4,1.4,0.318,1,1.9,0.53,0.508,0.5,0.6,0.75,0.4,1.2,1.5,2.9,0.9,0.2,0.6,0.9,3.8
Ben McLemore,SG,28,POR,64,6,20.1,3.4,8.4,0.401,2.4,6.5,0.362,1,1.9,0.533,0.541,1.1,1.4,0.818,0.2,1.4,1.6,0.9,0.6,0.2,0.9,1.6,10.2
De'Anthony Melton,SG,23,MEM,73,15,22.7,3.8,9.5,0.404,1.9,5.1,0.374,1.9,4.4,0.44,0.504,1.2,1.6,0.75,0.9,3.6,4.5,2.7,1.4,0.5,1.5,1.8,10.8
Sam Merrill,SG,25,MEM,6,0,9.7,1.3,4,0.333,1.2,3.8,0.304,0.2,0.2,1,0.479,0.3,0.7,0.5,0.2,1,1.2,0.7,0,0,0.3,0.5,4.2
Chimezie Metu,C,24,SAC,60,20,21.3,3.4,7.5,0.452,1,3.1,0.306,2.4,4.4,0.555,0.516,1.2,1.5,0.78,0.6,5,5.6,1,0.9,0.5,1,1.6,8.9
Khris Middleton,SF,30,MIL,66,66,32.4,6.8,15.5,0.443,2.5,6.6,0.373,4.4,8.9,0.494,0.522,3.9,4.4,0.89,0.6,4.8,5.4,5.4,1.2,0.3,2.9,2.4,20.1
C.J. Miles,SG,34,BOS,1,0,2,0,0,,0,0,,0,0,,,0,0,,0,0,0,0,0,0,0,1,0
Patty Mills,SG,33,BRK,81,48,29,4,9.8,0.408,2.8,7,0.4,1.2,2.8,0.429,0.551,0.6,0.7,0.814,0.2,1.7,1.9,2.3,0.6,0.2,0.9,1.4,11.4
Paul Millsap,C,36,TOT,33,1,11.4,1.4,3.5,0.391,0.2,1.1,0.229,1.1,2.4,0.463,0.426,0.5,0.7,0.708,1.2,2.2,3.5,0.9,0.3,0.4,0.6,2,3.5
Paul Millsap,C,36,BRK,24,0,11.3,1.3,3.5,0.376,0.3,1.1,0.222,1.1,2.4,0.448,0.412,0.5,0.7,0.706,1.2,2.5,3.7,1,0.2,0.5,0.5,2,3.4
Paul Millsap,C,36,PHI,9,1,11.8,1.4,3.3,0.433,0.2,0.9,0.25,1.2,2.4,0.5,0.467,0.6,0.8,0.714,1.3,1.4,2.8,0.6,0.6,0.2,0.9,2.1,3.7
Shake Milton,SG,25,PHI,55,6,21.4,3.1,7.3,0.429,0.8,2.4,0.323,2.4,4.9,0.481,0.483,1.1,1.3,0.836,0.5,2,2.6,2.5,0.5,0.3,0.8,1.8,8.2
Davion Mitchell,PG,23,SAC,75,19,27.7,4.7,11.2,0.418,1.3,4.3,0.316,3.3,7,0.48,0.477,0.7,1.1,0.659,0.4,1.8,2.2,4.2,0.7,0.3,1.5,1.9,11.5
Donovan Mitchell,SG,25,UTA,67,67,33.8,9.2,20.5,0.448,3.5,9.8,0.355,5.7,10.8,0.533,0.533,4,4.7,0.853,0.8,3.4,4.2,5.3,1.5,0.2,3,2.4,25.9
Evan Mobley,PF,20,CLE,69,69,33.8,6.1,12,0.508,0.3,1.3,0.25,5.8,10.7,0.541,0.522,2.4,3.7,0.663,2.1,6.2,8.3,2.5,0.8,1.7,1.9,2.1,15
Malik Monk,SG,23,LAL,76,37,28.1,5.1,10.9,0.473,2.3,5.8,0.391,2.9,5.1,0.568,0.578,1.2,1.5,0.795,0.5,2.9,3.4,2.9,0.8,0.4,1.6,1.8,13.8
Greg Monroe,C,31,TOT,14,0,13.9,2.3,4.1,0.561,0,0,,2.3,4.1,0.561,0.561,0.9,1.6,0.522,2.1,2.4,4.6,1.6,0.6,0.7,0.9,1.7,5.4
Greg Monroe,C,31,MIN,4,0,20.3,3.3,5.5,0.591,0,0,,3.3,5.5,0.591,0.591,0.8,1.8,0.429,1.5,4.5,6,4,1,1.5,1.8,2.3,7.3
Greg Monroe,C,31,WAS,2,0,9,2,4,0.5,0,0,,2,4,0.5,0.5,0,0,,3.5,1.5,5,0.5,0.5,0.5,1,1,4
Greg Monroe,C,31,MIL,5,0,14,2.2,4.4,0.5,0,0,,2.2,4.4,0.5,0.5,1,1.8,0.556,2.2,2,4.2,0.4,0.6,0.4,0.6,1.4,5.4
Greg Monroe,C,31,UTA,3,0,8.7,1.3,1.7,0.8,0,0,,1.3,1.7,0.8,0.8,1.3,2.3,0.571,2,1,3,1,0,0.3,0,2,4
Moses Moody,SG,19,GSW,52,11,11.7,1.5,3.5,0.437,0.8,2.1,0.364,0.8,1.4,0.548,0.546,0.5,0.7,0.778,0.3,1.2,1.5,0.4,0.1,0.2,0.3,0.8,4.4
Xavier Moon,SG,27,LAC,10,0,13.7,2.5,5.1,0.49,0.5,1.4,0.357,2,3.7,0.541,0.539,0.3,0.5,0.6,0.2,1.2,1.4,2.4,0.7,0.3,0.6,0.9,5.8
Matt Mooney,SG,24,NYK,1,0,2,0,1,0,0,1,0,0,0,,0,0,0,,0,0,0,0,1,0,1,0,0
Ja Morant,PG,22,MEM,57,57,33.1,10.2,20.6,0.493,1.5,4.5,0.344,8.6,16.2,0.534,0.53,5.5,7.3,0.761,1.4,4.4,5.7,6.7,1.2,0.4,3.4,1.5,27.4
Juwan Morgan,PF,24,TOT,2,0,15.5,1,1.5,0.667,0.5,1,0.5,0.5,0.5,1,0.833,0,0,,1,1,2,0.5,0,0,0,1.5,2.5
Juwan Morgan,PF,24,TOR,1,0,27,2,3,0.667,1,2,0.5,1,1,1,0.833,0,0,,2,2,4,1,0,0,0,3,5
Juwan Morgan,PF,24,BOS,1,0,4,0,0,,0,0,,0,0,,,0,0,,0,0,0,0,0,0,0,0,0
Jaylen Morris,SG,26,SAS,3,0,5.3,0,2,0,0,0.7,0,0,1.3,0,0,0.7,1.3,0.5,0,0.7,0.7,0.7,0,0,0.3,0.7,0.7
Marcus Morris,PF,32,LAC,54,54,29,5.6,12.8,0.434,1.9,5.1,0.367,3.7,7.7,0.478,0.507,2.4,2.7,0.872,0.5,3.9,4.4,2.1,0.5,0.3,1.3,2.1,15.4
Markieff Morris,PF,32,MIA,17,1,17.5,3.2,6.7,0.474,0.8,2.3,0.333,2.4,4.4,0.547,0.531,0.5,0.5,0.889,1,1.6,2.6,1.4,0.4,0.1,1.2,1.9,7.6
Monte Morris,PG,26,DEN,75,74,29.9,5,10.3,0.484,1.7,4.2,0.395,3.3,6.1,0.545,0.564,1,1.1,0.869,0.4,2.7,3,4.4,0.7,0.2,1,1.2,12.6
Emmanuel Mudiay,PG,25,SAC,2,0,5.5,0,1,0,0,0,,0,1,0,0,1.5,2,0.75,0,0,0,2,0.5,0,0.5,0.5,1.5
Mychal Mulder,PG,27,TOT,17,3,14.1,1.4,4.5,0.312,1,3.2,0.315,0.4,1.4,0.304,0.422,0.2,0.2,1,0.1,1.3,1.4,0.3,0.2,0.1,0.5,0.8,4.1
Mychal Mulder,PG,27,ORL,15,2,13,1.3,4.5,0.299,0.9,3.1,0.283,0.5,1.4,0.333,0.396,0.1,0.1,1,0.1,1.3,1.4,0.2,0.3,0.1,0.5,0.8,3.7
Mychal Mulder,PG,27,MIA,2,1,22,2,5,0.4,2,4,0.5,0,1,0,0.6,1,1,1,0,1.5,1.5,1,0,0.5,0,0.5,7
Ade Murkey,SG,24,SAC,1,0,1,0,0,,0,0,,0,0,,,0,0,,0,0,0,0,0,0,0,0,0
Trey Murphy III,SF,21,NOP,62,1,13.9,1.8,4.5,0.394,1.1,3,0.382,0.6,1.5,0.418,0.522,0.7,0.8,0.882,0.8,1.6,2.4,0.6,0.4,0.1,0.3,1,5.4
Dejounte Murray,PG,25,SAS,68,68,34.8,8.4,18.3,0.462,1.4,4.3,0.327,7,13.9,0.504,0.5,2.9,3.6,0.794,1.2,7.1,8.3,9.2,2,0.3,2.6,2,21.1
Mike Muscala,C,30,OKC,43,0,13.8,2.6,5.8,0.456,1.6,3.8,0.429,1,2,0.506,0.597,1.1,1.3,0.842,0.5,2.5,3,0.5,0.4,0.6,0.3,1.3,8
Svi Mykhailiuk,SF,24,TOR,56,5,12.8,1.6,4.2,0.389,0.7,2.4,0.306,0.9,1.8,0.5,0.476,0.6,0.7,0.865,0.4,1.3,1.6,0.8,0.5,0.1,0.6,1,4.6
Abdel Nader,SF,28,PHO,14,0,10.4,0.9,2.5,0.343,0.3,1,0.286,0.6,1.5,0.381,0.4,0.4,0.7,0.6,0.3,1.6,1.9,0.5,0.6,0.3,0.8,1.4,2.4
Larry Nance Jr.,C-PF,29,TOT,46,11,22.6,2.8,5.4,0.522,0.5,1.5,0.329,2.3,3.8,0.599,0.569,0.9,1.2,0.702,1.6,3.8,5.4,1.8,0.9,0.4,0.8,1.8,7
Larry Nance Jr.,C,29,POR,37,11,23.2,2.8,5.4,0.515,0.5,1.7,0.306,2.2,3.7,0.61,0.563,0.9,1.3,0.653,1.6,4.1,5.6,2,1,0.4,0.7,1.8,6.9
Larry Nance Jr.,PF,29,NOP,9,0,20.2,3,5.4,0.551,0.4,0.9,0.5,2.6,4.6,0.561,0.592,0.9,0.9,1,1.6,2.8,4.3,0.9,0.6,0.8,1.1,1.9,7.3
RJ Nembhard Jr.,SG,22,CLE,14,0,4.5,0.4,1.3,0.333,0,0.1,0,0.4,1.1,0.375,0.333,0.2,0.3,0.75,0.2,0.3,0.5,0.9,0.1,0,0.2,0.1,1.1
Aaron Nesmith,SF,22,BOS,52,3,11,1.4,3.5,0.396,0.6,2.2,0.27,0.8,1.3,0.612,0.481,0.4,0.5,0.808,0.3,1.4,1.7,0.4,0.4,0.1,0.6,1.3,3.8
Raul Neto,PG,29,WAS,70,19,19.6,2.9,6.3,0.463,0.5,1.7,0.292,2.4,4.6,0.526,0.502,1.2,1.5,0.769,0.2,1.7,1.9,3.1,0.8,0,1.1,1.5,7.5
Malik Newman,PG,24,CLE,1,0,8,3,5,0.6,0,1,0,3,4,0.75,0.6,2,2,1,0,1,1,1,0,0,1,0,8
Georges Niang,PF,28,PHI,76,7,22.8,3.2,7.4,0.437,2.1,5.1,0.403,1.2,2.3,0.511,0.575,0.7,0.8,0.881,0.3,2.3,2.7,1.3,0.4,0.2,0.8,2.5,9.2
Daishen Nix,SG,19,HOU,24,0,10.9,1.1,2.8,0.403,0.3,1.1,0.269,0.8,1.7,0.488,0.455,0.7,1.3,0.533,0.3,1.1,1.4,1.7,0.6,0,1.1,0.9,3.2
Zeke Nnaji,PF,21,DEN,41,1,17,2.3,4.5,0.516,0.9,2,0.463,1.4,2.6,0.557,0.616,1,1.6,0.631,1.4,2.2,3.6,0.4,0.4,0.3,0.6,1.9,6.6
Nerlens Noel,C,27,NYK,25,11,22.5,1.3,2.4,0.533,0,0.1,0,1.3,2.3,0.561,0.533,0.8,1.2,0.7,1.9,3.7,5.6,0.9,1.2,1.2,0.8,2.7,3.4
Jaylen Nowell,SG,22,MIN,62,1,15.7,3.2,6.7,0.475,1,2.6,0.394,2.1,4.1,0.526,0.551,1.2,1.5,0.783,0.4,1.6,2,2.1,0.4,0.2,0.6,1.2,8.5
Frank Ntilikina,SG,23,DAL,58,5,11.8,1.5,3.8,0.399,0.7,1.9,0.342,0.9,1.9,0.455,0.484,0.4,0.4,0.96,0.2,1.2,1.4,1.2,0.5,0.1,0.5,1.1,4.1
Jusuf Nurki?,C,27,POR,56,56,28.2,5.7,10.7,0.535,0.3,1,0.268,5.5,9.7,0.563,0.548,3.3,4.8,0.69,3,8.1,11.1,2.8,1.1,0.6,2.6,3.4,15
David Nwaba,SF,29,HOU,46,4,13.2,1.8,3.8,0.483,0.3,1.1,0.306,1.5,2.8,0.551,0.526,1,1.5,0.716,0.9,2.4,3.3,0.8,0.6,0.4,0.5,1.2,5.1
Jordan Nwora,SF,23,MIL,62,13,19.1,3,7.5,0.403,1.3,3.7,0.348,1.7,3.8,0.455,0.488,0.6,0.7,0.837,0.6,3,3.6,1,0.4,0.3,0.9,1.3,7.9
Royce O'Neale,SF,28,UTA,77,77,31.2,2.6,5.8,0.457,1.5,4,0.389,1.1,1.8,0.609,0.591,0.6,0.7,0.804,0.8,3.9,4.8,2.5,1.1,0.4,1,2.4,7.4
Semi Ojeleye,PF,27,TOT,30,0,13.5,1,3.3,0.303,0.5,1.7,0.3,0.5,1.6,0.306,0.379,0.8,1,0.793,0.9,1.6,2.5,0.3,0.2,0.2,0.3,1,3.3
Semi Ojeleye,PF,27,MIL,20,0,15.4,0.9,3.5,0.257,0.6,2.1,0.268,0.4,1.5,0.241,0.336,0.5,0.7,0.769,1.3,1.7,2.9,0.3,0.3,0.3,0.3,1.3,2.9
Semi Ojeleye,PF,27,LAC,10,0,9.8,1.2,2.9,0.414,0.4,0.9,0.444,0.8,2,0.4,0.483,1.3,1.6,0.813,0.2,1.4,1.6,0.4,0.2,0.1,0.4,0.4,4.1
Chuma Okeke,PF,23,ORL,70,20,25,3.1,8.2,0.376,1.7,5.3,0.318,1.4,2.9,0.48,0.478,0.8,0.9,0.846,0.7,4.3,5,1.7,1.4,0.6,0.8,1.4,8.6
Josh Okogie,SG,23,MIN,49,6,10.5,0.9,2.1,0.404,0.3,1,0.298,0.6,1.2,0.491,0.471,0.7,1,0.686,0.6,0.8,1.4,0.5,0.5,0.2,0.5,1.1,2.7
Onyeka Okongwu,C,21,ATL,48,6,20.7,3.3,4.7,0.69,0,0,,3.3,4.7,0.69,0.69,1.7,2.3,0.727,2.4,3.5,5.9,1.1,0.6,1.3,0.9,3.1,8.2
Isaac Okoro,SF,21,CLE,67,61,29.6,3.1,6.4,0.48,0.8,2.3,0.35,2.3,4.1,0.555,0.544,1.8,2.3,0.768,1.1,1.9,3,1.8,0.8,0.3,0.9,2.4,8.8
KZ Okpala,PF,22,MIA,21,0,11.6,1.4,3.3,0.435,0.4,1.2,0.346,1,2,0.488,0.5,0.4,0.5,0.727,0.5,1.4,2,0.7,0.2,0.3,0.2,1.2,3.7
Victor Oladipo,SG,29,MIA,8,1,21.6,4.4,9.1,0.479,1.9,4.5,0.417,2.5,4.6,0.541,0.582,1.8,2.4,0.737,0.4,2.5,2.9,3.5,0.6,0.1,2,1.6,12.4
Cameron Oliver,SF,25,ATL,2,0,21.5,5,7.5,0.667,0.5,1.5,0.333,4.5,6,0.75,0.7,1,1.5,0.667,1,2,3,1.5,0.5,0.5,0,2.5,11.5
Kelly Olynyk,C,30,DET,40,1,19.1,3.2,7.2,0.448,1,3,0.336,2.2,4.2,0.527,0.517,1.7,2.2,0.775,1.4,3.1,4.4,2.8,0.8,0.5,1.5,2.5,9.1
Eugene Omoruyi,SF,24,DAL,4,0,4.5,0.5,1.3,0.4,0.3,0.5,0.5,0.3,0.8,0.333,0.5,0.5,1,0.5,0.5,1.3,1.8,0.5,0,0,0,0.5,1.8
Miye Oni,SG,24,UTA,16,0,2.8,0.1,0.6,0.222,0.1,0.5,0.125,0.1,0.1,1,0.278,0,0.1,0,0.1,0.4,0.4,0.3,0,0,0.1,0.4,0.3
Cedi Osman,SF,26,CLE,66,3,22.2,3.7,8.7,0.432,1.9,5.4,0.357,1.8,3.2,0.559,0.544,1.3,2,0.664,0.4,1.8,2.2,2,0.8,0.2,1,1.9,10.7
Daniel Oturu,C,22,TOR,3,0,9,1,2,0.5,0,0.3,0,1,1.7,0.6,0.5,1,1.7,0.6,0.3,1.3,1.7,0,0,0.7,0,0.3,3
Kelly Oubre Jr.,SF,26,CHO,76,13,26.3,5.4,12.3,0.44,2.5,7.3,0.345,2.9,5,0.578,0.542,1.7,2.5,0.667,1,2.9,4,1.1,1,0.4,0.9,2.5,15
Jaysean Paige,PG,27,DET,1,0,7,0,3,0,0,2,0,0,1,0,0,0,0,,0,1,1,1,0,0,1,2,0
Trayvon Palmer,SG,27,DET,1,0,17,0,1,0,0,0,,0,1,0,0,0,0,,0,2,2,0,0,0,1,2,0
Kevin Pangos,PG,29,CLE,24,3,6.9,0.6,1.9,0.326,0.3,1.1,0.231,0.4,0.8,0.45,0.391,0.1,0.2,0.75,0.1,0.4,0.5,1.3,0.1,0,0.3,0.5,1.6
Jabari Parker,PF,26,BOS,12,0,9.3,1.5,3.2,0.474,0.7,1.3,0.5,0.8,1.8,0.455,0.579,0.8,0.8,1,0.4,1.9,2.3,0.5,0.3,0.1,0.7,1.1,4.4
Eric Paschall,PF,25,UTA,58,3,12.7,2,4.1,0.485,0.7,1.9,0.37,1.3,2.2,0.583,0.57,1.1,1.5,0.767,0.5,1.3,1.8,0.6,0.2,0.1,0.5,0.9,5.8
Chris Paul,PG,36,PHO,65,65,32.9,5.6,11.3,0.493,1,3.1,0.317,4.6,8.3,0.559,0.536,2.6,3.1,0.837,0.3,4,4.4,10.8,1.9,0.3,2.4,2.1,14.7
Cameron Payne,PG,27,PHO,58,12,22,4.1,10.1,0.409,1.2,3.6,0.336,2.9,6.5,0.449,0.469,1.3,1.5,0.843,0.4,2.6,3,4.9,0.7,0.3,1.8,2.1,10.8
Elfrid Payton,PG,27,PHO,50,1,11,1.3,3.5,0.383,0.1,0.4,0.222,1.3,3.1,0.401,0.394,0.2,0.6,0.375,0.4,1.3,1.8,2,0.5,0.1,0.9,0.8,3
Gary Payton II,SG,29,GSW,71,16,17.6,3,4.8,0.616,0.6,1.7,0.358,2.4,3.2,0.754,0.679,0.5,0.8,0.603,1,2.5,3.5,0.9,1.4,0.3,0.6,1.8,7.1
Norvel Pelle,C,28,UTA,3,0,6.3,1,1.7,0.6,0,0,,1,1.7,0.6,0.6,0,0,,1,1,2,0,0,0.3,0.7,0.3,2
Reggie Perry,PF,21,TOT,10,1,18.7,4,7.9,0.506,0.3,1.6,0.188,3.7,6.3,0.587,0.525,0.9,1.5,0.6,1.5,3.2,4.7,1.2,0.9,0.6,1.1,3.3,9.2
Reggie Perry,PF,21,POR,9,1,19.7,4.3,8.7,0.5,0.3,1.8,0.188,4,6.9,0.581,0.519,1,1.7,0.6,1.7,3.4,5.1,1.3,1,0.7,1.2,3.3,10
Reggie Perry,PF,21,IND,1,0,10,1,1,1,0,0,,1,1,1,1,0,0,,0,1,1,0,0,0,0,3,2
Jamorko Pickett,PF,24,DET,13,0,13.5,1.4,3.8,0.36,1,3,0.333,0.4,0.8,0.455,0.49,0.1,0.2,0.5,0.5,2,2.5,0.5,0,0.5,0.4,0.9,3.8
Theo Pinson,SF,26,DAL,19,0,7.8,0.7,2.1,0.359,0.5,1.6,0.333,0.2,0.5,0.444,0.487,0.5,0.5,1,0.1,1,1.1,0.9,0.3,0.1,0.3,0.6,2.5
Mason Plumlee,C,31,CHO,73,73,24.6,2.8,4.4,0.641,0,0,0,2.8,4.4,0.645,0.641,0.9,2.3,0.392,2.4,5.3,7.7,3.1,0.8,0.7,1.4,3.1,6.5
Jakob Poeltl,C,26,SAS,68,67,29,6,9.8,0.618,0,0,1,6,9.7,0.618,0.619,1.4,2.8,0.495,3.9,5.5,9.3,2.8,0.7,1.7,1.6,3.1,13.5
Aleksej Pokusevski,PF,20,OKC,61,12,20.2,3,7.5,0.408,0.9,3.2,0.289,2.1,4.2,0.498,0.47,0.6,0.8,0.7,1.2,4,5.2,2.1,0.6,0.6,1.5,1.4,7.6
Yves Pons,SF,22,MEM,12,0,5.9,0.4,1.3,0.313,0.3,0.8,0.333,0.2,0.6,0.286,0.406,0,0.2,0,0.4,0.6,1,0.1,0.1,0.3,0.1,0.5,1.1
Jordan Poole,SG,22,GSW,76,51,30,6.2,13.9,0.448,2.8,7.6,0.364,3.5,6.3,0.55,0.548,3.2,3.5,0.925,0.4,3,3.4,4,0.8,0.3,2.5,2.7,18.5
Kevin Porter Jr.,PG,21,HOU,61,61,31.3,5.5,13.2,0.415,2.5,6.8,0.375,3,6.5,0.456,0.511,2,3.2,0.642,0.7,3.7,4.4,6.2,1.1,0.4,3.1,2.6,15.6
Michael Porter Jr.,SF,23,DEN,9,9,29.4,4.1,11.4,0.359,1.1,5.3,0.208,3,6.1,0.491,0.408,0.6,1,0.556,1,5.6,6.6,1.9,1.1,0.2,1.3,1.8,9.9
Otto Porter Jr.,PF,28,GSW,63,15,22.2,3.1,6.6,0.464,1.3,3.4,0.37,1.8,3.2,0.565,0.56,0.8,1,0.803,1.4,4.4,5.7,1.5,1.1,0.5,0.6,1.3,8.2
Bobby Portis,C,26,MIL,72,59,28.2,5.8,12.1,0.479,1.8,4.7,0.393,3.9,7.4,0.533,0.555,1.2,1.6,0.752,2.5,6.6,9.1,1.2,0.7,0.7,1.3,2.4,14.6
Kristaps Porzi??is,PF,26,TOT,51,51,29,6.9,15,0.459,1.5,4.9,0.31,5.4,10.1,0.532,0.51,4.9,5.6,0.867,2,6.1,8.1,2.3,0.7,1.6,1.6,2.7,20.2
Kristaps Porzi??is,PF,26,DAL,34,34,29.5,6.7,14.9,0.451,1.4,5.1,0.283,5.3,9.9,0.537,0.499,4.3,5,0.865,1.9,5.8,7.7,2,0.7,1.7,1.6,2.6,19.2
Kristaps Porzi??is,PF,26,WAS,17,17,28.2,7.2,15.2,0.475,1.7,4.6,0.367,5.5,10.6,0.522,0.531,5.9,6.8,0.871,2.2,6.6,8.8,2.9,0.7,1.5,1.6,2.9,22.1
Micah Potter,C,23,DET,3,0,10.3,1.7,3.7,0.455,0,0.7,0,1.7,3,0.556,0.455,0.7,0.7,1,1.3,1.7,3,0,0.3,0.3,0.3,1.3,4
Dwight Powell,C,30,DAL,82,71,21.9,3.3,4.9,0.671,0.2,0.5,0.351,3.1,4.4,0.703,0.687,2,2.6,0.783,2.1,2.8,4.9,1.2,0.5,0.5,0.8,2.7,8.7
Myles Powell,PG,24,PHI,11,0,4.7,0.5,1.5,0.294,0.1,0.5,0.167,0.4,1,0.364,0.324,0.2,0.2,1,0.1,0.5,0.5,0.3,0.1,0,0.3,0.7,1.2
Norman Powell,SF-SG,28,TOT,45,41,32.4,6.2,13.4,0.461,2.4,5.6,0.419,3.8,7.8,0.491,0.549,4.2,5.2,0.811,0.4,2.8,3.2,2.1,0.9,0.5,1.5,2.4,19
Norman Powell,SF,28,POR,40,39,33.3,6.2,13.6,0.456,2.3,5.7,0.406,3.9,7.8,0.492,0.542,4,5,0.803,0.4,2.9,3.3,2.1,1,0.4,1.6,2.3,18.7
Norman Powell,SG,28,LAC,5,2,25,6.4,12.6,0.508,2.6,4.8,0.542,3.8,7.8,0.487,0.611,6,7,0.857,0.6,2.2,2.8,2.8,0.4,0.8,1.4,2.8,21.4
Joshua Primo,SF,19,SAS,50,16,19.3,2,5.4,0.374,0.8,2.7,0.307,1.2,2.7,0.444,0.452,0.9,1.2,0.746,0.6,1.6,2.3,1.6,0.4,0.5,1.1,1.6,5.8
Taurean Prince,PF,27,MIN,69,8,17.1,2.6,5.7,0.454,1.2,3.3,0.376,1.3,2.3,0.565,0.564,0.9,1.2,0.756,0.4,2.1,2.5,1,0.7,0.3,0.8,1.7,7.3
Payton Pritchard,PG,24,BOS,71,2,14.1,2.3,5.3,0.429,1.4,3.5,0.412,0.8,1.8,0.461,0.564,0.3,0.3,1,0.5,1.4,1.9,2,0.4,0.1,0.6,0.9,6.2
Trevelin Queen,SG,24,HOU,10,0,7.4,1.5,3.3,0.455,0.9,2.4,0.375,0.6,0.9,0.667,0.591,0.4,0.4,1,0.7,0.9,1.6,0.4,0.5,0.1,0.7,0.6,4.3
Neemias Queta,C,22,SAC,15,0,8,1.1,2.5,0.447,0,0,,1.1,2.5,0.447,0.447,0.7,1.1,0.647,0.9,1.1,2.1,0.4,0.1,0.5,0.4,1.2,3
Immanuel Quickley,PG,22,NYK,78,3,23.1,3.6,9.3,0.392,1.8,5.1,0.346,1.9,4.2,0.448,0.487,2.3,2.6,0.881,0.4,2.8,3.2,3.5,0.7,0,1.3,2.1,11.3
Jahmi'us Ramsey,SG,20,SAC,19,0,7.1,1.3,3.1,0.414,0.3,0.9,0.278,1,2.1,0.475,0.457,0.4,0.7,0.5,0.2,0.5,0.7,0.4,0.1,0.1,0.3,0.5,3.2
Julius Randle,PF,27,NYK,72,72,35.3,7.1,17.3,0.411,1.7,5.4,0.308,5.4,11.9,0.458,0.459,4.2,5.6,0.756,1.7,8.2,9.9,5.1,0.7,0.5,3.4,2.8,20.1
Austin Reaves,SG,23,LAL,61,19,23.2,2.4,5.2,0.459,0.9,2.7,0.317,1.5,2.5,0.616,0.542,1.6,1.9,0.839,0.7,2.4,3.2,1.8,0.5,0.3,0.7,1.4,7.3
Cam Reddish,SF,22,TOT,49,7,20.7,3.4,8.3,0.404,1.3,3.8,0.359,2,4.6,0.442,0.485,2.1,2.3,0.902,0.5,1.6,2.1,1,1,0.3,1.2,1.2,10.1
Cam Reddish,SF,22,ATL,34,7,23.4,4.1,10.1,0.402,1.7,4.5,0.379,2.4,5.6,0.421,0.487,2.1,2.4,0.9,0.6,1.9,2.5,1.1,1,0.3,1.3,1.3,11.9
Cam Reddish,SF,22,NYK,15,0,14.3,1.8,4.3,0.415,0.5,2.1,0.258,1.3,2.3,0.559,0.477,1.9,2.1,0.906,0.3,1.1,1.4,0.7,0.8,0.3,0.9,1,6.1
Davon Reed,SG,26,DEN,48,5,13.9,1.7,3.4,0.503,0.8,1.8,0.43,0.9,1.6,0.587,0.618,0.2,0.3,0.667,0.3,2,2.3,1.1,0.5,0.2,0.3,1.3,4.4
Paul Reed,C,22,PHI,38,2,7.9,1.4,2.5,0.563,0.1,0.2,0.25,1.4,2.3,0.591,0.573,0.2,0.4,0.429,1.2,1.3,2.4,0.4,0.9,0.4,0.3,1.5,3.1
Naz Reid,C,22,MIN,77,6,15.8,3,6.2,0.489,0.7,2.2,0.343,2.3,4,0.568,0.549,1.5,1.9,0.765,1.3,2.6,3.9,0.9,0.5,0.9,1.1,2.2,8.3
Nick Richards,C,24,CHO,50,5,7.3,1.2,1.8,0.667,0,0,,1.2,1.8,0.667,0.667,0.6,0.9,0.698,0.7,1,1.7,0.3,0.2,0.4,0.5,1,3
Josh Richardson,SG,28,TOT,65,7,24.6,3.6,8.2,0.438,1.6,3.8,0.415,2,4.4,0.458,0.534,1.5,1.7,0.889,0.6,2.2,2.8,1.8,0.9,0.4,1,1.8,10.2
Josh Richardson,SG,28,BOS,44,0,24.7,3.5,7.8,0.443,1.4,3.5,0.397,2,4.3,0.481,0.534,1.4,1.6,0.859,0.6,2.3,2.8,1.5,0.8,0.5,0.9,1.9,9.7
Josh Richardson,SG,28,SAS,21,7,24.4,3.9,9.1,0.429,1.9,4.3,0.444,2,4.8,0.416,0.534,1.7,1.8,0.946,0.8,2.1,2.9,2.3,1,0.3,1.3,1.6,11.4
Austin Rivers,SG,29,DEN,67,18,22.1,2.2,5.2,0.417,1.2,3.4,0.342,1,1.8,0.563,0.53,0.5,0.7,0.727,0.3,1.4,1.7,1.3,0.8,0.1,0.8,1.8,6
Duncan Robinson,SG,27,MIA,79,68,25.9,3.7,9.2,0.399,2.9,7.9,0.372,0.7,1.3,0.569,0.559,0.6,0.8,0.836,0.3,2.3,2.6,1.6,0.5,0.2,0.8,2.5,10.9
Justin Robinson,PG,24,TOT,25,0,12.2,1.1,3.7,0.301,0.7,2.4,0.295,0.4,1.3,0.313,0.398,0.2,0.3,0.5,0.2,0.7,0.8,1.3,0.4,0,0.7,1.1,3.1
Justin Robinson,PG,24,MIL,17,0,11.6,1.1,3.4,0.316,0.6,2.2,0.27,0.5,1.2,0.4,0.404,0.1,0.1,1,0.1,0.6,0.8,1.2,0.5,0,0.6,1,2.8
Justin Robinson,PG,24,SAC,3,0,5,0.3,2.7,0.125,0,1,0,0.3,1.7,0.2,0.125,0,0,,0,0.3,0.3,0.7,0,0,0.3,0.7,0.7
Justin Robinson,PG,24,DET,5,0,18.2,1.8,5.6,0.321,1.6,4.2,0.381,0.2,1.4,0.143,0.464,0.4,1.2,0.333,0.4,1,1.4,1.8,0.2,0.2,1,1.6,5.6
Mitchell Robinson,C,23,NYK,72,62,25.7,3.6,4.8,0.761,0,0,,3.6,4.8,0.761,0.761,1.2,2.5,0.486,4.1,4.5,8.6,0.5,0.8,1.8,0.8,2.7,8.5
Jeremiah Robinson-Earl,C,21,OKC,49,36,22.2,2.7,6.6,0.414,1.2,3.4,0.352,1.6,3.2,0.478,0.503,0.8,1.1,0.741,1.5,4.1,5.6,1,0.6,0.3,0.8,1.5,7.5
Isaiah Roby,PF,23,OKC,45,28,21.1,3.7,7.2,0.514,1,2.2,0.444,2.7,5,0.545,0.582,1.7,2.6,0.672,1.7,3.2,4.8,1.6,0.8,0.8,1,2.4,10.1
Rajon Rondo,PG,35,TOT,39,1,17.9,1.7,4.5,0.386,0.8,2.3,0.352,0.9,2.3,0.42,0.474,0.5,0.7,0.731,0.4,2.4,2.8,4.4,0.8,0.2,1.7,1.4,4.8
Rajon Rondo,PG,35,LAL,18,0,16.1,1.3,3.9,0.324,0.4,1.7,0.267,0.8,2.3,0.366,0.38,0.1,0.1,0.5,0.6,2.2,2.7,3.7,0.7,0.3,1.9,1.4,3.1
Rajon Rondo,PG,35,CLE,21,1,19.4,2.1,5,0.429,1.1,2.8,0.397,1,2.2,0.468,0.538,0.9,1.1,0.75,0.2,2.6,2.8,4.9,0.9,0,1.6,1.5,6.2
Derrick Rose,PG,33,NYK,26,4,24.5,4.7,10.5,0.445,1.4,3.5,0.402,3.3,7,0.467,0.513,1.2,1.2,0.968,0.8,2.2,3,4,0.8,0.5,1.5,0.6,12
Terrence Ross,SG,30,ORL,63,0,23,3.5,8.8,0.397,1.2,4.2,0.292,2.3,4.6,0.493,0.467,1.8,2.1,0.862,0.3,2.2,2.6,1.8,0.4,0.2,1.2,1.1,10
Terry Rozier,SG,27,CHO,73,73,33.7,7.1,16,0.444,3,8.1,0.374,4.1,7.9,0.516,0.539,2.1,2.4,0.852,0.8,3.5,4.3,4.5,1.3,0.3,1.3,1.6,19.3
Ricky Rubio,PG,31,CLE,34,8,28.5,4.4,12.1,0.363,1.7,5.1,0.339,2.6,7,0.38,0.434,2.6,3,0.854,0.4,3.7,4.1,6.6,1.4,0.2,2.6,2.2,13.1
D'Angelo Russell,PG,25,MIN,65,65,32,6.2,15,0.411,2.7,8,0.34,3.5,7,0.492,0.502,3,3.7,0.825,0.4,2.9,3.3,7.1,1,0.3,2.5,2,18.1
Matt Ryan,SF,24,BOS,1,0,5,1,5,0.2,1,5,0.2,0,0,,0.3,0,0,,0,0,0,0,1,0,0,0,3
Domantas Sabonis,PF-C,25,TOT,62,61,34.5,7.1,12.5,0.573,0.6,2,0.312,6.5,10.5,0.623,0.598,4,5.4,0.741,3.2,8.9,12.1,5.2,1,0.4,3.1,3.3,18.9
Domantas Sabonis,PF,25,IND,47,46,34.7,7,12.1,0.58,0.7,2.3,0.324,6.3,9.9,0.639,0.61,4.1,5.5,0.74,3.3,8.8,12.1,5,1,0.5,3,3.1,18.9
Domantas Sabonis,C,25,SAC,15,15,33.6,7.5,13.5,0.554,0.3,1.1,0.235,7.2,12.3,0.584,0.564,3.7,4.9,0.743,3.1,9.3,12.3,5.8,0.9,0.3,3.5,3.8,18.9
Olivier Sarr,C,22,OKC,22,2,19.1,2.6,4.6,0.574,0.6,1.3,0.448,2,3.3,0.625,0.639,1.1,1.3,0.828,1.5,2.7,4.2,0.9,0.3,0.7,1,2.4,7
Tomá Satoranský,SG-PG-SF,30,TOT,55,13,16.5,1.3,3.5,0.377,0.2,1,0.208,1.1,2.5,0.442,0.406,0.8,1,0.796,0.5,1.8,2.3,3.3,0.5,0.1,0.8,1.3,3.6
Tomá Satoranský,SG,30,NOP,32,3,15,1,3.3,0.299,0.2,1,0.161,0.8,2.4,0.355,0.322,0.6,0.8,0.76,0.6,1.4,2,2.4,0.4,0,0.7,1,2.8
Tomá Satoranský,SF,30,SAS,1,0,9,0,0,,0,0,,0,0,,,3,4,0.75,0,1,1,0,0,0,0,0,3
Tomá Satoranský,PG,30,WAS,22,10,18.9,1.8,3.8,0.476,0.3,1,0.273,1.5,2.8,0.548,0.512,1,1.1,0.84,0.4,2.4,2.8,4.9,0.7,0.2,1,1.7,4.9
Jordan Schakel,SG,23,WAS,4,0,7.5,0.3,2.8,0.091,0.3,1.5,0.167,0,1.3,0,0.136,0.5,0.5,1,0.5,1.5,2,0,0.3,0,0.3,0,1.3
Admiral Schofield,SF,24,ORL,38,1,12.3,1.4,3.4,0.419,0.7,2.1,0.329,0.7,1.3,0.56,0.519,0.3,0.4,0.8,0.4,1.9,2.3,0.7,0.1,0.1,0.6,1.5,3.8
Dennis Schröder,SG-PG,28,TOT,64,29,28.7,4.9,11.3,0.431,1.3,3.9,0.344,3.5,7.4,0.477,0.49,2.5,2.9,0.853,0.5,2.8,3.3,4.6,0.8,0.1,2.2,2.4,13.5
Dennis Schröder,SG,28,BOS,49,25,29.2,5.2,11.9,0.44,1.4,3.9,0.349,3.9,8,0.485,0.497,2.5,3,0.848,0.6,2.8,3.3,4.2,0.8,0.1,2.1,2.4,14.4
Dennis Schröder,PG,28,HOU,15,4,26.9,3.7,9.3,0.393,1.3,3.9,0.328,2.4,5.5,0.439,0.461,2.3,2.6,0.872,0.4,2.9,3.3,5.9,0.8,0.2,2.6,2.5,10.9
Tre Scott,SF,25,CLE,2,0,5.5,1.5,3,0.5,0,0.5,0,1.5,2.5,0.6,0.5,0,0,,0.5,0.5,1,0,0.5,0.5,0,1,3
Jay Scrubb,SG,21,LAC,18,0,6.7,1,2.6,0.391,0.3,1.2,0.286,0.7,1.4,0.48,0.457,0.4,0.6,0.7,0.1,0.8,0.9,0.4,0.2,0.2,0.4,0.5,2.7
Wayne Selden,SG,27,NYK,3,0,6.3,0.3,1.3,0.25,0.3,0.7,0.5,0,0.7,0,0.375,0.7,1.3,0.5,0,0.3,0.3,0.3,0,0,0,0.3,1.7
Alperen ?engün,C,19,HOU,72,13,20.7,3.5,7.3,0.474,0.4,1.6,0.248,3.1,5.7,0.539,0.502,2.3,3.2,0.711,1.9,3.5,5.5,2.6,0.8,0.9,2,3,9.6
Collin Sexton,SG,23,CLE,11,11,28.7,6.2,13.7,0.45,1,4.1,0.244,5.2,9.6,0.538,0.487,2.6,3.5,0.744,1.2,2.1,3.3,2.1,0.9,0,2.8,2.3,16
Landry Shamet,SG,24,PHO,69,14,20.8,2.8,7,0.394,1.8,4.8,0.368,1,2.2,0.45,0.521,1,1.2,0.84,0.2,1.6,1.8,1.6,0.4,0.1,0.6,1.3,8.3
Day'Ron Sharpe,PF,20,BRK,32,8,12.2,2.7,4.7,0.577,0.1,0.2,0.286,2.6,4.4,0.592,0.584,0.8,1.3,0.585,2.5,2.5,5,0.5,0.3,0.5,0.9,1.9,6.2
Pascal Siakam,PF,27,TOR,68,68,37.9,8.8,17.8,0.494,1.1,3.2,0.344,7.7,14.5,0.527,0.525,4.2,5.6,0.749,1.9,6.6,8.5,5.3,1.3,0.6,2.7,3.3,22.8
Chris Silva,PF,25,TOT,10,0,9.1,0.8,1.5,0.533,0,0,,0.8,1.5,0.533,0.533,1,1.2,0.833,1.3,2.3,3.6,0.7,0,0.1,0.8,2,2.6
Chris Silva,PF,25,MIN,1,0,3,0,0,,0,0,,0,0,,,0,0,,0,1,1,0,0,0,0,0,0
Chris Silva,PF,25,MIA,9,0,9.8,0.9,1.7,0.533,0,0,,0.9,1.7,0.533,0.533,1.1,1.3,0.833,1.4,2.4,3.9,0.8,0,0.1,0.9,2.2,2.9
Marko Simonovic,C,22,CHI,9,0,3.9,0.4,1.7,0.267,0.1,0.6,0.2,0.3,1.1,0.3,0.3,0.9,1.2,0.727,0.6,0.6,1.1,0,0.1,0.1,0.2,0.7,1.9
Anfernee Simons,SG,22,POR,57,30,29.5,6.2,14,0.443,3.1,7.8,0.405,3.1,6.2,0.49,0.555,1.8,2,0.888,0.5,2.2,2.6,3.9,0.5,0.1,2,1.9,17.3
Zavier Simpson,PG,24,OKC,4,4,43.5,4.8,13,0.365,0.3,2,0.125,4.5,11,0.409,0.375,1.3,1.3,1,0.5,4.8,5.3,7.5,1.3,1,2.5,3.8,11
Jericho Sims,PF,23,NYK,41,5,13.5,1,1.3,0.722,0,0,,1,1.3,0.722,0.722,0.3,0.7,0.414,1.5,2.6,4.1,0.5,0.3,0.5,0.5,1.6,2.2
Deividas Sirvydis,SG,21,DET,3,0,9,0.3,3.3,0.1,0.3,2.3,0.143,0,1,0,0.15,0,0,,0,2,2,0.3,1,0.3,0,1.3,1
Javonte Smart,PG,22,TOT,17,1,11.8,1.1,3.5,0.317,0.5,1.6,0.296,0.6,1.9,0.333,0.383,0.3,0.4,0.833,0.3,1.1,1.4,0.9,0.4,0.2,0.6,0.7,3
Javonte Smart,PG,22,MIL,13,1,12.3,0.8,3.3,0.256,0.3,1.4,0.222,0.5,1.9,0.28,0.302,0.4,0.5,0.833,0.3,1.2,1.5,1.1,0.3,0.2,0.7,0.8,2.4
Javonte Smart,PG,22,MIA,4,0,10,2,4.3,0.471,1,2.3,0.444,1,2,0.5,0.588,0,0,,0.3,1,1.3,0.5,0.5,0.3,0.5,0.3,5
Marcus Smart,PG,27,BOS,71,71,32.3,4.2,10.1,0.418,1.7,5.1,0.331,2.5,5,0.506,0.501,2,2.5,0.793,0.6,3.2,3.8,5.9,1.7,0.3,2.2,2.3,12.1
Dennis Smith Jr.,PG,24,POR,37,4,17.2,2.1,5.1,0.418,0.2,0.7,0.222,2,4.4,0.451,0.434,1.1,1.7,0.656,0.5,1.8,2.4,3.6,1.2,0.3,1.4,1.4,5.6
Ish Smith,PG,33,TOT,65,1,17.3,2.8,6.6,0.43,0.4,1,0.373,2.5,5.6,0.441,0.459,0.2,0.4,0.625,0.4,1.8,2.2,3.8,0.7,0.4,1.2,1.2,6.3
Ish Smith,PG,33,CHO,37,1,13.8,2,5,0.395,0.3,0.7,0.4,1.7,4.3,0.394,0.422,0.3,0.5,0.632,0.3,1.2,1.5,2.6,0.5,0.3,1,0.9,4.5
Ish Smith,PG,33,WAS,28,0,22,4,8.8,0.457,0.5,1.5,0.357,3.5,7.3,0.478,0.488,0.1,0.2,0.6,0.5,2.5,3,5.2,1,0.5,1.5,1.6,8.6
Jalen Smith,PF,21,TOT,51,8,18.1,3.5,6.9,0.503,0.8,2.4,0.328,2.7,4.5,0.596,0.56,1.5,2,0.765,2,4,6,0.5,0.3,0.8,0.8,1.9,9.2
Jalen Smith,PF,21,PHO,29,4,13.2,2.2,4.7,0.46,0.3,1.3,0.231,1.9,3.4,0.551,0.493,1.4,1.8,0.769,1.9,2.9,4.8,0.2,0.2,0.6,0.8,1.8,6
Jalen Smith,PF,21,IND,22,4,24.7,5.1,9.7,0.531,1.4,3.8,0.373,3.7,5.9,0.631,0.603,1.7,2.3,0.76,2.1,5.5,7.6,0.8,0.4,1,0.9,2,13.4
Xavier Sneed,SF,24,TOT,9,0,4.3,0.2,1.1,0.2,0.1,0.9,0.125,0.1,0.2,0.5,0.25,0,0,,0.2,0.4,0.7,0.1,0,0,0,0.2,0.6
Xavier Sneed,SF,24,MEM,2,0,4,0,1,0,0,1,0,0,0,,0,0,0,,0.5,0.5,1,0,0,0,0,1,0
Xavier Sneed,SF,24,UTA,7,0,4.4,0.3,1.1,0.25,0.1,0.9,0.167,0.1,0.3,0.5,0.313,0,0,,0.1,0.4,0.6,0.1,0,0,0,0,0.7
Tony Snell,SG,30,TOT,53,12,15.5,1.3,3.2,0.404,0.8,2.4,0.352,0.5,0.8,0.558,0.535,0.1,0.1,1,0.3,1.6,1.9,0.5,0.3,0.2,0.4,1.3,3.5
Tony Snell,SG,30,POR,38,10,14.4,0.9,2.6,0.371,0.6,2,0.32,0.3,0.6,0.545,0.495,0.1,0.1,1,0.3,1.6,1.9,0.5,0.2,0.2,0.3,1.2,2.6
Tony Snell,SG,30,NOP,15,2,18.5,2.2,4.9,0.446,1.4,3.5,0.396,0.8,1.4,0.571,0.588,0.1,0.1,1,0.3,1.7,2.1,0.5,0.5,0.1,0.5,1.7,5.9
Jaden Springer,SG,19,PHI,2,0,3,0.5,0.5,1,0,0,,0.5,0.5,1,1,0,0,,0.5,0.5,1,0,0,1,0.5,0,1
Cassius Stanley,SG,22,DET,9,1,17.2,2.1,5.1,0.413,0.4,1.9,0.235,1.7,3.2,0.517,0.457,1.1,1.1,1,0.6,1.6,2.1,0.4,0.6,0.2,0.7,1.9,5.8
Nik Stauskas,SG,28,TOT,8,0,4.9,0.6,1.8,0.357,0.5,1.3,0.4,0.1,0.5,0.25,0.5,0.5,0.8,0.667,0.1,0.3,0.4,0.3,0,0,0.1,0.1,2.3
Nik Stauskas,SG,28,MIA,2,0,12,1.5,4,0.375,1,2,0.5,0.5,2,0.25,0.5,1.5,2,0.75,0.5,1,1.5,0.5,0,0,0,0.5,5.5
Nik Stauskas,SG,28,BOS,6,0,2.5,0.3,1,0.333,0.3,1,0.333,0,0,,0.5,0.2,0.3,0.5,0,0,0,0.2,0,0,0.2,0,1.2
Lance Stephenson,PG-SG,31,TOT,46,1,17.7,3.2,7,0.455,0.6,2,0.3,2.6,5.1,0.515,0.497,1.4,1.7,0.788,0.3,2.5,2.8,3.6,0.5,0.1,1.6,2.1,8.3
Lance Stephenson,SG,31,ATL,6,0,11.7,0.8,2.2,0.385,0,0.5,0,0.8,1.7,0.5,0.385,0.2,0.3,0.5,0.2,2.3,2.5,1.8,0,0,0.7,1.3,1.8
Lance Stephenson,PG,31,IND,40,1,18.6,3.6,7.8,0.458,0.7,2.2,0.31,2.9,5.6,0.516,0.502,1.6,2,0.795,0.3,2.5,2.8,3.9,0.6,0.1,1.7,2.2,9.3
Lamar Stevens,PF,24,CLE,63,13,16.1,2.5,5.1,0.489,0.3,1,0.277,2.2,4,0.543,0.517,0.8,1.2,0.707,0.7,1.9,2.6,0.7,0.5,0.3,0.7,1.7,6.1
Isaiah Stewart,C,20,DET,71,71,25.6,3.5,6.9,0.51,0.2,0.6,0.326,3.3,6.3,0.529,0.526,1,1.5,0.718,3.2,5.5,8.7,1.2,0.3,1.1,1.2,3,8.3
Max Strus,SF,25,MIA,68,16,23.3,3.7,8.3,0.441,2.7,6.5,0.41,1,1.8,0.557,0.602,0.6,0.8,0.792,0.4,2.6,3,1.4,0.4,0.2,0.8,1.7,10.6
Jalen Suggs,PG,20,ORL,48,45,27.2,4.1,11.4,0.361,0.9,4.1,0.214,3.3,7.3,0.443,0.4,2.6,3.4,0.773,0.5,3,3.6,4.4,1.2,0.4,3,3,11.8
Craig Sword,SG,28,WAS,3,0,6.3,1,1.3,0.75,0,0.3,0,1,1,1,0.75,0,0,,0,0,0,0.3,1.3,0,0.3,2.3,2
Keifer Sykes,PG,28,IND,32,11,17.7,2.2,5.9,0.363,0.8,2.8,0.3,1.3,3.1,0.42,0.434,0.5,0.5,0.882,0.3,1.2,1.4,1.9,0.4,0.1,1,1.6,5.6
Jae'Sean Tate,PF,26,HOU,78,77,26.4,4.7,9.3,0.498,0.8,2.6,0.312,3.8,6.8,0.569,0.541,1.7,2.4,0.707,1.7,3.7,5.4,2.8,0.9,0.5,1.8,3.7,11.8
Jayson Tatum,SF,23,BOS,76,76,35.9,9.3,20.6,0.453,3,8.6,0.353,6.3,12,0.524,0.526,5.3,6.2,0.853,1.1,6.9,8,4.4,1,0.6,2.9,2.3,26.9
Terry Taylor,SG,22,IND,33,7,21.6,4.1,6.7,0.614,0.4,1.2,0.316,3.7,5.5,0.676,0.641,1.1,1.5,0.706,2.9,2.3,5.2,1.2,0.4,0.2,0.7,1.8,9.6
Garrett Temple,SG,35,NOP,59,16,18.6,1.9,5,0.376,1,3.1,0.319,0.9,1.9,0.473,0.476,0.5,0.7,0.683,0.5,1.9,2.4,1.3,0.7,0.4,0.7,1.4,5.2
Emanuel Terry,PF,25,PHO,3,0,6,0,1.7,0,0,0,,0,1.7,0,0,0,0,,2.7,2.3,5,0.7,0.3,0,1.7,1.3,0
Tyrell Terry,PG,21,MEM,2,0,1.5,0.5,0.5,1,0,0,,0.5,0.5,1,1,0,0,,0,0,0,0,0,0,0,0.5,1
Jon Teske,C,24,MEM,3,0,2.7,0,0.3,0,0,0,,0,0.3,0,0,0,0.7,0,0,0.7,0.7,0.3,0.3,0,0,0.3,0
Daniel Theis,C,29,TOT,47,27,20.8,3.2,6.2,0.519,0.7,2.3,0.308,2.5,3.9,0.641,0.576,1,1.5,0.681,1.3,3.6,4.9,0.9,0.4,0.7,1,2.4,8.2
Daniel Theis,C,29,HOU,26,21,22.5,3.2,6.9,0.469,0.9,3,0.291,2.3,3.8,0.61,0.534,1,1.5,0.675,1.2,3.8,5,0.8,0.4,0.7,1.2,2.4,8.4
Daniel Theis,C,29,BOS,21,6,18.7,3.2,5.3,0.598,0.5,1.3,0.357,2.7,4,0.679,0.643,1,1.5,0.688,1.3,3.4,4.7,1,0.4,0.7,0.7,2.3,7.9
Brodric Thomas,SG,25,BOS,12,0,5,0.7,1.5,0.444,0.2,0.8,0.222,0.5,0.8,0.667,0.5,0.3,0.4,0.6,0.2,0.7,0.8,0.9,0.1,0.1,0.5,0.6,1.8
Cam Thomas,SG,20,BRK,67,2,17.6,3.3,7.5,0.433,0.7,2.6,0.27,2.6,4.9,0.52,0.48,1.3,1.6,0.829,0.2,2.2,2.4,1.2,0.5,0.1,0.8,1,8.5
Isaiah Thomas,PG,32,TOT,22,1,15.1,3,7.6,0.401,1.3,3.8,0.337,1.8,3.8,0.464,0.485,1,1.2,0.846,0.2,1.1,1.3,1.5,0.3,0.2,0.7,1.5,8.4
Isaiah Thomas,PG,32,LAL,4,1,25.3,3,9.8,0.308,1.3,5.5,0.227,1.8,4.3,0.412,0.372,2,2.8,0.727,0.3,1.8,2,1.5,0,0.5,1.3,3,9.3
Isaiah Thomas,PG,32,DAL,1,0,13,3,8,0.375,0,3,0,3,5,0.6,0.375,0,0,,0,0,0,4,0,0,0,0,6
Isaiah Thomas,PG,32,CHO,17,0,12.9,3.1,7.1,0.433,1.4,3.4,0.397,1.7,3.6,0.468,0.529,0.8,0.9,0.933,0.2,1.1,1.2,1.4,0.4,0.2,0.6,1.3,8.3
Matt Thomas,SG,27,CHI,40,0,11.5,1.4,3.4,0.41,0.9,2.3,0.385,0.5,1.1,0.465,0.541,0.4,0.5,0.8,0.1,1.2,1.3,0.5,0.2,0.1,0.2,0.5,4
Klay Thompson,SG,31,GSW,32,32,29.4,7.7,17.9,0.429,3.6,9.3,0.385,4.1,8.7,0.477,0.529,1.4,1.6,0.902,0.5,3.4,3.9,2.8,0.5,0.5,1.3,1.7,20.4
Tristan Thompson,PF,30,TOT,57,6,15.7,2.5,4.7,0.528,0,0.1,0.333,2.5,4.6,0.53,0.53,1.1,2,0.526,2.1,2.9,5.1,0.6,0.4,0.4,0.8,1.7,6
Tristan Thompson,PF,30,SAC,30,3,15.2,2.5,5,0.503,0,0,1,2.5,5,0.5,0.507,1.1,2,0.533,2.4,3,5.4,0.6,0.4,0.4,1,1.7,6.2
Tristan Thompson,PF,30,IND,4,0,16.5,3.3,6,0.542,0,0,,3.3,6,0.542,0.542,0.8,2,0.375,1.8,2.8,4.5,0.5,0,0.5,1,1.8,7.3
Tristan Thompson,PF,30,CHI,23,3,16.3,2.3,4,0.565,0,0.1,0,2.3,3.9,0.578,0.565,1.1,2.1,0.542,1.8,3,4.7,0.6,0.5,0.3,0.5,1.7,5.7
JT Thor,PF,19,CHO,33,0,7.9,0.7,1.7,0.436,0.2,0.8,0.259,0.5,0.8,0.607,0.5,0.4,0.6,0.6,0.3,1,1.3,0.6,0.2,0.3,0.3,0.8,2
Matisse Thybulle,SG,24,PHI,66,50,25.5,2.3,4.5,0.5,0.7,2.2,0.313,1.6,2.4,0.673,0.575,0.5,0.7,0.791,0.6,1.7,2.3,1.1,1.7,1.1,0.6,2.4,5.7
Killian Tillie,C,23,MEM,36,3,12.8,1.2,3.5,0.339,0.8,2.4,0.314,0.4,1.1,0.39,0.445,0.1,0.2,0.625,0.6,1.1,1.7,0.6,0.6,0.4,0.4,1.6,3.3
Xavier Tillman Sr.,PF,23,MEM,53,2,13.2,1.8,4.1,0.454,0.2,0.9,0.204,1.7,3.2,0.527,0.477,0.9,1.3,0.648,1.2,1.8,3,1.2,0.9,0.3,0.6,1.2,4.8
Isaiah Todd,PF,20,WAS,12,0,6.2,0.6,2.2,0.269,0.3,1.3,0.25,0.3,0.8,0.3,0.346,0.2,0.5,0.333,0.3,0.8,1,0.3,0.3,0.2,0.3,0.3,1.7
Obi Toppin,PF,23,NYK,72,10,17.1,3.5,6.6,0.531,0.7,2.3,0.308,2.8,4.2,0.655,0.586,1.3,1.7,0.758,1,2.8,3.7,1.1,0.3,0.5,0.8,1.4,9
Juan Toscano-Anderson,SF,28,GSW,73,6,13.6,1.6,3.2,0.489,0.4,1.2,0.322,1.2,2,0.588,0.549,0.5,1,0.571,0.4,2,2.4,1.7,0.7,0.2,0.9,1.6,4.1
Karl-Anthony Towns,C,26,MIN,74,74,33.5,8.7,16.4,0.529,2,4.9,0.41,6.6,11.5,0.58,0.591,5.2,6.3,0.822,2.6,7.2,9.8,3.6,1,1.1,3.1,3.6,24.6
Gary Trent Jr.,SG,23,TOR,70,69,35,6.4,15.5,0.414,3,7.8,0.383,3.4,7.7,0.445,0.511,2.5,2.9,0.853,0.4,2.4,2.7,2,1.7,0.3,1,2.1,18.3
P.J. Tucker,PF,36,MIA,71,70,27.9,2.9,6,0.484,1.1,2.7,0.415,1.8,3.3,0.54,0.577,0.6,0.9,0.738,1.4,4,5.5,2.1,0.8,0.2,0.9,2.3,7.6
Rayjon Tucker,SG,24,TOT,5,0,14.2,1.2,1.8,0.667,0.8,1,0.8,0.4,0.8,0.5,0.889,1,1.4,0.714,0.6,1,1.6,2,0.8,0,0.2,1,4.2
Rayjon Tucker,SG,24,DEN,3,0,9.7,0.3,0.7,0.5,0.3,0.7,0.5,0,0,,0.75,1,1.3,0.75,0.3,1,1.3,1.3,0.3,0,0,1,2
Rayjon Tucker,SG,24,MIL,2,0,21,2.5,3.5,0.714,1.5,1.5,1,1,2,0.5,0.929,1,1.5,0.667,1,1,2,3,1.5,0,0.5,1,7.5
Myles Turner,C,25,IND,42,42,29.4,4.8,9.4,0.509,1.5,4.4,0.333,3.3,5,0.662,0.587,1.9,2.5,0.752,1.5,5.5,7.1,1,0.7,2.8,1.3,2.8,12.9
Jonas Valan?i?nas,C,29,NOP,74,74,30.3,6.9,12.7,0.544,0.8,2.1,0.361,6.1,10.5,0.581,0.574,3.2,3.9,0.82,3.1,8.3,11.4,2.6,0.6,0.8,2.4,3.3,17.8
Denzel Valentine,SG,28,TOT,24,0,9.3,1,2.8,0.379,0.8,2,0.404,0.3,0.8,0.316,0.523,0,0,,0.4,1.4,1.8,0.5,0.3,0,0.5,0.8,2.9
Denzel Valentine,SG,28,CLE,22,0,9.3,1,2.8,0.371,0.8,2,0.409,0.2,0.8,0.278,0.516,0,0,,0.4,1.3,1.7,0.5,0.3,0,0.5,0.8,2.9
Denzel Valentine,SG,28,UTA,2,0,9,1,2,0.5,0.5,1.5,0.333,0.5,0.5,1,0.625,0,0,,0,2,2,0,0.5,0,1,1.5,2.5
Jarred Vanderbilt,PF,22,MIN,74,67,25.4,2.9,4.9,0.587,0,0.2,0.143,2.8,4.7,0.605,0.59,1.2,1.8,0.656,2.9,5.5,8.4,1.3,1.3,0.6,1,2.4,6.9
Fred VanVleet,PG,27,TOR,65,65,37.9,6.8,16.9,0.403,3.7,9.9,0.377,3.1,7,0.44,0.513,3,3.4,0.874,0.7,3.8,4.4,6.7,1.7,0.5,2.6,2.5,20.3
Devin Vassell,SF,21,SAS,71,32,27.3,4.6,10.8,0.427,1.9,5.4,0.361,2.7,5.4,0.492,0.516,1.2,1.4,0.838,0.6,3.7,4.3,1.9,1.1,0.6,0.8,2,12.3
Gabe Vincent,PG,25,MIA,68,27,23.4,3.1,7.5,0.417,1.8,4.8,0.368,1.4,2.8,0.5,0.533,0.6,0.8,0.815,0.3,1.5,1.9,3.1,0.9,0.2,1.4,2.3,8.7
Nikola Vu?evi?,C,31,CHI,73,73,33.1,7.5,15.8,0.473,1.4,4.5,0.314,6.1,11.3,0.537,0.518,1.3,1.7,0.76,1.9,9.1,11,3.2,1,1,1.9,2.5,17.6
Dean Wade,PF,25,CLE,51,28,19.2,1.9,4.3,0.456,1,2.8,0.359,0.9,1.5,0.64,0.574,0.4,0.6,0.667,0.6,2.3,2.9,1,0.6,0.1,0.3,1.7,5.3
Franz Wagner,SF,20,ORL,79,79,30.7,5.8,12.3,0.468,1.2,3.4,0.354,4.6,8.9,0.511,0.517,2.4,2.8,0.863,1.1,3.4,4.5,2.9,0.9,0.4,1.5,2.1,15.2
Moritz Wagner,C,24,ORL,63,3,15.2,3.1,6.3,0.497,1,3.2,0.328,2.1,3.1,0.672,0.581,1.7,2,0.806,0.7,3,3.7,1.4,0.3,0.2,0.9,2,9
Ish Wainright,PF,27,PHO,45,0,8,0.9,2.3,0.394,0.4,1.3,0.322,0.5,1,0.489,0.486,0.2,0.3,0.583,0.6,0.6,1.2,0.3,0.4,0.1,0.3,1.1,2.4
Kemba Walker,PG,31,NYK,37,37,25.6,4,10,0.403,2,5.4,0.367,2.1,4.6,0.444,0.501,1.6,1.9,0.845,0.4,2.6,3,3.5,0.7,0.2,1.3,1,11.6
Lonnie Walker IV,SG,23,SAS,70,6,23,4.4,10.9,0.407,1.6,5,0.314,2.9,5.9,0.487,0.48,1.7,2.1,0.784,0.3,2.3,2.6,2.2,0.6,0.3,1,1.4,12.1
M.J. Walker,SG,23,PHO,2,0,4,0,2,0,0,1,0,0,1,0,0,0,0,,0,0.5,0.5,0.5,1,0,0,0.5,0
Tyrone Wallace,SG,27,NOP,6,0,12.5,1.2,3.3,0.35,0.3,1.3,0.25,0.8,2,0.417,0.4,0.2,0.8,0.2,0,1.3,1.3,0.2,0.5,0.2,0.3,1.2,2.8
Derrick Walton,PG,26,DET,3,3,36,2,8.7,0.231,1,4.3,0.231,1,4.3,0.231,0.288,1.3,1.3,1,0.7,2.7,3.3,7,2.3,1.3,3.7,2.7,6.3
Brad Wanamaker,PG,32,TOT,23,2,13.9,1.2,3.3,0.364,0.2,0.7,0.235,1,2.6,0.4,0.39,1,1.1,0.92,0.3,1.4,1.7,2.4,0.3,0.3,1,2,3.6
Brad Wanamaker,PG,32,IND,22,1,13.3,1.2,3.3,0.361,0.2,0.8,0.235,1,2.5,0.4,0.389,0.9,1,0.909,0.3,1.3,1.6,2.2,0.2,0.3,1,1.9,3.5
Brad Wanamaker,PG,32,WAS,1,1,27,2,5,0.4,0,0,,2,5,0.4,0.4,3,3,1,0,4,4,7,2,0,0,3,7
Duane Washington Jr.,PG,21,IND,48,7,20.2,3.6,8.9,0.405,1.7,4.5,0.377,1.9,4.4,0.434,0.5,1,1.3,0.754,0.1,1.6,1.7,1.8,0.5,0.1,1.2,1.4,9.9
P.J. Washington,C,23,CHO,65,28,27.2,3.8,8.2,0.47,1.7,4.6,0.365,2.2,3.6,0.606,0.573,0.9,1.2,0.716,1.3,3.9,5.2,2.3,0.9,0.9,1.3,2.3,10.3
Yuta Watanabe,SF,27,TOR,38,4,11.7,1.5,3.6,0.406,0.7,2.1,0.342,0.8,1.6,0.492,0.504,0.6,1.1,0.6,0.5,1.9,2.4,0.6,0.3,0.4,0.5,1,4.3
Lindy Waters III,SG,24,OKC,25,1,18.6,2.8,7,0.406,2.1,5.8,0.363,0.7,1.2,0.621,0.557,0.2,0.2,0.8,0.2,2.7,2.9,1,0.8,0.3,0.4,1.2,8
Tremont Waters,PG,24,TOT,3,0,16.7,1.3,4.7,0.286,0.7,3,0.222,0.7,1.7,0.4,0.357,0,0,,0,1.3,1.3,2.3,1.7,0,1.3,1.3,3.3
Tremont Waters,PG,24,TOR,2,0,21,1.5,6,0.25,1,4.5,0.222,0.5,1.5,0.333,0.333,0,0,,0,2,2,3.5,2,0,2,1,4
Tremont Waters,PG,24,WAS,1,0,8,1,2,0.5,0,0,,1,2,0.5,0.5,0,0,,0,0,0,0,1,0,0,2,2
Trendon Watford,SF,21,POR,48,10,18.1,3,5.6,0.532,0.2,0.8,0.237,2.8,4.8,0.581,0.549,1.5,2,0.755,1.2,3,4.1,1.7,0.5,0.6,0.9,2.4,7.6
Paul Watson,SF,27,OKC,9,3,17.3,1.3,3.9,0.343,0.7,2.9,0.231,0.7,1,0.667,0.429,0.1,0.2,0.5,0.3,2.7,3,0.9,0.3,0.3,0.4,1.1,3.4
Quinndary Weatherspoon,SG,25,GSW,11,0,6.6,1.1,1.9,0.571,0.1,0.5,0.2,1,1.5,0.688,0.595,0.5,0.5,1,0.2,1.1,1.3,0.5,0.1,0.1,0.3,1.4,2.7
Russell Westbrook,PG,33,LAL,78,78,34.3,7,15.8,0.444,1,3.4,0.298,6,12.4,0.485,0.476,3.4,5.1,0.667,1.4,6,7.4,7.1,1,0.3,3.8,3,18.5
Coby White,PG,21,CHI,61,17,27.5,4.6,10.6,0.433,2.2,5.8,0.385,2.3,4.8,0.491,0.539,1.3,1.5,0.857,0.3,2.7,3,2.9,0.5,0.2,1.1,2.2,12.7
Derrick White,SG,27,TOT,75,52,29.3,4.5,10.7,0.421,1.5,4.9,0.312,3,5.7,0.515,0.493,2.7,3.1,0.864,0.5,3,3.5,4.9,0.9,0.8,1.6,2.3,13.2
Derrick White,SG,27,SAS,49,48,30.3,5,11.6,0.426,1.7,5.3,0.314,3.3,6.4,0.519,0.497,2.8,3.3,0.869,0.5,3,3.5,5.6,1,0.9,1.8,2.4,14.4
Derrick White,SG,27,BOS,26,4,27.4,3.6,8.8,0.409,1.3,4.3,0.306,2.3,4.6,0.504,0.483,2.5,2.9,0.853,0.5,2.9,3.4,3.5,0.6,0.6,1.2,2.2,11
Hassan Whiteside,C,32,UTA,65,8,17.9,3.3,5.1,0.652,0,0,,3.3,5.1,0.652,0.652,1.6,2.6,0.623,2.6,5,7.6,0.4,0.3,1.6,0.8,2.8,8.2
Joe Wieskamp,SG,22,SAS,29,0,7.1,0.7,1.9,0.357,0.5,1.5,0.326,0.2,0.4,0.462,0.482,0.2,0.4,0.538,0.1,0.3,0.5,0.3,0.1,0.1,0.1,0.5,2.1
Aaron Wiggins,SG,23,OKC,50,35,24.2,3.1,6.7,0.463,0.8,2.8,0.304,2.3,4,0.573,0.525,1.2,1.7,0.729,1,2.5,3.6,1.4,0.6,0.2,1.1,1.9,8.3
Andrew Wiggins,SF,26,GSW,73,73,31.9,6.5,14,0.466,2.2,5.5,0.393,4.4,8.5,0.513,0.543,2,3.2,0.634,1.2,3.3,4.5,2.2,1,0.7,1.5,2.2,17.2
Lindell Wigginton,PG,23,MIL,19,0,10.5,1.4,3.2,0.426,0.5,1.4,0.346,0.9,1.8,0.486,0.5,1,1.8,0.543,0.2,1.2,1.3,1.2,0.3,0.1,0.6,0.9,4.2
Brandon Williams,PG,22,POR,24,16,26.7,4.4,11.8,0.372,1.3,4.4,0.292,3.1,7.3,0.42,0.427,2.8,4,0.701,0.8,2.3,3.1,3.9,1,0.4,2.4,2.2,12.9
Grant Williams,PF,23,BOS,77,21,24.4,2.7,5.6,0.475,1.4,3.4,0.411,1.3,2.3,0.569,0.597,1.1,1.2,0.905,0.8,2.7,3.6,1,0.5,0.7,0.8,2.4,7.8
Kenrich Williams,SF,27,OKC,49,0,21.9,3,6.5,0.461,0.8,2.5,0.339,2.1,4,0.536,0.525,0.6,1.1,0.545,1.5,3,4.5,2.2,0.9,0.2,0.9,1.7,7.4
Lou Williams,PG,35,ATL,56,0,14.3,2.2,5.7,0.391,0.7,1.8,0.363,1.6,3.9,0.404,0.448,1.2,1.4,0.859,0.3,1.3,1.6,1.9,0.5,0.1,0.8,0.9,6.3
Patrick Williams,PF,20,CHI,17,9,24.8,3.2,6,0.529,0.9,1.7,0.517,2.3,4.3,0.534,0.603,1.8,2.4,0.732,1,3.1,4.1,0.9,0.5,0.5,0.9,1.6,9
Robert Williams,C,24,BOS,61,61,29.6,4.4,6,0.736,0,0,0,4.4,6,0.738,0.736,1.1,1.5,0.722,3.9,5.7,9.6,2,0.9,2.2,1,2.2,10
Ziaire Williams,SF,20,MEM,62,31,21.7,3.1,6.8,0.45,1.2,3.9,0.314,1.9,2.9,0.632,0.54,0.7,0.9,0.782,0.4,1.7,2.1,1,0.6,0.2,0.7,1.8,8.1
D.J. Wilson,PF,25,TOR,4,1,13.5,2.8,3.8,0.733,0,0.5,0,2.8,3.3,0.846,0.733,2,2.5,0.8,0.3,3.8,4,1.3,1.3,0.3,0.5,1.5,7.5
Dylan Windler,SF,25,CLE,50,0,9.2,0.7,2,0.378,0.4,1.4,0.3,0.3,0.6,0.571,0.485,0.3,0.4,0.833,0.4,1.4,1.8,0.7,0.3,0.1,0.3,0.9,2.2
Justise Winslow,PF,25,TOT,48,11,16.1,2.3,5.4,0.428,0.3,1.4,0.227,2,4,0.497,0.457,0.8,1.4,0.591,1,3.2,4.2,1.8,0.7,0.5,1,1.4,5.7
Justise Winslow,PF,25,LAC,37,1,12.9,1.7,3.8,0.447,0.1,0.8,0.172,1.6,3,0.518,0.465,0.7,1.1,0.61,0.8,2.8,3.6,1.4,0.6,0.5,1,1.2,4.2
Justise Winslow,PF,25,POR,11,10,26.8,4.3,10.5,0.405,0.9,3.4,0.27,3.4,7.2,0.468,0.448,1.3,2.3,0.56,1.8,4.5,6.3,2.9,1.3,0.6,1.1,1.9,10.7
Cassius Winston,PG,23,WAS,7,0,5.6,0.6,1.6,0.364,0.3,0.9,0.333,0.3,0.7,0.4,0.455,0.6,0.6,1,0,0.1,0.1,1,0,0,0.4,1.3,2
Christian Wood,C,26,HOU,68,67,30.8,6.5,12.9,0.501,1.9,4.9,0.39,4.5,8,0.57,0.576,3,4.9,0.623,1.6,8.5,10.1,2.3,0.8,1,1.9,2.5,17.9
Robert Woodard II,SF,22,SAC,12,0,3.5,0.2,1.3,0.125,0.1,0.3,0.25,0.1,1,0.083,0.156,0.2,0.2,1,0.4,0.5,0.9,0.3,0.1,0.1,0.1,0.3,0.6
Delon Wright,SG,29,ATL,77,8,18.9,1.6,3.5,0.454,0.6,1.5,0.379,1,2,0.51,0.535,0.7,0.8,0.857,0.6,2.2,2.9,2.4,1.2,0.2,0.6,0.7,4.4
McKinley Wright IV,PG,23,MIN,5,0,3.8,0.4,0.6,0.667,0.2,0.4,0.5,0.2,0.2,1,0.833,0,0,,0,0,0,0.6,0,0,0.2,0.2,1
Moses Wright,PF,23,TOT,4,0,3.5,0.3,1,0.25,0,0.3,0,0.3,0.8,0.333,0.25,0.8,0.8,1,0.3,0.5,0.8,0.5,0,0.3,0,0,1.3
Moses Wright,PF,23,LAC,1,0,1,0,0,,0,0,,0,0,,,0,0,,0,0,0,1,0,0,0,0,0
Moses Wright,PF,23,DAL,3,0,4.3,0.3,1.3,0.25,0,0.3,0,0.3,1,0.333,0.25,1,1,1,0.3,0.7,1,0.3,0,0.3,0,0,1.7
Gabe York,SG,28,IND,2,0,10.5,1,3.5,0.286,0.5,3,0.167,0.5,0.5,1,0.357,1.5,2.5,0.6,0,1,1,2,1,0.5,0.5,2,4
Thaddeus Young,PF,33,TOT,52,1,16.3,2.7,5.2,0.518,0.3,0.9,0.354,2.4,4.3,0.554,0.55,0.4,0.9,0.469,1.5,2.5,4,2,1,0.3,1,1.6,6.2
Thaddeus Young,PF,33,SAS,26,1,14.2,2.8,4.9,0.578,0,0.2,0,2.8,4.7,0.602,0.578,0.4,0.8,0.455,1.5,2,3.6,2.3,0.9,0.3,1.2,1.5,6.1
Thaddeus Young,PF,33,TOR,26,0,18.3,2.6,5.5,0.465,0.7,1.7,0.395,1.9,3.9,0.495,0.524,0.5,1,0.481,1.5,2.9,4.4,1.7,1.2,0.4,0.8,1.7,6.3
Trae Young,PG,23,ATL,76,76,34.9,9.4,20.3,0.46,3.1,8,0.382,6.3,12.3,0.512,0.536,6.6,7.3,0.904,0.7,3.1,3.7,9.7,0.9,0.1,4,1.7,28.4
Omer Yurtseven,C,23,MIA,56,12,12.6,2.3,4.4,0.526,0,0.2,0.091,2.3,4.2,0.547,0.528,0.7,1.1,0.623,1.5,3.7,5.3,0.9,0.3,0.4,0.7,1.5,5.3
Cody Zeller,C,29,POR,27,0,13.1,1.9,3.3,0.567,0,0.1,0,1.9,3.2,0.593,0.567,1.4,1.8,0.776,1.9,2.8,4.6,0.8,0.3,0.2,0.7,2.1,5.2
Ivica Zubac,C,24,LAC,76,76,24.4,4.1,6.5,0.626,0,0,,4.1,6.5,0.626,0.626,2.2,3,0.727,2.9,5.6,8.5,1.6,0.5,1,1.5,2.7,10.3
