GameDate,AwayTeam,HomeTeam,qtr,min,sec,kickteam,def,down,togo,kicker,ydline,name,distance,homekick,kickdiff,timerem,offscore,defscore,season,GOOD,Missed,Blocked
20081130,IND,CLE,1,47,2,IND,CLE,4,11,15,12,A.Vinatieri,30,0,-3,2822,0,3,2008,1,0,0
20081005,IND,HOU,1,54,47,IND,HOU,4,3,15,28,A.Vinatieri,46,0,0,3287,0,0,2008,1,0,0
20081228,TEN,IND,1,45,20,IND,TEN,4,3,15,10,A.Vinatieri,28,1,7,2720,7,0,2008,1,0,0
20081012,BAL,IND,1,45,42,IND,BAL,4,1,15,19,A.Vinatieri,37,1,14,2742,14,0,2008,1,0,0
20080907,CHI,IND,1,50,56,IND,CHI,4,21,15,21,A.Vinatieri,39,1,0,3056,0,0,2008,1,0,0
20081116,HOU,IND,1,50,43,IND,HOU,4,7,15,22,A.Vinatieri,40,1,-3,3043,0,3,2008,1,0,0
20081123,IND,SD,1,46,45,IND,SD,4,5,15,5,A.Vinatieri,23,0,0,2805,0,0,2008,1,0,0
20081207,KC,DEN,1,52,34,KC,DEN,4,7,18,8,C.Barth,26,0,0,3154,0,0,2008,1,0,0
20081130,KC,OAK,1,46,12,KC,OAK,4,7,18,20,C.Barth,38,0,-3,2772,0,3,2008,1,0,0
20090118,PHI,ARI,1,49,46,PHI,ARI,4,9,29,27,D.Akers,45,0,-7,2986,0,7,2008,1,0,0
20080915,PHI,DAL,1,48,7,PHI,DAL,4,9,29,26,D.Akers,44,0,-4,2887,3,7,2008,1,0,0
20080915,PHI,DAL,1,55,48,PHI,DAL,4,3,29,16,D.Akers,34,0,0,3348,0,0,2008,1,0,0
20090104,PHI,MIN,1,51,49,PHI,MIN,4,9,29,26,D.Akers,43,0,0,3109,0,0,2008,1,0,0
20090104,PHI,MIN,1,45,2,PHI,MIN,4,2,29,33,D.Akers,51,0,3,2702,3,0,2008,1,0,0
20081207,PHI,NYG,1,45,4,PHI,NYG,4,11,29,33,D.Akers,51,0,0,2704,0,0,2008,1,0,0
20081215,CLE,PHI,1,45,52,PHI,CLE,4,6,29,6,D.Akers,24,1,4,2752,7,3,2008,1,0,0
20081228,DAL,PHI,1,53,54,PHI,DAL,4,5,29,22,D.Akers,40,1,0,3234,0,0,2008,1,0,0
20081005,WAS,PHI,1,45,28,PHI,WAS,4,5,29,32,D.Akers,50,1,7,2728,7,0,2008,0,1,0
20081102,MIA,DEN,1,56,40,MIA,DEN,4,3,19,27,D.Carpenter,45,0,0,3400,0,0,2008,1,0,0
20081102,MIA,DEN,1,51,1,MIA,DEN,4,9,19,29,D.Carpenter,47,0,3,3061,3,0,2008,1,0,0
20081221,MIA,KC,1,56,52,MIA,KC,4,16,19,16,D.Carpenter,34,0,7,3412,7,0,2008,1,0,0
20090104,BAL,MIA,1,53,21,MIA,BAL,4,1,19,1,D.Carpenter,19,1,0,3201,0,0,2008,1,0,0
20081019,BAL,MIA,1,53,26,MIA,BAL,4,3,19,3,D.Carpenter,21,1,0,3206,0,0,2008,1,0,0
20081005,SD,MIA,1,47,53,MIA,SD,4,4,19,29,D.Carpenter,47,1,-3,2873,0,3,2008,1,0,0
20081109,NO,ATL,1,47,18,NO,ATL,4,5,24,6,G.Hartley,24,0,-7,2838,0,7,2008,1,0,0
20081116,NO,KC,1,45,31,NO,KC,4,4,24,12,G.Hartley,30,0,-7,2731,0,7,2008,1,0,0
20081130,NO,TB,1,50,44,NO,TB,4,4,24,29,G.Hartley,47,0,0,3044,0,0,2008,1,0,0
20081026,STL,NE,1,53,53,STL,NE,4,2,35,2,J.Brown,20,0,0,3233,0,0,2008,1,0,0
20081116,STL,SF,1,56,5,STL,SF,4,4,35,30,J.Brown,48,0,0,3365,0,0,2008,0,1,0
20081130,MIA,STL,1,55,53,STL,MIA,4,5,35,5,J.Brown,23,1,0,3353,0,0,2008,1,0,0
20081130,MIA,STL,1,46,53,STL,MIA,4,3,35,33,J.Brown,51,1,3,2813,3,0,2008,1,0,0
20081012,STL,WAS,1,49,6,STL,WAS,4,5,35,33,J.Brown,51,0,-7,2946,0,7,2008,1,0,0
20090111,PHI,NYG,1,55,5,NYG,PHI,4,3,25,4,J.Carney,22,1,0,3305,0,0,2008,1,0,0
20080904,WAS,NYG,1,48,3,NYG,WAS,4,2,25,7,J.Carney,24,1,7,2883,7,0,2008,1,0,0
20081221,CAR,NYG,1,54,39,NYG,CAR,4,6,25,14,J.Carney,32,1,0,3279,0,0,2008,1,0,0
20081109,NYG,PHI,1,51,48,NYG,PHI,4,6,25,9,J.Carney,27,0,0,3108,7,7,2008,1,0,0
20081026,NYG,PIT,1,49,43,NYG,PIT,4,8,25,8,J.Carney,26,0,-7,2983,0,7,2008,1,0,0
20081130,NYG,WAS,1,47,15,NYG,WAS,4,13,25,13,J.Carney,31,0,7,2835,7,0,2008,1,0,0
20081123,CAR,ATL,1,56,19,ATL,CAR,4,2,2,5,J.Elam,23,1,0,3379,0,0,2008,1,0,0
20081214,TB,ATL,1,51,53,ATL,TB,4,7,2,8,J.Elam,26,1,0,3113,0,0,2008,1,0,0
20081012,CHI,ATL,1,54,15,ATL,CHI,4,6,2,11,J.Elam,29,1,0,3255,0,0,2008,1,0,0
20081228,STL,ATL,1,55,7,ATL,STL,4,3,2,21,J.Elam,39,1,0,3307,0,0,2008,1,0,0
20081116,DEN,ATL,1,47,31,ATL,DEN,4,4,2,28,J.Elam,46,1,-7,2851,0,7,2008,1,0,0
20081012,CHI,ATL,1,46,3,ATL,CHI,4,6,2,30,J.Elam,48,1,3,2763,3,0,2008,1,0,0
20080928,ATL,CAR,1,46,37,ATL,CAR,4,5,2,15,J.Elam,33,0,-7,2797,0,7,2008,1,0,0
20081005,ATL,GB,1,49,20,ATL,GB,4,6,2,24,J.Elam,42,0,7,2960,7,0,2008,1,0,0
20081130,ATL,SD,1,50,59,ATL,SD,4,6,2,17,J.Elam,35,0,0,3059,0,0,2008,1,0,0
20081130,ATL,SD,1,45,1,ATL,SD,4,6,2,22,J.Elam,40,0,-4,2701,3,7,2008,1,0,0
20081102,NYJ,BUF,1,53,6,NYJ,BUF,4,8,27,8,J.Feely,26,0,-4,3186,3,7,2008,1,0,0
20081102,NYJ,BUF,1,45,22,NYJ,BUF,4,15,27,19,J.Feely,37,0,-1,2722,6,7,2008,0,1,0
20081102,NYJ,BUF,1,58,17,NYJ,BUF,4,8,27,19,J.Feely,37,0,0,3497,0,0,2008,1,0,0
20081113,NYJ,NE,1,45,10,NYJ,NE,4,4,27,4,J.Feely,22,0,4,2710,7,3,2008,1,0,0
20081109,STL,NYJ,1,51,59,NYJ,STL,4,3,27,4,J.Feely,22,1,7,3119,7,0,2008,1,0,0
20080914,NE,NYJ,1,54,2,NYJ,NE,4,4,27,13,J.Feely,31,1,0,3242,0,0,2008,0,1,0
20081026,KC,NYJ,1,47,32,NYJ,KC,4,7,27,18,J.Feely,36,1,7,2852,7,0,2008,0,1,0
20081019,NYJ,OAK,1,56,44,NYJ,OAK,4,5,27,22,J.Feely,40,0,0,3404,0,0,2008,1,0,0
20081221,NYJ,SEA,1,53,11,NYJ,SEA,4,1,27,2,J.Feely,20,0,0,3191,0,0,2008,1,0,0
20081207,MIN,DET,1,46,5,DET,MIN,4,7,12,7,J.Hanson,25,1,0,2765,0,0,2008,1,0,0
20081123,TB,DET,1,45,15,DET,TB,4,4,12,20,J.Hanson,38,1,7,2715,7,0,2008,1,0,0
20081127,TEN,DET,1,55,35,DET,TEN,4,7,12,35,J.Hanson,53,1,-7,3335,0,7,2008,1,0,0
20081214,DET,IND,1,49,50,DET,IND,4,7,12,32,J.Hanson,51,0,-7,2990,0,7,2008,1,0,0
20081208,TB,CAR,1,53,53,CAR,TB,4,15,6,16,J.Kasay,33,1,0,3233,0,0,2008,1,0,0
20081019,NO,CAR,1,54,44,CAR,NO,4,7,6,22,J.Kasay,39,1,0,3284,0,0,2008,1,0,0
20081214,DEN,CAR,1,45,15,CAR,DEN,4,4,6,21,J.Kasay,39,1,-3,2715,7,10,2008,1,0,0
20080921,CAR,MIN,1,57,57,CAR,MIN,4,4,6,25,J.Kasay,43,0,0,3477,0,0,2008,1,0,0
20081228,CAR,NO,1,47,25,CAR,NO,4,2,6,9,J.Kasay,26,0,3,2845,3,0,2008,1,0,0
20081228,CAR,NO,1,53,6,CAR,NO,4,12,6,28,J.Kasay,45,0,0,3186,0,0,2008,1,0,0
20081123,SF,DAL,1,45,3,SF,DAL,4,4,34,4,J.Nedney,22,0,3,2703,3,0,2008,1,0,0
20081123,SF,DAL,1,47,42,SF,DAL,4,5,34,5,J.Nedney,23,0,0,2862,0,0,2008,1,0,0
20081123,SF,DAL,1,55,53,SF,DAL,4,7,34,35,J.Nedney,53,0,0,3353,0,0,2008,0,1,0
20081214,SF,MIA,1,49,2,SF,MIA,4,5,34,20,J.Nedney,38,0,-7,2942,0,7,2008,1,0,0
20080928,SF,NO,1,52,27,SF,NO,4,7,34,29,J.Nedney,47,0,0,3147,0,0,2008,1,0,0
20081019,SF,NYG,1,49,28,SF,NYG,4,8,34,22,J.Nedney,40,0,-7,2968,0,7,2008,1,0,0
20080914,SF,SEA,1,47,39,SF,SEA,4,7,34,8,J.Nedney,26,0,-7,2859,0,7,2008,1,0,0
20081012,PHI,SF,1,57,38,SF,PHI,4,6,34,14,J.Nedney,32,1,0,3458,0,0,2008,1,0,0
20081012,PHI,SF,1,49,29,SF,PHI,4,6,34,19,J.Nedney,37,1,-4,2969,3,7,2008,1,0,0
20081228,WAS,SF,1,49,16,SF,WAS,4,2,34,30,J.Nedney,48,1,7,2956,7,0,2008,0,1,0
20081221,SF,STL,1,47,5,SF,STL,4,10,34,30,J.Nedney,48,0,0,2825,0,0,2008,1,0,0
20081207,JAC,CHI,1,51,33,JAC,CHI,4,8,16,24,J.Scobee,42,0,-7,3093,0,7,2008,1,0,0
20081012,JAC,DEN,1,49,0,JAC,DEN,4,5,16,30,J.Scobee,48,0,-7,2940,0,7,2008,1,0,0
20081109,JAC,DET,1,57,40,JAC,DET,4,3,16,16,J.Scobee,34,0,0,3460,0,0,2008,1,0,0
20090201,PIT,ARI,1,54,50,PIT,ARI,4,1,31,1,Je.Reed,18,0,0,3290,0,0,2008,1,0,0
20081019,PIT,CIN,1,45,45,PIT,CIN,4,3,31,3,Je.Reed,21,0,7,2745,7,0,2008,1,0,0
20081130,PIT,NE,1,47,55,PIT,NE,4,1,31,2,Je.Reed,20,0,-7,2875,0,7,2008,1,0,0
20080921,PIT,PHI,1,47,55,PIT,PHI,4,5,31,19,Je.Reed,37,0,0,2875,0,0,2008,1,0,0
20090118,BAL,PIT,1,56,26,PIT,BAL,4,3,31,16,Je.Reed,34,1,0,3386,0,0,2008,1,0,0
20090118,BAL,PIT,1,51,15,PIT,BAL,4,10,31,24,Je.Reed,42,1,3,3075,3,0,2008,1,0,0
20081207,DAL,PIT,1,56,57,PIT,DAL,4,10,31,27,Je.Reed,45,1,0,3417,0,0,2008,0,1,0
20080929,BAL,PIT,1,51,50,PIT,BAL,4,18,31,31,Je.Reed,49,1,0,3110,0,0,2008,1,0,0
20081116,SD,PIT,1,55,22,PIT,SD,4,5,31,33,Je.Reed,51,1,0,3322,0,0,2008,0,1,0
20081012,MIA,HOU,1,46,4,HOU,MIA,4,3,14,9,K.Brown,27,1,-7,2764,0,7,2008,1,0,0
20081201,JAC,HOU,1,51,33,HOU,JAC,4,10,14,20,K.Brown,38,1,7,3093,7,0,2008,1,0,0
20081116,HOU,IND,1,54,25,HOU,IND,4,2,14,10,K.Brown,28,0,0,3265,0,0,2008,1,0,0
20081116,HOU,IND,1,48,2,HOU,IND,4,15,14,16,K.Brown,34,0,0,2882,3,3,2008,1,0,0
20080928,HOU,JAC,1,45,11,HOU,JAC,4,9,14,9,K.Brown,27,0,-7,2711,0,7,2008,1,0,0
20080921,HOU,TEN,1,48,54,HOU,TEN,4,6,14,6,K.Brown,24,0,-4,2934,3,7,2008,1,0,0
20080921,HOU,TEN,1,57,11,HOU,TEN,4,22,14,26,K.Brown,44,0,0,3431,0,0,2008,1,0,0
20081208,TB,CAR,1,46,3,TB,CAR,4,2,36,22,M.Bryant,40,0,-3,2763,0,3,2008,0,1,0
20081026,TB,DAL,1,56,2,TB,DAL,4,1,36,18,M.Bryant,36,0,0,3362,0,0,2008,1,0,0
20081026,TB,DAL,1,46,14,TB,DAL,4,14,36,18,M.Bryant,36,0,3,2774,3,0,2008,1,0,0
20081005,TB,DEN,1,49,32,TB,DEN,4,4,36,15,M.Bryant,33,0,0,2972,0,0,2008,1,0,0
20081116,MIN,TB,1,47,54,TB,MIN,4,8,36,21,M.Bryant,39,1,-3,2874,0,3,2008,1,0,0
20081019,IND,GB,1,53,10,GB,IND,4,5,13,13,M.Crosby,31,1,0,3190,0,0,2008,1,0,0
20080921,DAL,GB,1,53,6,GB,DAL,4,17,13,18,M.Crosby,36,1,-3,3186,0,3,2008,1,0,0
20081214,GB,JAC,1,47,38,GB,JAC,4,4,13,4,M.Crosby,22,0,-7,2858,0,7,2008,1,0,0
20081012,GB,SEA,1,47,28,GB,SEA,4,1,13,11,M.Crosby,29,0,0,2848,0,0,2008,1,0,0
20080921,NO,DEN,1,47,12,NO,DEN,4,7,22,25,M.Gramatica,43,0,-7,2832,0,7,2008,1,0,0
20081006,MIN,NO,1,48,2,NO,MIN,4,10,22,17,M.Gramatica,35,1,7,2882,7,0,2008,1,0,0
20081006,MIN,NO,1,51,31,NO,MIN,4,10,22,28,M.Gramatica,46,1,7,3091,7,0,2008,1,0,1
20080907,NYJ,MIA,1,48,35,NYJ,MIA,4,7,26,13,M.Nugent,32,0,7,2915,7,0,2008,0,1,0
20081214,DEN,CAR,1,48,42,DEN,CAR,4,4,11,25,M.Prater,43,0,0,2922,7,7,2008,1,0,0
20081106,DEN,CLE,1,58,27,DEN,CLE,4,7,11,20,M.Prater,38,0,0,3507,0,0,2008,0,1,0
20081221,BUF,DEN,1,50,1,DEN,BUF,4,5,11,5,M.Prater,23,1,7,3001,7,0,2008,1,0,0
20081130,DEN,NYJ,1,46,48,DEN,NYJ,4,7,11,7,M.Prater,25,0,7,2808,14,7,2008,1,0,0
20081228,JAC,BAL,1,54,36,BAL,JAC,4,14,3,14,M.Stover,32,1,0,3276,0,0,2008,1,0,0
20081005,TEN,BAL,1,50,56,BAL,TEN,4,5,3,20,M.Stover,38,1,0,3056,0,0,2008,1,0,0
20080921,CLE,BAL,1,55,10,BAL,CLE,4,3,3,30,M.Stover,48,1,0,3310,0,0,2008,0,1,0
20081228,JAC,BAL,1,52,3,BAL,JAC,4,7,3,30,M.Stover,48,1,3,3123,3,0,2008,0,1,0
20081130,BAL,CIN,1,51,10,BAL,CIN,4,2,3,8,M.Stover,27,0,0,3070,0,0,2008,1,0,0
20081102,BAL,CLE,1,55,43,BAL,CLE,4,12,3,23,M.Stover,41,0,0,3343,0,0,2008,1,0,0
20081220,BAL,DAL,1,51,17,BAL,DAL,4,7,3,7,M.Stover,26,0,-7,3077,0,7,2008,1,0,0
20090104,BAL,MIA,1,47,52,BAL,MIA,4,5,3,5,M.Stover,23,0,-3,2872,0,3,2008,1,0,0
20081019,BAL,MIA,1,46,36,BAL,MIA,4,11,3,29,M.Stover,47,0,-3,2796,0,3,2008,1,0,0
20081116,BAL,NYG,1,49,39,BAL,NYG,4,3,3,13,M.Stover,32,0,-7,2979,0,7,2008,1,0,1
20080929,BAL,PIT,1,45,22,BAL,PIT,4,8,3,15,M.Stover,33,0,-3,2722,0,3,2008,1,0,0
20081005,CIN,DAL,1,58,10,DAL,CIN,4,5,10,12,N.Folk,30,1,0,3490,0,0,2008,1,0,0
20080921,DAL,GB,1,58,17,DAL,GB,4,3,10,7,N.Folk,25,0,0,3497,0,0,2008,1,0,0
20081228,DAL,PHI,1,45,41,DAL,PHI,4,5,10,19,N.Folk,37,0,-3,2741,0,3,2008,1,0,0
20080914,SD,DEN,1,48,51,SD,DEN,4,9,32,16,N.Kaeding,34,0,-7,2931,0,7,2008,1,0,0
20081005,SD,MIA,1,52,46,SD,MIA,4,10,32,16,N.Kaeding,34,0,0,3166,0,0,2008,1,0,0
20081026,SD,NO,1,48,34,SD,NO,4,4,32,15,N.Kaeding,33,0,-3,2914,0,3,2008,1,0,0
20081204,OAK,SD,1,56,50,SD,OAK,4,2,32,2,N.Kaeding,20,1,0,3410,0,0,2008,1,0,0
20081012,NE,SD,1,55,44,SD,NE,4,7,32,7,N.Kaeding,25,1,0,3344,0,0,2008,1,0,0
20081228,DEN,SD,1,56,45,SD,DEN,4,9,32,10,N.Kaeding,28,1,0,3405,0,0,2008,1,0,0
20080922,NYJ,SD,1,50,44,SD,NYJ,4,2,32,18,N.Kaeding,36,1,0,3044,0,0,2008,1,0,0
20081012,NE,SD,1,45,45,SD,NE,4,2,32,26,N.Kaeding,44,1,10,2745,10,0,2008,0,1,0
20080928,DEN,KC,1,50,28,KC,DEN,4,1,17,3,N.Novak,21,1,3,3028,3,0,2008,1,0,0
20080928,DEN,KC,1,54,55,KC,DEN,4,5,17,5,N.Novak,23,1,0,3295,0,0,2008,1,0,0
20081110,SF,ARI,1,54,50,ARI,SF,4,2,1,10,N.Rackers,28,1,0,3290,0,0,2008,1,0,0
20081123,NYG,ARI,1,51,23,ARI,NYG,4,8,1,16,N.Rackers,34,1,0,3083,0,0,2008,1,0,0
20081026,ARI,CAR,1,51,59,ARI,CAR,4,3,1,3,N.Rackers,21,0,0,3119,0,0,2008,1,0,0
20080928,ARI,NYJ,1,50,11,ARI,NYJ,4,13,1,19,N.Rackers,37,0,0,3011,0,0,2008,1,0,1
20081116,ARI,SEA,1,52,52,ARI,SEA,4,1,1,20,N.Rackers,38,0,0,3172,0,0,2008,1,0,0
20080907,ARI,SF,1,56,10,ARI,SF,4,7,1,7,N.Rackers,25,0,0,3370,0,0,2008,1,0,0
20080907,ARI,SF,1,53,48,ARI,SF,4,16,1,17,N.Rackers,35,0,3,3228,3,0,2008,0,1,0
20081127,SEA,DAL,1,46,2,SEA,DAL,4,18,33,26,O.Mare,44,0,-14,2762,0,14,2008,1,0,0
20081005,SEA,NYG,1,52,14,SEA,NYG,4,6,33,12,O.Mare,30,0,-7,3134,0,7,2008,1,0,0
20080921,STL,SEA,1,56,22,SEA,STL,4,4,33,10,O.Mare,28,1,0,3382,0,0,2008,1,0,0
20081123,WAS,SEA,1,52,24,SEA,WAS,4,20,33,26,O.Mare,45,1,0,3144,0,0,2008,1,0,0
20081026,SEA,SF,1,51,20,SEA,SF,4,7,33,24,O.Mare,42,0,3,3080,3,0,2008,1,0,0
20081026,SEA,SF,1,55,10,SEA,SF,4,11,33,25,O.Mare,43,0,0,3310,0,0,2008,1,0,0
20081117,CLE,BUF,1,47,31,CLE,BUF,4,14,9,16,P.Dawson,33,0,3,2851,3,0,2008,1,0,0
20081117,CLE,BUF,1,54,32,CLE,BUF,4,8,9,23,P.Dawson,40,0,0,3272,0,0,2008,1,0,0
20080928,CLE,CIN,1,54,32,CLE,CIN,4,3,9,7,P.Dawson,25,0,0,3272,0,0,2008,1,0,0
20081013,NYG,CLE,1,55,11,CLE,NYG,4,9,9,11,P.Dawson,28,1,0,3311,0,0,2008,1,0,0
20081130,IND,CLE,1,54,9,CLE,IND,4,5,9,17,P.Dawson,34,1,0,3249,0,0,2008,1,0,0
20081013,NYG,CLE,1,45,38,CLE,NYG,4,13,9,34,P.Dawson,51,1,3,2738,3,0,2008,0,1,0
20081215,CLE,PHI,1,51,51,CLE,PHI,4,6,9,9,P.Dawson,27,0,-7,3111,0,7,2008,1,0,0
20081228,CLE,PIT,1,48,43,CLE,PIT,4,3,9,36,P.Dawson,53,0,0,2923,0,0,2008,0,1,0
20081207,CLE,TEN,1,49,5,CLE,TEN,4,8,9,23,P.Dawson,41,0,3,2945,3,0,2008,1,0,0
20081207,CLE,TEN,1,57,3,CLE,TEN,4,9,9,30,P.Dawson,47,0,0,3423,0,0,2008,1,0,0
20081214,TEN,HOU,1,53,42,TEN,HOU,4,3,37,8,R.Bironas,26,0,0,3222,0,0,2008,1,0,0
20081116,TEN,JAC,1,50,31,TEN,JAC,4,4,37,14,R.Bironas,32,0,0,3031,0,0,2008,1,0,0
20081019,TEN,KC,1,53,2,TEN,KC,4,6,37,31,R.Bironas,49,0,0,3182,0,0,2008,1,0,0
20080928,MIN,TEN,1,55,7,TEN,MIN,4,2,37,2,R.Bironas,20,1,0,3307,0,0,2008,1,0,0
20081102,GB,TEN,1,54,47,TEN,GB,4,7,37,13,R.Bironas,31,1,0,3287,0,0,2008,1,0,0
20081027,IND,TEN,1,54,47,TEN,IND,4,5,37,16,R.Bironas,34,1,0,3287,0,0,2008,1,0,0
20080907,JAC,TEN,1,54,55,TEN,JAC,4,7,37,29,R.Bironas,47,1,0,3295,0,0,2008,1,0,0
20081207,JAC,CHI,1,45,24,CHI,JAC,4,4,7,4,R.Gould,22,1,4,2724,7,3,2008,1,0,0
20081102,DET,CHI,1,56,19,CHI,DET,4,9,7,18,R.Gould,36,1,0,3379,0,0,2008,1,0,0
20080921,TB,CHI,1,57,48,CHI,TB,4,17,7,22,R.Gould,40,1,0,3468,0,0,2008,1,0,0
20080921,TB,CHI,1,51,15,CHI,TB,4,8,7,25,R.Gould,43,1,3,3075,3,0,2008,1,0,0
20081005,CHI,DET,1,51,52,CHI,DET,4,11,7,19,R.Gould,37,0,0,3112,0,0,2008,1,0,0
20081228,CHI,HOU,1,48,34,CHI,HOU,4,4,7,19,R.Gould,37,0,7,2914,7,0,2008,1,0,0
20081019,SD,BUF,1,51,52,BUF,SD,4,5,5,20,R.Lindell,38,1,0,3112,0,0,2008,1,0,0
20081207,MIA,BUF,1,47,45,BUF,MIA,4,12,5,22,R.Lindell,40,1,-7,2865,0,7,2008,1,0,0
20081026,BUF,MIA,1,49,25,BUF,MIA,4,1,5,1,R.Lindell,19,0,-7,2965,0,7,2008,1,0,0
20081214,BUF,NYJ,1,52,48,BUF,NYJ,4,4,5,16,R.Lindell,34,0,-7,3168,0,7,2008,1,0,0
20080928,BUF,STL,1,48,11,BUF,STL,4,17,5,17,R.Lindell,35,0,-4,2891,3,7,2008,1,0,0
20080928,BUF,STL,1,56,31,BUF,STL,4,5,5,27,R.Lindell,45,0,0,3391,0,0,2008,1,0,0
20081123,MIN,JAC,1,51,5,MIN,JAC,4,12,20,36,R.Longwell,54,0,7,3065,14,7,2008,1,0,0
20080914,IND,MIN,1,45,13,MIN,IND,4,2,20,9,R.Longwell,27,1,3,2713,3,0,2008,1,0,0
20080914,IND,MIN,1,55,14,MIN,IND,4,9,20,27,R.Longwell,45,1,0,3314,0,0,2008,1,0,0
20081006,MIN,NO,1,45,58,MIN,NO,4,11,20,36,R.Longwell,53,0,-3,2758,7,10,2008,1,0,0
20081116,MIN,TB,1,51,58,MIN,TB,4,7,20,25,R.Longwell,43,0,0,3118,0,0,2008,1,0,0
20081228,NE,BUF,1,48,5,NE,BUF,4,4,21,15,S.Gostkowski,33,0,0,2885,0,0,2008,1,0,0
20081123,NE,MIA,1,55,13,NE,MIA,4,2,21,12,S.Gostkowski,30,0,0,3313,0,0,2008,1,0,0
20081020,DEN,NE,1,50,14,NE,DEN,4,7,21,13,S.Gostkowski,31,1,0,3014,0,0,2008,1,0,0
20081020,DEN,NE,1,47,11,NE,DEN,4,9,21,21,S.Gostkowski,40,1,3,2831,3,0,2008,1,0,0
20081113,NYJ,NE,1,49,31,NE,NYJ,4,4,21,25,S.Gostkowski,42,1,-7,2971,0,7,2008,1,0,0
20080914,NE,NYJ,1,48,4,NE,NYJ,4,3,21,3,S.Gostkowski,21,0,0,2884,0,0,2008,1,0,0
20081012,NE,SD,1,50,56,NE,SD,4,5,21,31,S.Gostkowski,48,0,-3,3056,0,3,2008,0,1,0
20081207,NE,SEA,1,45,53,NE,SEA,4,9,21,32,S.Gostkowski,50,0,-7,2753,0,7,2008,1,0,0
20081228,KC,CIN,1,46,45,CIN,KC,4,3,8,21,S.Graham,38,1,0,2805,0,0,2008,1,0,0
20081026,CIN,HOU,1,51,29,CIN,HOU,4,7,8,26,S.Graham,43,0,0,3089,0,0,2008,1,0,0
20080921,CIN,NYG,1,45,48,CIN,NYG,4,4,8,4,S.Graham,22,0,0,2748,0,0,2008,1,0,0
20080921,OAK,BUF,1,57,43,OAK,BUF,4,5,28,5,S.Janikowski,23,0,0,3463,0,0,2008,1,0,0
20080921,OAK,BUF,1,45,36,OAK,BUF,4,8,28,17,S.Janikowski,35,0,3,2736,3,0,2008,1,0,0
20080914,OAK,KC,1,46,22,OAK,KC,4,7,28,7,S.Janikowski,25,0,3,2782,3,0,2008,1,0,0
20080914,OAK,KC,1,50,55,OAK,KC,4,4,28,37,S.Janikowski,56,0,0,3055,0,0,2008,1,0,0
20081012,OAK,NO,1,54,47,OAK,NO,4,6,28,6,S.Janikowski,24,0,0,3287,0,0,2008,1,0,0
20080928,SD,OAK,1,56,1,OAK,SD,4,4,28,4,S.Janikowski,22,1,0,3361,0,0,2008,1,0,0
20081130,KC,OAK,1,52,56,OAK,KC,4,3,28,7,S.Janikowski,25,1,0,3176,0,0,2008,1,0,0
20081019,NYJ,OAK,1,46,52,OAK,NYJ,4,11,28,11,S.Janikowski,29,1,-3,2812,0,3,2008,1,0,0
20081221,HOU,OAK,1,45,8,OAK,HOU,4,2,28,12,S.Janikowski,30,1,3,2708,10,7,2008,1,0,0
20081221,HOU,OAK,1,48,47,OAK,HOU,4,2,28,15,S.Janikowski,33,1,0,2927,7,7,2008,1,0,0
20081026,WAS,DET,1,53,16,WAS,DET,4,7,30,7,S.Suisham,25,0,0,3196,0,0,2008,1,0,0
20081123,WAS,SEA,1,48,5,WAS,SEA,4,9,30,25,S.Suisham,43,0,-3,2885,0,3,2008,0,1,0
20080914,NO,WAS,1,46,32,WAS,NO,4,2,30,4,S.Suisham,22,1,0,2792,0,0,2008,1,0,0
20081103,PIT,WAS,1,56,7,WAS,PIT,4,5,30,25,S.Suisham,43,1,3,3367,3,0,2008,1,0,0
20081103,PIT,WAS,1,58,1,WAS,PIT,4,1,30,27,S.Suisham,44,1,0,3481,0,0,2008,1,0,0
20080914,NO,WAS,1,54,20,WAS,NO,4,11,30,31,S.Suisham,49,1,0,3260,0,0,2008,0,1,0
20081026,SD,NO,1,51,37,NO,SD,4,5,23,5,T.Mehlhaff,23,1,0,3097,0,0,2008,1,0,0
20081012,OAK,NO,1,49,15,NO,OAK,4,7,23,13,T.Mehlhaff,31,1,-3,2955,0,3,2008,0,1,0
20081005,IND,HOU,2,33,22,IND,HOU,4,12,15,31,A.Vinatieri,49,0,0,2002,10,10,2008,0,1,0
20081228,TEN,IND,2,40,19,IND,TEN,4,3,15,3,A.Vinatieri,21,1,10,2419,10,0,2008,1,0,0
20081116,HOU,IND,2,30,10,IND,HOU,4,1,15,14,A.Vinatieri,32,1,-7,1810,6,13,2008,1,0,0
20080907,CHI,IND,2,39,42,IND,CHI,4,4,15,16,A.Vinatieri,34,1,-4,2382,3,7,2008,1,0,0
20081228,TEN,IND,2,32,31,IND,TEN,4,4,15,20,A.Vinatieri,38,1,13,1951,13,0,2008,1,0,0
20081116,HOU,IND,2,41,39,IND,HOU,4,5,15,21,A.Vinatieri,39,1,-3,2499,3,6,2008,1,0,0
20081218,IND,JAC,2,31,6,IND,JAC,4,3,15,11,A.Vinatieri,30,0,-7,1866,7,14,2008,0,1,0
20090103,IND,SD,2,36,51,IND,SD,4,6,15,25,A.Vinatieri,43,0,0,2211,7,7,2008,1,0,0
20081116,NO,KC,2,33,39,KC,NO,4,2,18,2,C.Barth,20,1,-3,2019,7,10,2008,1,0,0
20081214,SD,KC,2,43,18,KC,SD,4,1,18,16,C.Barth,34,1,7,2598,7,0,2008,0,1,0
20081102,TB,KC,2,32,17,KC,TB,4,19,18,21,C.Barth,39,1,18,1937,21,3,2008,1,0,0
20081123,BUF,KC,2,33,27,KC,BUF,4,18,18,27,C.Barth,45,1,1,2007,14,13,2008,1,0,0
20090118,PHI,ARI,2,39,5,PHI,ARI,4,6,29,15,D.Akers,33,0,-11,2345,3,14,2008,1,0,0
20090118,PHI,ARI,2,43,34,PHI,ARI,4,4,29,29,D.Akers,47,0,-4,2614,3,7,2008,0,1,0
20080928,PHI,CHI,2,35,29,PHI,CHI,4,1,29,32,D.Akers,50,0,0,2129,14,14,2008,0,1,0
20081116,PHI,CIN,2,41,16,PHI,CIN,4,3,29,23,D.Akers,42,0,-3,2476,0,3,2008,1,0,0
20080915,PHI,DAL,2,30,49,PHI,DAL,4,4,29,4,D.Akers,22,0,6,1849,27,21,2008,1,0,0
20090104,PHI,MIN,2,37,38,PHI,MIN,4,2,29,13,D.Akers,31,0,-1,2258,6,7,2008,1,0,0
20090111,PHI,NYG,2,30,4,PHI,NYG,2,7,29,7,D.Akers,25,0,-1,1804,7,8,2008,1,0,0
20081207,PHI,NYG,2,30,7,PHI,NYG,1,10,29,14,D.Akers,32,0,10,1807,10,0,2008,1,0,1
20081109,NYG,PHI,2,30,5,PHI,NYG,2,10,29,11,D.Akers,29,1,-6,1805,14,20,2008,1,0,0
20080921,PIT,PHI,2,32,40,PHI,PIT,4,8,29,13,D.Akers,31,1,4,1960,7,3,2008,1,0,0
20081026,ATL,PHI,2,30,4,PHI,ATL,2,10,29,18,D.Akers,36,1,0,1804,7,7,2008,1,0,0
20081127,ARI,PHI,2,30,5,PHI,ARI,2,20,29,24,D.Akers,42,1,14,1805,21,7,2008,1,0,0
20081228,DAL,PHI,2,30,3,PHI,DAL,1,10,29,31,D.Akers,50,1,21,1803,24,3,2008,1,0,0
20081012,PHI,SF,2,34,35,PHI,SF,4,1,29,1,D.Akers,19,0,8,2075,14,6,2008,1,0,0
20081012,PHI,SF,2,30,1,PHI,SF,1,10,29,36,D.Akers,54,0,8,1801,17,9,2008,1,0,1
20081207,MIA,BUF,2,30,25,MIA,BUF,4,17,19,17,D.Carpenter,35,0,7,1825,10,3,2008,1,0,0
20081207,MIA,BUF,2,42,18,MIA,BUF,4,6,19,32,D.Carpenter,50,0,4,2538,7,3,2008,1,0,0
20081102,MIA,DEN,2,30,7,MIA,DEN,4,5,19,5,D.Carpenter,23,0,6,1807,13,7,2008,1,0,0
20081019,BAL,MIA,2,34,36,MIA,BAL,4,7,19,8,D.Carpenter,26,1,0,2076,3,3,2008,1,0,0
20081026,BUF,MIA,2,31,44,MIA,BUF,4,19,19,28,D.Carpenter,46,1,1,1904,7,6,2008,1,0,1
20081130,MIA,STL,2,30,3,MIA,STL,4,15,19,19,D.Carpenter,37,0,-2,1803,7,9,2008,1,0,0
20081109,NO,ATL,2,38,37,NO,ATL,4,8,24,26,G.Hartley,44,0,-11,2317,3,14,2008,1,0,0
20081116,NO,KC,2,30,2,NO,KC,4,4,24,5,G.Hartley,23,0,0,1802,10,10,2008,1,0,0
20081228,CAR,NO,2,42,39,NO,CAR,4,3,24,3,G.Hartley,21,1,-6,2559,0,6,2008,1,0,0
20081207,ATL,NO,2,30,3,NO,ATL,2,7,24,7,G.Hartley,25,1,-1,1803,13,14,2008,1,0,0
20081207,ATL,NO,2,42,9,NO,ATL,4,1,24,8,G.Hartley,26,1,7,2529,7,0,2008,1,0,0
20081124,GB,NO,2,30,6,NO,GB,3,12,24,12,G.Hartley,30,1,0,1806,21,21,2008,1,0,0
20081207,ATL,NO,2,36,15,NO,ATL,4,11,24,28,G.Hartley,46,1,3,2175,10,7,2008,1,0,0
20081207,STL,ARI,2,32,51,STL,ARI,4,11,35,24,J.Brown,42,0,-10,1971,7,17,2008,0,1,0
20080921,STL,SEA,2,32,55,STL,SEA,4,6,35,11,J.Brown,29,0,-21,1975,3,24,2008,1,0,0
20080921,STL,SEA,2,43,30,STL,SEA,4,12,35,25,J.Brown,43,0,-17,2610,0,17,2008,1,0,0
20081116,STL,SF,2,43,31,STL,SF,4,5,35,5,J.Brown,24,0,-7,2611,0,7,2008,1,0,0
20081130,MIA,STL,2,31,55,STL,MIA,4,5,35,15,J.Brown,33,1,-1,1915,6,7,2008,1,0,0
20081214,SEA,STL,2,33,51,STL,SEA,4,6,35,17,J.Brown,36,1,7,2031,14,7,2008,1,0,0
20081221,SF,STL,2,30,10,STL,SF,2,7,35,20,J.Brown,38,1,7,1810,10,3,2008,1,0,0
20081123,CHI,STL,2,45,0,STL,CHI,4,20,35,22,J.Brown,40,1,-14,2700,0,14,2008,0,1,0
20081123,CHI,STL,2,35,6,STL,CHI,4,6,35,25,J.Brown,43,1,-21,2106,0,21,2008,1,0,0
20081221,SF,STL,2,43,12,STL,SF,4,2,35,25,J.Brown,43,1,-3,2592,0,3,2008,1,0,0
20081019,DAL,STL,2,31,52,STL,DAL,4,7,35,34,J.Brown,52,1,14,1912,21,7,2008,1,0,0
20081019,DAL,STL,2,44,24,STL,DAL,4,12,35,36,J.Brown,54,1,14,2664,21,7,2008,0,1,0
20080914,NYG,STL,2,44,19,STL,NYG,4,6,35,36,J.Brown,54,1,-7,2659,0,7,2008,1,0,0
20080914,NYG,STL,2,32,0,STL,NYG,4,8,35,36,J.Brown,54,1,-7,1920,3,10,2008,1,0,0
20081123,NYG,ARI,2,36,56,NYG,ARI,4,8,25,15,J.Carney,33,0,-2,2216,7,9,2008,1,0,0
20081214,NYG,DAL,2,34,56,NYG,DAL,4,7,25,16,J.Carney,34,0,-7,2096,0,7,2008,1,0,0
20081228,NYG,MIN,2,31,7,NYG,MIN,4,8,25,12,J.Carney,30,0,-7,1867,3,10,2008,1,0,0
20081228,NYG,MIN,2,30,4,NYG,MIN,1,10,25,24,J.Carney,42,0,-4,1804,6,10,2008,1,0,0
20081228,NYG,MIN,2,39,40,NYG,MIN,4,10,25,33,J.Carney,51,0,-10,2380,0,10,2008,1,0,0
20081019,SF,NYG,2,31,56,NYG,SF,4,3,25,3,J.Carney,21,1,4,1916,14,10,2008,1,0,0
20080921,CIN,NYG,2,33,59,NYG,CIN,4,6,25,6,J.Carney,24,1,-3,2039,7,10,2008,1,0,0
20080904,WAS,NYG,2,41,3,NYG,WAS,4,4,25,6,J.Carney,25,1,10,2463,10,0,2008,1,0,0
20081005,SEA,NYG,2,44,55,NYG,SEA,4,3,25,11,J.Carney,29,1,11,2695,14,3,2008,1,0,0
20081005,SEA,NYG,2,30,52,NYG,SEA,4,1,25,15,J.Carney,33,1,21,1852,24,3,2008,1,0,0
20090111,PHI,NYG,2,31,38,NYG,PHI,4,1,25,17,J.Carney,34,1,-2,1898,5,7,2008,1,0,0
20081221,CAR,NYG,2,30,55,NYG,CAR,4,6,25,17,J.Carney,35,1,-11,1855,10,21,2008,1,0,0
20090111,PHI,NYG,2,38,58,NYG,PHI,4,10,25,28,J.Carney,46,1,-2,2338,5,7,2008,0,1,0
20081207,PHI,NYG,2,39,36,NYG,PHI,4,6,25,29,J.Carney,47,1,-3,2376,0,3,2008,1,0,1
20080904,WAS,NYG,2,32,13,NYG,WAS,4,5,25,29,J.Carney,47,1,13,1933,13,0,2008,1,0,0
20081109,NYG,PHI,2,31,52,NYG,PHI,4,4,25,8,J.Carney,26,0,3,1912,17,14,2008,1,0,0
20081026,NYG,PIT,2,33,34,NYG,PIT,4,2,25,7,J.Carney,25,0,-1,2014,6,7,2008,1,0,0
20081026,NYG,PIT,2,40,33,NYG,PIT,4,8,25,17,J.Carney,35,0,-4,2433,3,7,2008,1,0,0
20080914,NYG,STL,2,30,6,NYG,STL,3,7,25,15,J.Carney,33,0,4,1806,10,6,2008,1,0,0
20080914,NYG,STL,2,38,20,NYG,STL,4,2,25,21,J.Carney,39,0,4,2300,7,3,2008,1,0,0
20081130,NYG,WAS,2,42,6,NYG,WAS,4,9,25,20,J.Carney,38,0,10,2526,10,0,2008,1,0,0
20090103,ATL,ARI,2,40,3,ATL,ARI,4,1,2,12,J.Elam,30,0,-7,2403,0,7,2008,1,0,0
20081109,NO,ATL,2,33,9,ATL,NO,4,4,2,4,J.Elam,22,1,8,1989,14,6,2008,1,0,0
20080921,KC,ATL,2,39,19,ATL,KC,4,1,2,9,J.Elam,27,1,14,2359,14,0,2008,1,0,0
20081012,CHI,ATL,2,37,53,ATL,CHI,4,12,2,14,J.Elam,32,1,6,2273,6,0,2008,1,0,0
20081116,DEN,ATL,2,42,37,ATL,DEN,4,7,2,17,J.Elam,36,1,-4,2557,3,7,2008,1,0,0
20080928,ATL,CAR,2,42,17,ATL,CAR,4,11,2,26,J.Elam,44,0,-4,2537,3,7,2008,1,0,0
20080928,ATL,CAR,2,30,42,ATL,CAR,4,6,2,26,J.Elam,44,0,-8,1842,6,14,2008,1,0,0
20081221,ATL,MIN,2,30,7,ATL,MIN,4,3,2,3,J.Elam,22,0,7,1807,14,7,2008,1,0,0
20081102,ATL,OAK,2,36,35,ATL,OAK,4,9,2,30,J.Elam,48,0,21,2195,21,0,2008,1,0,0
20080914,ATL,TB,2,30,13,ATL,TB,4,14,2,14,J.Elam,32,0,-17,1813,0,17,2008,1,0,0
20080928,ARI,NYJ,2,33,36,NYJ,ARI,4,2,27,2,J.Feely,20,1,21,2016,21,0,2008,1,0,0
20080914,NE,NYJ,2,37,32,NYJ,NE,4,3,27,3,J.Feely,21,1,-6,2252,0,6,2008,1,0,0
20081228,MIA,NYJ,2,30,4,NYJ,MIA,4,2,27,10,J.Feely,28,1,-1,1804,6,7,2008,1,0,0
20080928,ARI,NYJ,2,30,2,NYJ,ARI,1,10,27,12,J.Feely,30,1,31,1802,31,0,2008,1,0,0
20081012,CIN,NYJ,2,41,1,NYJ,CIN,4,8,27,20,J.Feely,38,1,0,2461,7,7,2008,1,0,0
20081109,STL,NYJ,2,34,0,NYJ,STL,4,7,27,28,J.Feely,46,1,27,2040,27,0,2008,1,0,0
20081109,STL,NYJ,2,36,58,NYJ,STL,4,6,27,31,J.Feely,49,1,24,2218,24,0,2008,1,0,0
20081109,STL,NYJ,2,30,3,NYJ,STL,2,3,27,37,J.Feely,55,1,37,1803,37,0,2008,1,0,0
20081123,NYJ,TEN,2,34,4,NYJ,TEN,4,1,27,2,J.Feely,20,0,7,2044,7,0,2008,1,0,0
20081116,DET,CAR,2,30,8,DET,CAR,2,5,12,17,J.Hanson,27,0,-8,1808,13,21,2008,1,0,0
20081116,DET,CAR,2,43,4,DET,CAR,4,15,12,22,J.Hanson,40,0,7,2584,7,0,2008,1,0,0
20081116,DET,CAR,2,34,48,DET,CAR,4,8,12,38,J.Hanson,56,0,3,2088,10,7,2008,1,0,0
20081102,DET,CHI,2,31,10,DET,CHI,4,6,12,34,J.Hanson,52,0,7,1870,20,13,2008,1,0,0
20081207,MIN,DET,2,41,43,DET,MIN,4,4,12,5,J.Hanson,23,1,3,2503,3,0,2008,1,0,0
20081109,JAC,DET,2,32,29,DET,JAC,4,2,12,15,J.Hanson,33,1,-10,1949,7,17,2008,1,0,1
20080914,GB,DET,2,30,17,DET,GB,4,12,12,20,J.Hanson,38,1,-21,1817,0,21,2008,1,0,0
20081026,WAS,DET,2,40,32,DET,WAS,4,7,12,24,J.Hanson,43,1,4,2432,7,3,2008,1,0,0
20081019,DET,HOU,2,36,32,DET,HOU,4,10,12,36,J.Hanson,54,0,-21,2192,0,21,2008,1,0,0
20081012,DET,MIN,2,32,0,DET,MIN,4,19,12,21,J.Hanson,40,0,0,1920,0,0,2008,1,0,0
20080921,DET,SF,2,37,31,DET,SF,4,6,12,26,J.Hanson,44,0,-14,2251,0,14,2008,1,0,0
20081123,CAR,ATL,2,35,26,CAR,ATL,4,5,6,5,J.Kasay,23,0,-17,2126,0,17,2008,1,0,0
20081026,ARI,CAR,2,35,45,CAR,ARI,4,5,6,5,J.Kasay,23,1,-10,2145,0,10,2008,1,0,0
20080914,CHI,CAR,2,30,14,CAR,CHI,4,6,6,19,J.Kasay,37,1,-10,1814,0,10,2008,1,0,0
20081214,DEN,CAR,2,30,4,CAR,DEN,2,12,6,27,J.Kasay,44,1,7,1804,17,10,2008,1,0,0
20081019,NO,CAR,2,33,33,CAR,NO,4,10,6,30,J.Kasay,48,1,3,2013,10,7,2008,1,0,0
20081228,CAR,NO,2,37,0,CAR,NO,4,5,6,16,J.Kasay,34,0,3,2220,6,3,2008,1,0,0
20081109,CAR,OAK,2,30,4,CAR,OAK,2,10,6,36,J.Kasay,54,0,14,1804,14,0,2008,0,1,0
20080907,CAR,SD,2,30,13,CAR,SD,4,11,6,12,J.Kasay,30,0,-1,1813,6,7,2008,1,0,0
20080907,CAR,SD,2,34,28,CAR,SD,4,15,6,15,J.Kasay,33,0,-4,2068,3,7,2008,1,0,0
20080907,CAR,SD,2,42,40,CAR,SD,4,7,6,26,J.Kasay,44,0,0,2560,0,0,2008,1,0,0
20081012,CAR,TB,2,42,36,CAR,TB,4,2,6,2,J.Kasay,20,0,-14,2556,0,14,2008,1,0,0
20081130,SF,BUF,2,30,16,SF,BUF,4,1,34,32,J.Nedney,50,0,7,1816,7,0,2008,1,0,0
20080928,SF,NO,2,31,49,SF,NO,4,9,34,31,J.Nedney,49,0,-11,1909,3,14,2008,1,0,0
20080914,SF,SEA,2,37,25,SF,SEA,4,10,34,10,J.Nedney,28,0,-11,2245,3,14,2008,1,0,0
20080907,ARI,SF,2,31,56,SF,ARI,4,1,34,21,J.Nedney,39,1,-3,1916,7,10,2008,1,0,0
20081026,SEA,SF,2,37,31,SF,SEA,4,14,34,24,J.Nedney,42,1,-13,2251,0,13,2008,1,0,0
20081012,PHI,SF,2,30,34,SF,PHI,4,12,34,35,J.Nedney,53,1,-11,1834,6,17,2008,1,0,0
20081102,JAC,CIN,2,33,8,JAC,CIN,4,11,16,34,J.Scobee,52,0,-14,1988,0,14,2008,1,0,0
20081201,JAC,HOU,2,40,0,JAC,HOU,4,3,16,25,J.Scobee,43,0,-10,2400,0,10,2008,0,1,0
20080921,JAC,IND,2,42,37,JAC,IND,4,9,16,9,J.Scobee,26,0,-7,2557,0,7,2008,1,0,0
20081123,MIN,JAC,2,42,32,JAC,MIN,4,3,16,3,J.Scobee,21,1,-10,2552,7,17,2008,1,0,0
20080914,BUF,JAC,2,43,25,JAC,BUF,4,4,16,10,J.Scobee,28,1,-7,2605,0,7,2008,1,0,0
20081123,MIN,JAC,2,30,52,JAC,MIN,4,14,16,20,J.Scobee,38,1,-7,1852,10,17,2008,0,1,0
20081218,IND,JAC,2,30,6,JAC,IND,1,10,16,26,J.Scobee,44,1,7,1806,14,7,2008,1,0,0
20081123,MIN,JAC,2,32,45,JAC,MIN,4,7,16,28,J.Scobee,46,1,-7,1965,10,17,2008,0,1,0
20080928,HOU,JAC,2,30,23,JAC,HOU,4,7,16,28,J.Scobee,46,1,-3,1823,7,10,2008,1,0,0
20081214,GB,JAC,2,44,40,JAC,GB,4,8,16,33,J.Scobee,51,1,4,2680,7,3,2008,0,1,0
20081214,PIT,BAL,2,35,48,PIT,BAL,4,6,31,12,Je.Reed,31,0,-3,2148,0,3,2008,1,0,0
20081005,PIT,JAC,2,30,49,PIT,JAC,4,5,31,5,Je.Reed,23,0,3,1849,17,14,2008,1,0,0
20081005,PIT,JAC,2,42,42,PIT,JAC,4,3,31,20,Je.Reed,38,0,-7,2562,7,14,2008,1,0,0
20080921,PIT,PHI,2,30,16,PIT,PHI,4,11,31,36,Je.Reed,53,0,-7,1816,3,10,2008,1,0,0
20081116,SD,PIT,2,30,3,PIT,SD,1,3,31,3,Je.Reed,21,1,-7,1803,0,7,2008,1,0,0
20081207,DAL,PIT,2,32,44,PIT,DAL,4,6,31,6,Je.Reed,24,1,0,1964,0,0,2008,1,0,0
20081120,CIN,PIT,2,31,56,PIT,CIN,4,3,31,19,Je.Reed,37,1,0,1916,7,7,2008,1,0,0
20081109,IND,PIT,2,34,22,PIT,IND,4,5,31,24,Je.Reed,42,1,7,2062,14,7,2008,1,0,0
20081221,PIT,TEN,2,30,4,PIT,TEN,2,10,31,15,Je.Reed,33,0,-3,1804,7,10,2008,0,1,0
20081103,PIT,WAS,2,38,14,PIT,WAS,4,3,31,17,Je.Reed,35,0,-6,2294,0,6,2008,1,0,0
20081123,HOU,CLE,2,43,43,HOU,CLE,4,10,14,12,K.Brown,31,0,7,2623,7,0,2008,1,0,0
20081123,HOU,CLE,2,30,7,HOU,CLE,2,10,14,13,K.Brown,31,0,4,1807,10,6,2008,1,0,0
20081123,HOU,CLE,2,33,45,HOU,CLE,4,8,14,31,K.Brown,49,0,7,2025,10,3,2008,1,0,1
20081123,HOU,CLE,2,30,1,HOU,CLE,1,10,14,38,K.Brown,56,0,7,1801,13,6,2008,0,1,0
20081207,HOU,GB,2,31,54,HOU,GB,4,7,14,11,K.Brown,30,0,0,1914,7,7,2008,1,0,0
20081207,HOU,GB,2,30,1,HOU,GB,1,10,14,23,K.Brown,41,0,3,1801,10,7,2008,0,1,0
20081109,BAL,HOU,2,36,52,HOU,BAL,4,10,14,5,K.Brown,23,1,-7,2212,0,7,2008,1,0,0
20081214,TEN,HOU,2,45,0,HOU,TEN,4,7,14,14,K.Brown,32,1,-3,2700,0,3,2008,1,0,0
20081012,MIA,HOU,2,39,11,HOU,MIA,4,10,14,15,K.Brown,33,1,-11,2351,3,14,2008,1,0,0
20081005,IND,HOU,2,37,11,HOU,IND,4,8,14,19,K.Brown,37,1,-3,2231,7,10,2008,1,0,0
20081109,BAL,HOU,2,30,3,HOU,BAL,2,7,14,30,K.Brown,48,1,-9,1803,3,12,2008,1,0,0
20081221,HOU,OAK,2,30,42,HOU,OAK,4,2,14,6,K.Brown,24,0,-3,1842,10,13,2008,1,0,0
20081221,HOU,OAK,2,36,16,HOU,OAK,4,10,14,35,K.Brown,53,0,-6,2176,7,13,2008,1,0,0
20080907,HOU,PIT,2,34,34,HOU,PIT,4,14,14,16,K.Brown,34,0,-21,2074,0,21,2008,1,0,0
20081208,TB,CAR,2,36,37,TB,CAR,4,1,36,1,M.Bryant,20,0,-3,2197,0,3,2008,1,0,0
20081026,TB,DAL,2,32,28,TB,DAL,4,11,36,33,M.Bryant,51,0,3,1948,6,3,2008,0,1,0
20081005,TB,DEN,2,30,3,TB,DEN,2,6,36,13,M.Bryant,31,0,-3,1803,3,6,2008,1,0,0
20081102,TB,KC,2,43,8,TB,KC,4,4,36,7,M.Bryant,25,0,-14,2588,0,14,2008,1,0,0
20081102,TB,KC,2,30,4,TB,KC,1,10,36,25,M.Bryant,43,0,-21,1804,3,24,2008,1,0,0
20080907,TB,NO,2,30,8,TB,NO,3,3,36,19,M.Bryant,37,0,-7,1808,0,7,2008,1,0,0
20080928,GB,TB,2,36,47,TB,GB,4,4,36,5,M.Bryant,23,1,0,2207,7,7,2008,1,0,0
20081130,NO,TB,2,32,38,TB,NO,4,3,36,5,M.Bryant,23,1,0,1958,3,3,2008,1,0,0
20081116,MIN,TB,2,37,51,TB,MIN,4,8,36,8,M.Bryant,26,1,-7,2271,3,10,2008,1,0,0
20081019,SEA,TB,2,33,16,TB,SEA,4,1,36,10,M.Bryant,27,1,14,1996,14,0,2008,1,0,0
20080914,ATL,TB,2,39,11,TB,ATL,4,8,36,15,M.Bryant,33,1,14,2351,14,0,2008,1,0,0
20080928,GB,TB,2,31,12,TB,GB,4,7,36,18,M.Bryant,36,1,3,1872,10,7,2008,1,0,0
20081012,CAR,TB,2,39,3,TB,CAR,4,11,36,19,M.Bryant,37,1,11,2343,14,3,2008,1,0,0
20081130,NO,TB,2,44,54,TB,NO,4,3,36,21,M.Bryant,38,1,-3,2694,0,3,2008,1,0,0
20081019,SEA,TB,2,30,2,TB,SEA,4,7,36,29,M.Bryant,47,1,17,1802,17,0,2008,0,1,0
20081221,SD,TB,2,30,22,TB,SD,4,10,36,31,M.Bryant,49,1,-10,1822,7,17,2008,1,0,0
20081012,CAR,TB,2,30,14,TB,CAR,3,3,36,33,M.Bryant,51,1,14,1814,17,3,2008,0,1,0
20081130,CAR,GB,2,42,49,GB,CAR,4,2,13,14,M.Crosby,32,1,-7,2569,0,7,2008,1,0,0
20080908,MIN,GB,2,30,3,GB,MIN,3,10,13,15,M.Crosby,33,1,7,1803,10,3,2008,1,0,1
20081019,IND,GB,2,30,9,GB,IND,3,5,13,18,M.Crosby,36,1,10,1809,17,7,2008,0,1,0
20080921,DAL,GB,2,42,42,GB,DAL,4,4,13,20,M.Crosby,38,1,0,2562,3,3,2008,1,0,0
20080908,MIN,GB,2,33,26,GB,MIN,4,2,13,24,M.Crosby,42,1,4,2006,7,3,2008,1,0,0
20081005,ATL,GB,2,31,15,GB,ATL,4,19,13,35,M.Crosby,53,1,-10,1875,7,17,2008,0,1,0
20081116,CHI,GB,2,30,20,GB,CHI,4,5,13,35,M.Crosby,53,1,11,1820,14,3,2008,1,0,0
20081228,DET,GB,2,30,7,GB,DET,,,13,83,M.Crosby,69,1,7,1807,14,7,2008,0,1,0
20081214,GB,JAC,2,31,21,GB,JAC,4,5,13,5,M.Crosby,23,0,3,1881,10,7,2008,1,0,0
20081109,GB,MIN,2,30,3,GB,MIN,1,10,13,29,M.Crosby,47,0,-7,1803,7,14,2008,1,0,0
20081102,GB,TEN,2,41,27,GB,TEN,4,5,13,5,M.Crosby,23,0,-6,2487,0,6,2008,1,0,0
20080921,NO,DEN,2,30,3,NO,DEN,2,10,22,33,M.Gramatica,51,0,-7,1803,17,24,2008,0,1,0
20080914,NO,WAS,2,30,5,NO,WAS,1,10,22,31,M.Gramatica,49,0,-2,1805,7,9,2008,1,0,0
20081116,DEN,ATL,2,41,32,DEN,ATL,4,3,11,31,M.Prater,49,0,1,2492,7,6,2008,0,1,0
20081106,DEN,CLE,2,35,55,DEN,CLE,4,8,11,17,M.Prater,35,0,-10,2155,7,17,2008,1,0,0
20080921,NO,DEN,2,32,59,DEN,NO,4,7,11,9,M.Prater,27,1,4,1979,21,17,2008,1,0,0
20081221,BUF,DEN,2,43,17,DEN,BUF,4,8,11,12,M.Prater,30,1,10,2597,10,0,2008,1,0,0
20081005,TB,DEN,2,32,25,DEN,TB,4,4,11,22,M.Prater,40,1,0,1945,3,3,2008,1,0,0
20081123,OAK,DEN,2,30,4,DEN,OAK,3,6,11,25,M.Prater,43,1,0,1804,3,3,2008,0,1,0
20081123,OAK,DEN,2,33,3,DEN,OAK,4,10,11,26,M.Prater,44,1,-3,1983,0,3,2008,1,0,0
20081123,OAK,DEN,2,42,50,DEN,OAK,4,4,11,29,M.Prater,47,1,0,2570,0,0,2008,0,1,0
20080914,SD,DEN,2,35,58,DEN,SD,4,9,11,34,M.Prater,52,1,18,2158,21,3,2008,1,0,0
20081221,BUF,DEN,2,32,0,DEN,BUF,4,19,11,36,M.Prater,54,1,10,1920,13,3,2008,0,1,0
20081005,TB,DEN,2,45,0,DEN,TB,4,7,11,37,M.Prater,55,1,-3,2700,0,3,2008,1,0,0
20080928,DEN,KC,2,31,25,DEN,KC,4,2,11,10,M.Prater,28,0,-6,1885,7,13,2008,0,1,0
20080928,DEN,KC,2,30,14,DEN,KC,4,6,11,38,M.Prater,56,0,-6,1814,7,13,2008,1,0,0
20081130,DEN,NYJ,2,30,8,DEN,NYJ,2,10,11,17,M.Prater,35,0,10,1808,24,14,2008,1,0,0
20080908,DEN,OAK,2,39,58,DEN,OAK,4,8,11,8,M.Prater,26,0,7,2398,7,0,2008,1,0,0
20080907,CIN,BAL,2,31,46,BAL,CIN,4,3,3,3,M.Stover,21,1,7,1906,7,0,2008,1,0,0
20081214,PIT,BAL,2,30,52,BAL,PIT,4,7,3,8,M.Stover,26,1,0,1852,3,3,2008,1,0,0
20081214,PIT,BAL,2,42,34,BAL,PIT,4,4,3,10,M.Stover,28,1,0,2554,0,0,2008,1,0,0
20081026,OAK,BAL,2,30,15,BAL,OAK,4,6,3,19,M.Stover,38,1,16,1815,16,0,2008,1,0,0
20081123,PHI,BAL,2,33,5,BAL,PHI,4,8,3,26,M.Stover,44,1,0,1985,0,0,2008,1,0,0
20081005,TEN,BAL,2,30,14,BAL,TEN,1,15,3,27,M.Stover,45,1,0,1814,3,3,2008,0,1,0
20080907,CIN,BAL,2,37,44,BAL,CIN,4,10,3,29,M.Stover,47,1,7,2264,7,0,2008,0,1,0
20081130,BAL,CIN,2,42,55,BAL,CIN,4,2,3,2,M.Stover,21,0,3,2575,3,0,2008,1,0,0
20081102,BAL,CLE,2,30,32,BAL,CLE,4,14,3,14,M.Stover,32,0,0,1832,10,10,2008,1,0,0
20081220,BAL,DAL,2,40,57,BAL,DAL,4,11,3,11,M.Stover,29,0,-4,2457,3,7,2008,1,0,0
20081220,BAL,DAL,2,30,2,BAL,DAL,1,10,3,19,M.Stover,37,0,-1,1802,6,7,2008,1,0,0
20090104,BAL,MIA,2,30,21,BAL,MIA,4,6,3,13,M.Stover,31,0,0,1821,3,3,2008,1,0,0
20081116,BAL,NYG,2,34,13,BAL,NYG,4,5,3,20,M.Stover,38,0,-20,2053,0,20,2008,1,0,0
20080929,BAL,PIT,2,33,52,BAL,PIT,4,2,3,2,M.Stover,20,0,0,2032,3,3,2008,1,0,0
20081012,DAL,ARI,2,30,18,DAL,ARI,4,1,10,18,N.Folk,37,0,0,1818,7,7,2008,0,1,0
20080928,WAS,DAL,2,30,5,DAL,WAS,1,10,10,18,N.Folk,35,1,-7,1805,10,17,2008,1,0,0
20081026,TB,DAL,2,39,38,DAL,TB,4,6,10,20,N.Folk,38,1,-6,2378,0,6,2008,1,0,0
20081123,SF,DAL,2,33,6,DAL,SF,4,3,10,23,N.Folk,41,1,6,1986,12,6,2008,1,0,0
20081127,SEA,DAL,2,37,38,DAL,SEA,4,12,10,23,N.Folk,41,1,18,2258,21,3,2008,1,0,0
20081123,SF,DAL,2,37,28,DAL,SF,4,5,10,30,N.Folk,48,1,1,2248,7,6,2008,1,0,0
20080915,PHI,DAL,2,30,7,DAL,PHI,1,10,10,33,N.Folk,51,1,-9,1807,21,30,2008,1,0,0
20080928,WAS,DAL,2,30,9,DAL,WAS,1,10,10,18,N.Folk,36,1,-10,1809,7,17,2008,1,0,0
20080921,DAL,GB,2,30,11,DAL,GB,4,20,10,21,N.Folk,39,0,4,1811,10,6,2008,1,0,0
20081207,DAL,PIT,2,30,5,DAL,PIT,4,4,10,26,N.Folk,44,0,-3,1805,0,3,2008,1,0,0
20081214,SD,KC,2,30,14,SD,KC,4,2,32,14,N.Kaeding,32,0,-14,1814,0,14,2008,1,0,0
20080928,SD,OAK,2,31,3,SD,OAK,4,14,32,26,N.Kaeding,44,0,-15,1863,0,15,2008,1,0,1
20090111,SD,PIT,2,32,0,SD,PIT,4,4,32,24,N.Kaeding,42,0,7,1920,7,0,2008,1,0,0
20081109,KC,SD,2,36,50,SD,KC,4,3,32,8,N.Kaeding,26,1,-4,2210,3,7,2008,1,0,0
20081109,KC,SD,2,44,6,SD,KC,4,5,32,16,N.Kaeding,34,1,-7,2646,0,7,2008,1,0,0
20081123,IND,SD,2,41,47,SD,IND,4,6,32,17,N.Kaeding,35,1,-3,2507,0,3,2008,1,0,0
20081204,OAK,SD,2,30,25,SD,OAK,4,15,32,21,N.Kaeding,39,1,24,1825,24,0,2008,1,0,0
20081221,SD,TB,2,35,37,SD,TB,4,10,32,10,N.Kaeding,28,0,7,2137,14,7,2008,1,0,0
20081221,SD,TB,2,30,4,SD,TB,1,10,32,39,N.Kaeding,57,0,7,1804,17,10,2008,1,0,0
20081019,TEN,KC,2,42,2,KC,TEN,4,1,17,21,N.Novak,39,1,-10,2522,0,10,2008,0,1,0
20080928,DEN,KC,2,43,9,KC,DEN,4,14,17,30,N.Novak,48,1,6,2589,6,0,2008,0,1,0
20081019,TEN,KC,2,30,8,KC,TEN,3,10,17,32,N.Novak,50,1,-17,1808,0,17,2008,0,1,0
20080907,KC,NE,2,30,22,KC,NE,4,8,17,22,N.Novak,40,0,-7,1822,0,7,2008,1,0,0
20081123,NYG,ARI,2,33,52,ARI,NYG,4,2,1,2,N.Rackers,20,1,-1,2032,9,10,2008,1,0,0
20081207,STL,ARI,2,31,3,ARI,STL,4,2,1,4,N.Rackers,22,1,10,1863,17,7,2008,1,0,0
20081110,SF,ARI,2,34,45,ARI,SF,4,4,1,15,N.Rackers,33,1,-4,2085,10,14,2008,1,0,0
20081207,STL,ARI,2,37,5,ARI,STL,4,2,1,26,N.Rackers,44,1,7,2225,14,7,2008,1,0,0
20080914,MIA,ARI,2,38,51,ARI,MIA,4,9,1,27,N.Rackers,45,1,14,2331,14,0,2008,1,0,0
20081005,BUF,ARI,2,30,5,ARI,BUF,3,5,1,29,N.Rackers,47,1,7,1805,21,14,2008,1,0,0
20090118,PHI,ARI,2,30,3,ARI,PHI,4,4,1,31,N.Rackers,49,1,15,1803,21,6,2008,1,0,0
20081123,NYG,ARI,2,30,11,ARI,NYG,,,1,86,N.Rackers,68,1,-5,1811,12,17,2008,0,1,0
20090110,ARI,CAR,2,35,32,ARI,CAR,4,1,1,13,N.Rackers,30,0,10,2132,17,7,2008,1,0,0
20090110,ARI,CAR,2,40,21,ARI,CAR,4,4,1,31,N.Rackers,49,0,7,2421,14,7,2008,1,0,0
20090110,ARI,CAR,2,30,3,ARI,CAR,1,10,1,36,N.Rackers,53,0,20,1803,27,7,2008,0,1,0
20081116,ARI,SEA,2,34,38,ARI,SEA,4,14,1,30,N.Rackers,48,0,10,2078,10,0,2008,1,0,0
20081116,ARI,SEA,2,30,5,ARI,SEA,3,2,1,36,N.Rackers,54,0,6,1805,13,7,2008,1,0,0
20081102,ARI,STL,2,38,13,ARI,STL,4,5,1,18,N.Rackers,36,0,-7,2293,0,7,2008,1,0,0
20081228,SEA,ARI,2,37,14,SEA,ARI,4,5,33,23,O.Mare,42,0,7,2234,7,0,2008,0,1,0
20081127,SEA,DAL,2,31,35,SEA,DAL,4,19,33,20,O.Mare,38,0,-21,1895,3,24,2008,1,0,0
20081005,SEA,NYG,2,30,7,SEA,NYG,1,10,33,11,O.Mare,29,0,-24,1807,3,27,2008,1,0,0
20080914,SF,SEA,2,30,2,SEA,SF,4,1,33,19,O.Mare,38,1,4,1802,17,13,2008,1,0,0
20080921,STL,SEA,2,30,8,SEA,STL,1,10,33,20,O.Mare,38,1,18,1808,24,6,2008,1,0,0
20081012,GB,SEA,2,43,10,SEA,GB,4,12,33,32,O.Mare,50,1,-3,2590,0,3,2008,1,0,0
20080914,SF,SEA,2,32,54,SEA,SF,4,3,33,33,O.Mare,51,1,8,1974,14,6,2008,1,0,0
20080921,CLE,BAL,2,31,8,CLE,BAL,4,8,9,21,P.Dawson,38,0,0,1868,7,7,2008,1,0,0
20081102,BAL,CLE,2,35,53,CLE,BAL,4,1,9,6,P.Dawson,23,1,-10,2153,0,10,2008,1,0,0
20081106,DEN,CLE,2,42,48,CLE,DEN,4,6,9,7,P.Dawson,24,1,0,2568,7,7,2008,1,0,0
20081130,IND,CLE,2,37,36,CLE,IND,4,8,9,8,P.Dawson,25,1,0,2256,3,3,2008,1,0,0
20081123,HOU,CLE,2,38,3,CLE,HOU,4,6,9,14,P.Dawson,32,1,-10,2283,0,10,2008,1,0,0
20081123,HOU,CLE,2,32,24,CLE,HOU,4,6,9,15,P.Dawson,32,1,-7,1944,3,10,2008,1,0,0
20081106,DEN,CLE,2,31,14,CLE,DEN,4,2,9,35,P.Dawson,52,1,7,1874,17,10,2008,1,0,0
20081102,BAL,CLE,2,30,7,CLE,BAL,3,10,9,37,P.Dawson,54,1,-3,1807,10,13,2008,1,0,0
20081026,CLE,JAC,2,32,13,CLE,JAC,4,4,9,14,P.Dawson,32,0,7,1933,14,7,2008,1,0,0
20081005,TEN,BAL,2,38,0,TEN,BAL,4,10,37,17,R.Bironas,35,0,-3,2280,0,3,2008,1,0,0
20081109,TEN,CHI,2,30,2,TEN,CHI,2,8,37,31,R.Bironas,49,0,0,1802,7,7,2008,0,1,0
20081214,TEN,HOU,2,30,5,TEN,HOU,1,5,37,5,R.Bironas,23,0,-7,1805,3,10,2008,1,0,0
20081102,GB,TEN,2,44,11,TEN,GB,4,2,37,7,R.Bironas,25,1,3,2651,3,0,2008,1,0,0
20080928,MIN,TEN,2,40,23,TEN,MIN,4,7,37,15,R.Bironas,32,1,3,2423,10,7,2008,1,0,0
20081221,PIT,TEN,2,44,18,TEN,PIT,4,6,37,24,R.Bironas,42,1,0,2658,0,0,2008,1,0,0
20081027,IND,TEN,2,41,23,TEN,IND,4,3,37,25,R.Bironas,43,1,-1,2483,6,7,2008,0,1,0
20081123,NYJ,TEN,2,30,56,TEN,NYJ,4,11,37,25,R.Bironas,43,1,-10,1856,0,10,2008,1,0,0
20081027,IND,TEN,2,44,19,TEN,IND,4,6,37,26,R.Bironas,44,1,-4,2659,3,7,2008,1,0,0
20081012,CHI,ATL,2,34,7,CHI,ATL,4,5,7,18,R.Gould,36,0,-9,2047,0,9,2008,1,0,0
20080914,CHI,CAR,2,39,15,CHI,CAR,3,8,7,8,R.Gould,26,0,0,2355,0,0,2008,1,0,0
20081019,MIN,CHI,2,43,37,CHI,MIN,4,8,7,8,R.Gould,26,1,-6,2617,8,14,2008,1,0,0
20080921,TB,CHI,2,30,3,CHI,TB,4,2,7,10,R.Gould,28,1,-1,1803,6,7,2008,1,0,0
20081222,GB,CHI,2,34,10,CHI,GB,4,10,7,13,R.Gould,31,1,-7,2050,0,7,2008,1,0,0
20081207,JAC,CHI,2,32,50,CHI,JAC,4,6,7,18,R.Gould,36,1,7,1970,10,3,2008,1,0,0
20081102,DET,CHI,2,34,46,CHI,DET,4,3,7,23,R.Gould,41,1,-10,2086,10,20,2008,1,0,0
20081019,MIN,CHI,2,33,57,CHI,MIN,4,8,7,24,R.Gould,42,1,-6,2037,11,17,2008,1,0,1
20081019,MIN,CHI,2,30,5,CHI,MIN,2,1,7,31,R.Gould,48,1,-6,1805,18,24,2008,1,0,0
20081116,CHI,GB,2,42,16,CHI,GB,4,6,7,17,R.Gould,35,0,-7,2536,0,7,2008,1,0,0
20080907,CHI,IND,2,30,4,CHI,IND,2,7,7,7,R.Gould,25,0,4,1804,10,6,2008,1,0,0
20080907,CHI,IND,2,34,48,CHI,IND,4,2,7,23,R.Gould,41,0,1,2088,7,6,2008,1,0,0
20081123,CHI,STL,2,31,43,CHI,STL,4,6,7,25,R.Gould,43,0,18,1903,21,3,2008,1,0,0
20081130,SF,BUF,2,37,26,BUF,SF,4,2,5,2,R.Lindell,20,1,-7,2246,0,7,2008,0,1,0
20081117,CLE,BUF,2,30,3,BUF,CLE,4,6,5,8,R.Lindell,26,1,-6,1803,7,13,2008,1,0,0
20081019,SD,BUF,2,30,19,BUF,SD,4,4,5,9,R.Lindell,27,1,3,1819,10,7,2008,1,0,0
20080907,SEA,BUF,2,31,4,BUF,SEA,4,5,5,17,R.Lindell,35,1,7,1864,14,7,2008,1,0,0
20080907,SEA,BUF,2,30,5,BUF,SEA,1,10,5,20,R.Lindell,38,1,10,1805,17,7,2008,1,0,0
20081228,NE,BUF,2,41,27,BUF,NE,4,7,5,28,R.Lindell,47,1,-3,2487,0,3,2008,0,1,0
20081019,SD,BUF,2,40,58,BUF,SD,4,3,5,34,R.Lindell,52,1,-4,2458,3,7,2008,0,1,0
20081221,BUF,DEN,2,37,48,BUF,DEN,4,12,5,19,R.Lindell,37,0,-13,2268,0,13,2008,1,0,0
20080914,BUF,JAC,2,36,24,BUF,JAC,4,3,5,3,R.Lindell,21,0,4,2184,7,3,2008,1,0,0
20081123,BUF,KC,2,45,0,BUF,KC,4,3,5,3,R.Lindell,21,0,0,2700,7,7,2008,1,0,0
20081123,BUF,KC,2,31,36,BUF,KC,4,8,5,16,R.Lindell,34,0,3,1896,20,17,2008,1,0,0
20081123,BUF,KC,2,38,20,BUF,KC,4,3,5,21,R.Lindell,39,0,-4,2300,10,14,2008,1,0,0
20081026,BUF,MIA,2,38,24,BUF,MIA,4,16,5,25,R.Lindell,43,0,-4,2304,3,7,2008,1,0,0
20081026,BUF,MIA,2,30,2,BUF,MIA,4,4,5,29,R.Lindell,47,0,-1,1802,6,7,2008,1,0,0
20081109,BUF,NE,2,37,9,BUF,NE,4,7,5,7,R.Lindell,25,0,-10,2229,0,10,2008,1,0,0
20081019,MIN,CHI,2,39,15,MIN,CHI,4,15,20,24,R.Longwell,42,0,3,2355,14,11,2008,1,0,0
20081207,MIN,DET,2,34,59,MIN,DET,4,6,20,17,R.Longwell,35,0,-6,2099,0,6,2008,1,0,0
20080908,MIN,GB,2,43,40,MIN,GB,4,4,20,19,R.Longwell,37,0,0,2620,0,0,2008,1,0,0
20081130,CHI,MIN,2,42,46,MIN,CHI,4,5,20,5,R.Longwell,23,1,-7,2566,0,7,2008,1,0,0
20080921,CAR,MIN,2,31,51,MIN,CAR,4,6,20,9,R.Longwell,28,1,-10,1911,0,10,2008,1,0,0
20081228,NYG,MIN,2,45,0,MIN,NYG,4,4,20,30,R.Longwell,48,1,0,2700,0,0,2008,1,0,0
20080914,IND,MIN,2,30,5,MIN,IND,1,10,20,35,R.Longwell,53,1,6,1805,6,0,2008,1,0,0
20081109,GB,MIN,2,43,1,MIN,GB,4,14,20,36,R.Longwell,54,1,0,2581,7,7,2008,1,0,0
20081006,MIN,NO,2,30,8,MIN,NO,4,6,20,15,R.Longwell,33,0,7,1808,17,10,2008,1,0,0
20081116,MIN,TB,2,31,52,MIN,TB,4,5,20,20,R.Longwell,37,0,4,1912,10,6,2008,1,0,0
20080928,MIN,TEN,2,30,53,MIN,TEN,4,5,20,24,R.Longwell,42,0,-13,1853,7,20,2008,1,0,0
20080928,MIN,TEN,2,30,4,MIN,TEN,1,10,20,30,R.Longwell,48,0,-10,1804,10,20,2008,0,1,0
20081228,NE,BUF,2,34,21,NE,BUF,4,4,21,8,S.Gostkowski,26,0,3,2061,3,0,2008,0,1,0
20081102,NE,IND,2,40,24,NE,IND,4,5,21,11,S.Gostkowski,29,0,-7,2424,0,7,2008,1,0,0
20081102,NE,IND,2,31,31,NE,IND,4,7,21,17,S.Gostkowski,35,0,-4,1891,3,7,2008,1,0,0
20081130,PIT,NE,2,30,21,NE,PIT,4,9,21,9,S.Gostkowski,27,1,0,1821,10,10,2008,0,1,0
20081026,STL,NE,2,30,1,NE,STL,3,3,21,9,S.Gostkowski,27,1,0,1801,10,10,2008,1,0,0
20081130,PIT,NE,2,36,52,NE,PIT,4,2,21,11,S.Gostkowski,29,1,4,2212,7,3,2008,1,0,0
20081026,STL,NE,2,31,53,NE,STL,4,8,21,12,S.Gostkowski,30,1,-3,1913,7,10,2008,1,0,0
20081113,NYJ,NE,2,39,48,NE,NYJ,4,10,21,13,S.Gostkowski,31,1,-7,2388,3,10,2008,1,0,0
20081109,BUF,NE,2,43,29,NE,BUF,4,9,21,14,S.Gostkowski,32,1,7,2609,7,0,2008,1,0,0
20080921,MIA,NE,2,41,36,NE,MIA,4,4,21,19,S.Gostkowski,37,1,-7,2496,0,7,2008,1,0,0
20081221,ARI,NE,2,30,7,NE,ARI,3,10,21,20,S.Gostkowski,38,1,28,1807,28,0,2008,1,0,0
20080921,MIA,NE,2,34,58,NE,MIA,4,8,21,26,S.Gostkowski,44,1,-11,2098,3,14,2008,1,0,0
20081109,BUF,NE,2,32,24,NE,BUF,4,10,21,31,S.Gostkowski,49,1,7,1944,10,3,2008,0,1,0
20080914,NE,NYJ,2,43,21,NE,NYJ,4,8,21,19,S.Gostkowski,37,0,3,2601,3,0,2008,1,0,0
20081012,NE,SD,2,37,18,NE,SD,4,8,21,29,S.Gostkowski,47,0,-10,2238,0,10,2008,1,0,0
20081005,NE,SF,2,35,27,NE,SF,4,11,21,17,S.Gostkowski,35,0,-7,2127,7,14,2008,1,0,0
20080907,CIN,BAL,2,30,9,CIN,BAL,4,5,8,25,S.Graham,43,0,-10,1809,0,10,2008,1,0,0
20081116,PHI,CIN,2,44,12,CIN,PHI,4,2,8,2,S.Graham,20,1,0,2652,0,0,2008,1,0,0
20081130,BAL,CIN,2,30,3,CIN,BAL,4,3,8,3,S.Graham,21,1,-13,1803,0,13,2008,1,0,0
20081228,KC,CIN,2,31,51,CIN,KC,4,12,8,12,S.Graham,30,1,10,1911,10,0,2008,1,0,0
20081214,WAS,CIN,2,41,24,CIN,WAS,4,7,8,14,S.Graham,32,1,14,2484,14,0,2008,1,0,0
20080928,CLE,CIN,2,40,26,CIN,CLE,4,9,8,25,S.Graham,42,1,-3,2426,0,3,2008,1,0,0
20080928,CLE,CIN,2,30,13,CIN,CLE,4,6,8,28,S.Graham,45,1,0,1813,3,3,2008,1,0,0
20081221,CIN,CLE,2,31,13,CIN,CLE,4,3,8,30,S.Graham,48,0,14,1873,14,0,2008,0,1,0
20081005,CIN,DAL,2,30,37,CIN,DAL,4,6,8,13,S.Graham,31,0,-14,1837,3,17,2008,1,0,0
20081005,CIN,DAL,2,38,19,CIN,DAL,4,6,8,23,S.Graham,41,0,-17,2299,0,17,2008,1,0,0
20081026,CIN,HOU,2,30,54,CIN,HOU,4,2,8,14,S.Graham,32,0,-11,1854,3,14,2008,1,0,0
20081207,CIN,IND,2,36,11,CIN,IND,4,2,8,2,S.Graham,19,0,-7,2171,0,7,2008,1,0,0
20080921,CIN,NYG,2,30,36,CIN,NYG,4,11,8,12,S.Graham,30,0,0,1836,10,10,2008,1,0,0
20081123,PHI,BAL,2,30,22,BAL,PHI,4,11,4,35,S.Hauschka,53,1,10,1822,10,0,2008,0,1,0
20081109,BAL,HOU,2,31,6,BAL,HOU,4,7,3,36,S.Hauschka,54,0,4,1866,7,3,2008,1,0,0
20080921,OAK,BUF,2,32,0,OAK,BUF,4,9,28,14,S.Janikowski,32,0,-1,1920,6,7,2008,1,0,0
20081123,OAK,DEN,2,38,4,OAK,DEN,4,7,28,7,S.Janikowski,26,0,0,2284,0,0,2008,1,0,0
20081116,OAK,MIA,2,31,12,OAK,MIA,4,3,28,3,S.Janikowski,21,0,-7,1872,0,7,2008,1,0,0
20081012,OAK,NO,2,31,53,OAK,NO,4,7,28,39,S.Janikowski,57,0,-4,1913,3,7,2008,0,1,0
20081012,OAK,NO,2,30,11,OAK,NO,4,11,28,41,S.Janikowski,59,0,-7,1811,3,10,2008,0,1,0
20080928,SD,OAK,2,35,31,OAK,SD,4,11,28,11,S.Janikowski,28,1,12,2131,12,0,2008,1,0,0
20081019,NYJ,OAK,2,34,9,OAK,NYJ,4,9,28,22,S.Janikowski,40,1,0,2049,3,3,2008,0,1,0
20080928,SD,OAK,2,30,1,OAK,SD,3,2,28,58,S.Janikowski,76,1,15,1801,15,0,2008,0,1,0
20081207,WAS,BAL,2,41,39,WAS,BAL,4,5,30,30,S.Suisham,48,0,-7,2499,0,7,2008,0,1,0
20081214,WAS,CIN,2,30,19,WAS,CIN,4,5,30,5,S.Suisham,23,0,-10,1819,7,17,2008,1,0,0
20080928,WAS,DAL,2,31,56,WAS,DAL,4,2,30,2,S.Suisham,20,0,7,1916,14,7,2008,1,0,0
20081026,WAS,DET,2,30,4,WAS,DET,1,10,30,29,S.Suisham,47,0,-7,1804,3,10,2008,1,0,0
20081026,WAS,DET,2,33,29,WAS,DET,4,16,30,33,S.Suisham,50,0,-7,2009,3,10,2008,0,1,0
20081005,WAS,PHI,2,42,4,WAS,PHI,4,4,30,23,S.Suisham,41,0,-7,2524,0,7,2008,1,0,0
20081005,WAS,PHI,2,32,0,WAS,PHI,4,6,30,30,S.Suisham,48,0,-11,1920,3,14,2008,1,0,0
20081005,WAS,PHI,2,30,5,WAS,PHI,1,10,30,32,S.Suisham,50,0,-8,1805,6,14,2008,1,0,0
20081228,WAS,SF,2,41,32,WAS,SF,4,10,30,23,S.Suisham,41,0,0,2492,7,7,2008,1,0,0
20080914,NO,WAS,2,35,23,WAS,NO,4,2,30,12,S.Suisham,30,1,-1,2123,6,7,2008,0,1,0
20081221,PHI,WAS,2,33,28,WAS,PHI,4,4,30,14,S.Suisham,33,1,0,2008,0,0,2008,1,0,0
20080914,NO,WAS,2,31,9,WAS,NO,4,9,30,17,S.Suisham,35,1,-1,1869,6,7,2008,1,0,0
20081019,CLE,WAS,2,30,4,WAS,CLE,3,11,30,18,S.Suisham,36,1,0,1804,0,0,2008,0,1,0
20080914,NO,WAS,2,43,30,WAS,NO,4,2,30,19,S.Suisham,36,1,3,2610,3,0,2008,1,0,0
20081116,DAL,WAS,2,30,9,WAS,DAL,4,7,30,23,S.Suisham,41,1,0,1809,7,7,2008,1,0,0
20081130,NYG,WAS,2,30,8,WAS,NYG,2,4,30,24,S.Suisham,42,1,-6,1808,7,13,2008,0,1,0
20080921,ARI,WAS,2,43,13,WAS,ARI,4,6,30,30,S.Suisham,48,1,7,2593,7,0,2008,1,0,0
20081221,PHI,WAS,2,44,20,WAS,PHI,4,6,30,36,S.Suisham,54,1,0,2660,0,0,2008,0,1,0
20081012,OAK,NO,2,30,54,NO,OAK,4,18,23,26,T.Mehlhaff,44,1,4,1854,7,3,2008,1,0,0
20081130,IND,CLE,3,19,12,IND,CLE,4,8,15,28,A.Vinatieri,46,0,-3,1152,3,6,2008,0,1,0
20081019,IND,GB,3,24,5,IND,GB,4,9,15,27,A.Vinatieri,45,0,-10,1445,7,17,2008,1,0,1
20081109,IND,PIT,3,23,18,IND,PIT,4,3,15,18,A.Vinatieri,36,0,-3,1398,14,17,2008,1,0,0
20081116,NO,KC,3,22,44,KC,NO,4,3,18,3,C.Barth,21,1,-10,1364,10,20,2008,1,0,0
20081221,MIA,KC,3,24,11,KC,MIA,4,6,18,9,C.Barth,27,1,4,1451,28,24,2008,1,0,0
20081026,KC,NYJ,3,24,56,KC,NYJ,4,12,18,12,C.Barth,30,0,0,1496,14,14,2008,1,0,0
20080928,PHI,CHI,3,19,27,PHI,CHI,4,6,29,6,D.Akers,24,0,-7,1167,14,21,2008,1,0,0
20080928,PHI,CHI,3,23,6,PHI,CHI,4,4,29,29,D.Akers,47,0,-7,1386,14,21,2008,0,1,0
20081207,PHI,NYG,3,23,2,PHI,NYG,4,3,29,16,D.Akers,34,0,10,1382,10,0,2008,1,0,1
20090111,PHI,NYG,3,22,53,PHI,NYG,4,5,29,17,D.Akers,35,0,-1,1373,10,11,2008,1,0,0
20080907,STL,PHI,3,17,31,PHI,STL,4,5,29,5,D.Akers,23,1,28,1051,28,0,2008,1,0,0
20081215,CLE,PHI,3,18,35,PHI,CLE,4,10,29,16,D.Akers,34,1,7,1115,10,3,2008,1,0,0
20081127,ARI,PHI,3,15,29,PHI,ARI,4,6,29,23,D.Akers,41,1,18,929,31,13,2008,1,0,0
20081228,DAL,PHI,3,21,10,PHI,DAL,4,1,29,24,D.Akers,41,1,24,1270,27,3,2008,1,0,0
20081102,PHI,SEA,3,16,31,PHI,SEA,4,7,29,7,D.Akers,24,0,10,991,17,7,2008,1,0,0
20081102,PHI,SEA,3,26,29,PHI,SEA,4,2,29,22,D.Akers,39,0,7,1589,14,7,2008,1,0,0
20081221,PHI,WAS,3,19,22,PHI,WAS,4,2,29,4,D.Akers,22,0,-10,1162,0,10,2008,1,0,0
20080914,MIA,ARI,3,20,30,MIA,ARI,4,10,19,14,D.Carpenter,32,0,-24,1230,0,24,2008,1,0,0
20081005,SD,MIA,3,21,9,MIA,SD,4,3,19,24,D.Carpenter,42,1,14,1269,17,3,2008,0,1,0
20081026,BUF,MIA,3,23,1,MIA,BUF,4,19,19,25,D.Carpenter,43,1,-9,1381,7,16,2008,1,0,0
20081130,MIA,STL,3,21,14,MIA,STL,4,5,19,30,D.Carpenter,47,0,1,1274,10,9,2008,1,0,0
20081019,PIT,CIN,3,17,42,CIN,PIT,4,6,9,8,D.Rayner,26,1,-10,1062,7,17,2008,1,0,0
20081228,STL,ATL,3,16,43,STL,ATL,4,1,35,14,J.Brown,31,0,-10,1003,14,24,2008,1,0,0
20081026,STL,NE,3,23,8,STL,NE,4,3,35,26,J.Brown,44,0,-3,1388,10,13,2008,1,0,0
20081109,STL,NYJ,3,24,56,STL,NYJ,4,7,35,19,J.Brown,37,0,-40,1496,0,40,2008,1,0,0
20081116,STL,SF,3,15,3,STL,SF,4,14,35,26,J.Brown,44,0,-29,903,6,35,2008,1,0,0
20081116,STL,SF,3,18,56,STL,SF,4,10,35,30,J.Brown,48,0,-32,1136,3,35,2008,1,0,0
20080928,BUF,STL,3,18,41,STL,BUF,4,18,34,33,J.Brown,51,1,1,1121,14,13,2008,0,1,0
20081012,STL,WAS,3,23,25,STL,WAS,4,5,35,7,J.Brown,25,0,-4,1405,3,7,2008,1,0,0
20081012,STL,WAS,3,15,29,STL,WAS,4,3,35,26,J.Brown,44,0,6,929,13,7,2008,1,0,0
20081019,SF,NYG,3,17,3,NYG,SF,4,4,25,17,J.Carney,35,1,14,1023,24,10,2008,1,0,1
20081005,SEA,NYG,3,16,43,NYG,SEA,4,7,25,17,J.Carney,35,1,28,1003,34,6,2008,1,0,0
20090111,PHI,NYG,3,27,37,NYG,PHI,4,5,25,17,J.Carney,36,1,-2,1657,8,10,2008,1,0,0
20080921,CIN,NYG,3,21,33,NYG,CIN,4,5,25,28,J.Carney,46,1,-3,1293,10,13,2008,1,0,0
20090111,PHI,NYG,3,19,25,NYG,PHI,4,9,25,29,J.Carney,47,1,-2,1165,11,13,2008,0,1,0
20081109,NO,ATL,3,17,9,ATL,NO,4,4,2,9,J.Elam,27,1,11,1029,17,6,2008,1,0,0
20081012,CHI,ATL,3,25,41,ATL,CHI,4,8,2,23,J.Elam,41,1,6,1541,9,3,2008,1,0,0
20080907,DET,ATL,3,24,50,ATL,DET,4,3,2,32,J.Elam,50,1,7,1490,21,14,2008,1,0,0
20081207,ATL,NO,3,18,9,ATL,NO,4,5,2,5,J.Elam,23,0,-2,1089,14,16,2008,1,0,0
20080914,ATL,TB,3,16,7,ATL,TB,4,6,2,9,J.Elam,27,0,-14,967,3,17,2008,1,0,0
20081102,NYJ,BUF,3,23,57,NYJ,BUF,4,2,27,2,J.Feely,20,0,-1,1437,6,7,2008,1,0,0
20081130,DEN,NYJ,3,17,55,NYJ,DEN,4,12,27,12,J.Feely,30,1,-13,1075,14,27,2008,1,0,0
20081012,CIN,NYJ,3,20,42,NYJ,CIN,4,10,27,25,J.Feely,43,1,3,1242,17,14,2008,1,0,0
20081123,NYJ,TEN,3,23,11,NYJ,TEN,4,7,27,12,J.Feely,30,0,7,1391,10,3,2008,1,0,0
20081123,TB,DET,3,17,47,DET,TB,4,6,12,22,J.Hanson,40,1,-4,1067,17,21,2008,1,0,0
20080914,GB,DET,3,26,32,DET,GB,4,10,12,31,J.Hanson,49,1,-18,1592,3,21,2008,1,0,0
20080914,GB,DET,3,23,20,DET,GB,4,15,12,35,J.Hanson,53,1,-15,1400,6,21,2008,1,0,0
20081214,DET,IND,3,25,4,DET,IND,4,11,12,11,J.Hanson,30,0,-11,1504,10,21,2008,1,0,0
20080921,DET,SF,3,16,48,DET,SF,4,8,12,33,J.Hanson,51,0,-18,1008,3,21,2008,1,0,0
20081123,CAR,ATL,3,20,30,CAR,ATL,4,2,6,3,J.Kasay,21,0,-7,1230,10,17,2008,1,0,0
20081116,DET,CAR,3,23,29,CAR,DET,4,4,6,11,J.Kasay,29,1,5,1409,21,16,2008,1,0,0
20081005,KC,CAR,3,25,18,CAR,KC,4,1,6,14,J.Kasay,32,1,21,1518,21,0,2008,1,0,0
20080928,ATL,CAR,3,16,44,CAR,ATL,4,4,6,26,J.Kasay,44,1,5,1004,14,9,2008,1,0,0
20080914,CHI,CAR,3,20,27,CAR,CHI,4,6,6,28,J.Kasay,45,1,-14,1227,3,17,2008,1,0,0
20081228,CAR,NO,3,18,27,CAR,NO,4,4,6,23,J.Kasay,41,0,20,1107,30,10,2008,0,1,0
20081110,SF,ARI,3,22,5,SF,ARI,4,1,34,24,J.Nedney,41,0,1,1325,21,20,2008,1,0,0
20081123,SF,DAL,3,23,27,SF,DAL,4,3,34,18,J.Nedney,35,0,-23,1407,6,29,2008,1,0,0
20081214,SF,MIA,3,17,50,SF,MIA,4,3,34,5,J.Nedney,23,0,-11,1070,3,14,2008,1,0,0
20080928,SF,NO,3,25,23,SF,NO,4,14,34,20,J.Nedney,38,0,-15,1523,6,21,2008,1,0,0
20081012,PHI,SF,3,18,5,SF,PHI,4,6,34,11,J.Nedney,29,1,6,1085,23,17,2008,1,0,0
20081026,SEA,SF,3,19,17,SF,SEA,4,7,34,22,J.Nedney,40,1,-10,1157,3,13,2008,1,0,0
20080921,DET,SF,3,20,47,SF,DET,4,3,34,25,J.Nedney,43,1,18,1247,21,3,2008,0,1,0
20081201,JAC,HOU,3,18,33,JAC,HOU,4,8,16,11,J.Scobee,29,0,-13,1113,0,13,2008,1,0,0
20080914,BUF,JAC,3,21,11,JAC,BUF,4,6,16,32,J.Scobee,50,1,0,1271,10,10,2008,1,0,0
20080907,JAC,TEN,3,18,58,JAC,TEN,4,5,16,19,J.Scobee,37,0,-3,1138,7,10,2008,0,1,0
20090201,PIT,ARI,3,17,16,PIT,ARI,4,3,31,3,Je.Reed,21,0,3,1036,10,7,2008,1,0,0
20080914,PIT,CLE,3,23,2,PIT,CLE,4,4,31,30,Je.Reed,48,0,7,1382,7,0,2008,1,0,0
20081130,PIT,NE,3,17,53,PIT,NE,4,1,31,1,Je.Reed,20,0,10,1073,20,10,2008,1,0,0
20081130,PIT,NE,3,20,43,PIT,NE,4,7,31,7,Je.Reed,25,0,0,1243,10,10,2008,1,0,0
20081120,CIN,PIT,3,23,22,PIT,CIN,4,2,31,20,Je.Reed,38,1,3,1402,10,7,2008,1,0,0
20081116,SD,PIT,3,23,45,PIT,SD,4,5,31,23,Je.Reed,41,1,-2,1425,5,7,2008,1,0,0
20090118,BAL,PIT,3,18,43,PIT,BAL,4,10,31,29,Je.Reed,46,1,6,1123,13,7,2008,1,0,0
20081228,CLE,PIT,3,20,39,PIT,CLE,4,3,31,5,Je.Reed,22,1,14,1239,14,0,2008,1,0,0
20081123,HOU,CLE,3,23,53,HOU,CLE,4,4,14,18,K.Brown,36,0,7,1433,13,6,2008,1,0,0
20081207,HOU,GB,3,26,57,HOU,GB,4,1,14,23,K.Brown,41,0,3,1617,10,7,2008,1,0,0
20081201,JAC,HOU,3,15,49,HOU,JAC,4,2,14,2,K.Brown,20,1,10,949,13,3,2008,1,0,0
20081214,TEN,HOU,3,15,43,HOU,TEN,4,7,14,7,K.Brown,26,1,1,943,10,9,2008,0,1,0
20081005,IND,HOU,3,15,25,HOU,IND,4,3,14,24,K.Brown,43,1,7,925,17,10,2008,1,0,0
20081201,JAC,HOU,3,25,18,HOU,JAC,4,4,14,32,K.Brown,50,1,10,1518,10,0,2008,1,0,0
20081026,TB,DAL,3,15,39,TB,DAL,4,12,36,23,M.Bryant,41,0,-7,939,6,13,2008,1,0,0
20080907,TB,NO,3,15,38,TB,NO,4,5,36,15,M.Bryant,33,0,0,938,10,10,2008,1,0,0
20081012,CAR,TB,3,21,8,TB,CAR,4,2,36,31,M.Bryant,49,1,14,1268,17,3,2008,1,0,0
20081222,GB,CHI,3,18,36,GB,CHI,4,6,13,28,M.Crosby,46,0,4,1116,14,10,2008,0,1,0
20080914,GB,DET,3,17,32,GB,DET,4,7,13,7,M.Crosby,25,0,12,1052,21,9,2008,1,0,0
20081019,IND,GB,3,17,41,GB,IND,4,7,13,11,M.Crosby,29,1,10,1061,17,7,2008,1,0,0
20080921,DAL,GB,3,21,1,GB,DAL,4,15,13,15,M.Crosby,33,1,-7,1261,6,13,2008,1,0,0
20081130,CAR,GB,3,28,57,GB,CAR,4,10,13,26,M.Crosby,44,1,-11,1737,10,21,2008,1,0,0
20081005,ATL,GB,3,15,32,GB,ATL,4,2,13,32,M.Crosby,50,1,-10,932,7,17,2008,1,0,0
20081102,GB,TEN,3,15,15,GB,TEN,4,4,13,6,M.Crosby,25,0,-6,915,10,16,2008,1,0,0
20080907,TB,NO,3,17,54,NO,TB,4,14,22,16,M.Gramatica,34,1,-3,1074,7,10,2008,1,0,0
20081214,DEN,CAR,3,16,52,DEN,CAR,4,6,11,29,M.Prater,47,0,-17,1012,10,27,2008,0,1,0
20081106,DEN,CLE,3,20,40,DEN,CLE,4,7,11,12,M.Prater,30,0,-13,1240,10,23,2008,1,0,0
20081207,KC,DEN,3,23,21,DEN,KC,4,8,11,15,M.Prater,33,1,-3,1401,14,17,2008,1,0,0
20080921,NO,DEN,3,17,24,DEN,NO,4,3,11,15,M.Prater,34,1,5,1044,31,26,2008,1,0,0
20081012,JAC,DEN,3,23,45,DEN,JAC,4,5,11,21,M.Prater,39,1,-10,1425,7,17,2008,1,0,0
20081207,KC,DEN,3,16,54,DEN,KC,4,3,11,31,M.Prater,48,1,0,1014,17,17,2008,0,1,0
20081102,MIA,DEN,3,18,4,DEN,MIA,4,6,11,31,M.Prater,49,1,-6,1084,10,16,2008,0,1,0
20081102,MIA,DEN,3,23,16,DEN,MIA,4,2,11,32,M.Prater,50,1,-9,1396,7,16,2008,1,0,0
20080928,DEN,KC,3,27,17,DEN,KC,4,11,11,33,M.Prater,51,0,-3,1637,10,13,2008,1,0,0
20080908,DEN,OAK,3,18,21,DEN,OAK,4,8,11,25,M.Prater,43,0,24,1101,24,0,2008,1,0,0
20081214,PIT,BAL,3,21,3,BAL,PIT,4,4,3,10,M.Stover,28,1,3,1263,6,3,2008,1,0,0
20081026,OAK,BAL,3,18,22,BAL,OAK,4,11,3,11,M.Stover,30,1,16,1102,19,3,2008,1,0,0
20081207,WAS,BAL,3,19,15,BAL,WAS,4,5,3,14,M.Stover,32,1,7,1155,7,0,2008,1,0,0
20081228,JAC,BAL,3,18,30,BAL,JAC,4,3,3,22,M.Stover,41,1,17,1110,24,7,2008,1,0,0
20081109,BAL,HOU,3,18,12,BAL,HOU,4,17,3,32,M.Stover,50,0,13,1092,19,6,2008,0,1,0
20081012,BAL,IND,3,16,19,BAL,IND,4,13,3,19,M.Stover,37,0,-31,979,0,31,2008,1,0,0
20081019,BAL,MIA,3,23,36,BAL,MIA,4,9,3,10,M.Stover,28,0,11,1416,17,6,2008,1,0,0
20081012,DAL,ARI,3,15,4,DAL,ARI,1,5,10,34,N.Folk,52,0,-3,904,21,24,2008,1,0,0
20081026,TB,DAL,3,20,18,DAL,TB,4,8,10,27,N.Folk,45,1,4,1218,10,6,2008,1,0,0
20081207,DAL,PIT,3,18,36,DAL,PIT,4,15,10,15,N.Folk,33,0,7,1116,10,3,2008,1,0,0
20081019,DAL,STL,3,24,38,DAL,STL,4,6,10,29,N.Folk,46,0,-17,1478,7,24,2008,0,1,0
20080914,SD,DEN,3,22,32,SD,DEN,4,3,32,3,N.Kaeding,21,0,-7,1352,24,31,2008,1,0,0
20081026,SD,NO,3,18,30,SD,NO,4,6,32,6,N.Kaeding,24,0,-13,1110,17,30,2008,1,0,0
20080928,SD,OAK,3,22,39,SD,OAK,4,5,32,10,N.Kaeding,28,0,-15,1359,0,15,2008,1,0,0
20081116,SD,PIT,3,19,26,SD,PIT,4,3,32,24,N.Kaeding,42,0,-1,1166,7,8,2008,0,1,0
20080907,CAR,SD,3,20,14,SD,CAR,4,2,32,9,N.Kaeding,27,1,-2,1214,7,9,2008,1,0,0
20081012,NE,SD,3,19,22,SD,NE,4,1,32,17,N.Kaeding,35,1,21,1162,24,3,2008,1,0,0
20080928,DEN,KC,3,23,47,KC,DEN,4,6,17,25,N.Novak,43,1,0,1427,13,13,2008,1,0,0
20081012,DAL,ARI,3,18,21,ARI,DAL,4,5,1,23,N.Rackers,41,1,7,1101,21,14,2008,1,0,0
20090103,ATL,ARI,3,26,59,ARI,ATL,4,5,1,33,N.Rackers,51,1,-3,1619,14,17,2008,0,1,0
20090110,ARI,CAR,3,19,44,ARI,CAR,4,10,1,15,N.Rackers,33,0,20,1184,27,7,2008,1,0,0
20081116,ARI,SEA,3,24,39,ARI,SEA,4,5,1,8,N.Rackers,26,0,9,1479,16,7,2008,1,0,0
20080907,ARI,SF,3,23,29,ARI,SF,4,13,1,13,N.Rackers,31,0,0,1409,10,10,2008,1,0,0
20080921,ARI,WAS,3,24,25,ARI,WAS,4,9,1,9,N.Rackers,26,0,-3,1465,7,10,2008,1,0,0
20080907,SEA,BUF,3,21,47,SEA,BUF,4,7,33,26,O.Mare,45,0,-13,1307,7,20,2008,1,0,0
20081127,SEA,DAL,3,24,40,SEA,DAL,4,7,33,7,O.Mare,25,0,-18,1480,6,24,2008,1,0,0
20081109,SEA,MIA,3,18,35,SEA,MIA,4,7,33,8,O.Mare,27,0,-4,1115,10,14,2008,1,0,0
20081109,SEA,MIA,3,26,11,SEA,MIA,4,11,33,19,O.Mare,37,0,-14,1571,0,14,2008,1,0,0
20081221,NYJ,SEA,3,17,46,SEA,NYJ,4,6,33,13,O.Mare,31,1,4,1066,7,3,2008,1,0,0
20081123,WAS,SEA,3,28,3,SEA,WAS,4,13,33,35,O.Mare,53,1,3,1683,10,7,2008,0,1,0
20081214,SEA,STL,3,24,59,SEA,STL,4,5,33,9,O.Mare,28,0,-10,1499,7,17,2008,1,0,0
20081214,SEA,STL,3,19,40,SEA,STL,4,8,33,32,O.Mare,50,0,-7,1180,10,17,2008,1,0,0
20081019,SEA,TB,3,25,26,SEA,TB,4,4,33,8,O.Mare,26,0,-17,1526,0,17,2008,1,0,0
20081019,SEA,TB,3,21,38,SEA,TB,4,10,33,20,O.Mare,38,0,-14,1298,3,17,2008,0,1,0
20081117,CLE,BUF,3,21,32,CLE,BUF,4,9,9,26,P.Dawson,43,0,3,1292,13,10,2008,1,0,0
20081013,NYG,CLE,3,26,58,CLE,NYG,4,5,9,8,P.Dawson,26,1,3,1618,17,14,2008,1,0,0
20080914,PIT,CLE,3,16,29,CLE,PIT,4,12,9,13,P.Dawson,31,1,-10,989,0,10,2008,1,0,0
20081106,DEN,CLE,3,25,25,CLE,DEN,4,9,9,16,P.Dawson,33,1,10,1525,20,10,2008,1,0,0
20081130,IND,CLE,3,24,56,CLE,IND,4,2,9,17,P.Dawson,34,1,3,1496,6,3,2008,0,1,0
20081207,CLE,TEN,3,22,3,CLE,TEN,4,10,9,26,P.Dawson,44,0,-15,1323,6,21,2008,0,1,0
20081019,CLE,WAS,3,17,48,CLE,WAS,4,10,9,19,P.Dawson,37,0,-7,1068,0,7,2008,1,0,0
20080914,TEN,CIN,3,19,55,TEN,CIN,4,4,37,16,R.Bironas,34,0,7,1195,14,7,2008,1,0,0
20081127,TEN,DET,3,17,24,TEN,DET,4,12,37,23,R.Bironas,41,0,28,1044,38,10,2008,1,0,0
20081127,TEN,DET,3,27,8,TEN,DET,4,2,37,32,R.Bironas,49,0,25,1628,35,10,2008,1,0,0
20081214,TEN,HOU,3,24,45,TEN,HOU,4,8,37,34,R.Bironas,51,0,-4,1485,6,10,2008,1,0,0
20081228,TEN,IND,3,23,22,TEN,IND,4,10,37,30,R.Bironas,48,0,-16,1402,0,16,2008,0,1,0
20081019,TEN,KC,3,15,24,TEN,KC,4,5,37,28,R.Bironas,46,0,17,924,17,0,2008,1,0,0
20081102,GB,TEN,3,19,16,TEN,GB,4,4,37,4,R.Bironas,22,1,3,1156,13,10,2008,1,0,0
20080921,HOU,TEN,3,21,41,TEN,HOU,4,8,37,26,R.Bironas,44,1,9,1301,21,12,2008,1,0,0
20080928,MIN,TEN,3,21,59,TEN,MIN,4,8,37,31,R.Bironas,49,1,10,1319,20,10,2008,1,0,0
20090110,BAL,TEN,3,25,5,TEN,BAL,4,7,37,33,R.Bironas,51,1,0,1505,7,7,2008,0,1,0
20081123,CHI,STL,3,20,17,CHI,STL,4,7,7,20,R.Gould,38,0,21,1217,24,3,2008,1,0,0
20081005,BUF,ARI,3,24,39,BUF,ARI,4,6,5,30,R.Lindell,48,0,-10,1479,14,24,2008,1,0,0
20081130,SF,BUF,3,23,57,BUF,SF,4,4,5,4,R.Lindell,22,1,-10,1437,0,10,2008,1,0,0
20081117,CLE,BUF,3,15,26,BUF,CLE,4,3,5,13,R.Lindell,31,1,-6,926,10,16,2008,1,0,0
20080921,OAK,BUF,3,26,42,BUF,OAK,4,3,5,27,R.Lindell,46,1,-2,1602,7,9,2008,0,1,0
20081102,NYJ,BUF,3,18,38,BUF,NYJ,4,7,5,35,R.Lindell,53,1,-9,1118,7,16,2008,1,0,0
20081221,BUF,DEN,3,20,2,BUF,DEN,4,9,5,10,R.Lindell,28,0,0,1202,13,13,2008,1,0,0
20081221,BUF,DEN,3,24,58,BUF,DEN,4,7,5,30,R.Lindell,49,0,-3,1498,10,13,2008,1,0,0
20081123,BUF,KC,3,25,9,BUF,KC,4,3,5,20,R.Lindell,38,0,20,1509,37,17,2008,1,0,0
20081214,BUF,NYJ,3,18,42,BUF,NYJ,4,8,5,30,R.Lindell,48,0,-4,1122,17,21,2008,1,0,0
20081214,MIN,ARI,3,19,41,MIN,ARI,4,9,20,16,R.Longwell,34,0,21,1181,28,7,2008,1,0,1
20080908,MIN,GB,3,25,55,MIN,GB,4,2,20,9,R.Longwell,27,0,-7,1555,3,10,2008,1,0,0
20081123,MIN,JAC,3,22,47,MIN,JAC,4,9,20,15,R.Longwell,32,0,7,1367,17,10,2008,1,0,0
20080914,IND,MIN,3,19,13,MIN,IND,4,7,20,10,R.Longwell,28,1,12,1153,12,0,2008,1,0,0
20080914,IND,MIN,3,25,44,MIN,IND,4,13,20,28,R.Longwell,46,1,9,1544,9,0,2008,1,0,0
20081109,GB,MIN,3,22,12,MIN,GB,4,5,20,30,R.Longwell,47,1,11,1332,21,10,2008,0,1,0
20081221,ARI,NE,3,18,35,NE,ARI,4,4,21,5,S.Gostkowski,24,1,41,1115,41,0,2008,1,0,0
20081221,ARI,NE,3,23,25,NE,ARI,4,17,21,17,S.Gostkowski,35,1,38,1405,38,0,2008,1,0,0
20081109,BUF,NE,3,23,18,NE,BUF,4,2,21,19,S.Gostkowski,37,1,7,1398,10,3,2008,1,0,0
20080914,NE,NYJ,3,15,22,NE,NYJ,4,1,21,9,S.Gostkowski,28,0,10,922,13,3,2008,1,0,0
20081207,NE,SEA,3,17,45,NE,SEA,4,4,21,25,S.Gostkowski,42,0,-4,1065,10,14,2008,1,0,0
20080914,TEN,CIN,3,25,9,CIN,TEN,4,9,8,19,S.Graham,37,1,-7,1509,7,14,2008,0,1,0
20081116,PHI,CIN,3,25,29,CIN,PHI,4,7,8,23,S.Graham,41,1,7,1529,10,3,2008,1,0,0
20081026,OAK,BAL,3,25,21,OAK,BAL,4,3,28,3,S.Janikowski,22,0,-19,1521,0,19,2008,1,0,0
20081116,OAK,MIA,3,20,57,OAK,MIA,4,5,28,28,S.Janikowski,46,0,-2,1257,5,7,2008,0,1,0
20081109,CAR,OAK,3,28,32,OAK,CAR,4,5,28,20,S.Janikowski,38,1,-14,1712,0,14,2008,1,0,0
20081109,CAR,OAK,3,24,0,OAK,CAR,4,5,28,27,S.Janikowski,45,1,-11,1440,3,14,2008,1,0,0
20080928,WAS,DAL,3,22,35,WAS,DAL,4,15,30,15,S.Suisham,33,0,0,1355,17,17,2008,1,0,0
20081026,WAS,DET,3,26,7,WAS,DET,4,5,30,27,S.Suisham,45,0,-4,1567,6,10,2008,1,0,0
20081123,WAS,SEA,3,22,24,WAS,SEA,4,5,30,8,S.Suisham,26,0,-3,1344,7,10,2008,1,0,0
20081116,DAL,WAS,3,18,22,WAS,DAL,4,21,30,28,S.Suisham,46,1,3,1102,10,7,2008,0,1,0
20081116,HOU,IND,4,1,57,IND,HOU,4,7,15,13,A.Vinatieri,31,1,3,117,30,27,2008,1,0,0
20081214,DET,IND,4,0,44,IND,DET,4,5,15,13,A.Vinatieri,31,1,7,44,28,21,2008,1,0,0
20081102,NE,IND,4,8,9,IND,NE,4,7,15,34,A.Vinatieri,52,1,0,489,15,15,2008,1,0,0
20081218,IND,JAC,4,6,34,IND,JAC,4,1,15,27,A.Vinatieri,45,0,-3,394,21,24,2008,1,0,0
20080914,IND,MIN,4,14,51,IND,MIN,4,10,15,12,A.Vinatieri,30,0,-8,891,7,15,2008,0,1,0
20080914,IND,MIN,4,0,8,IND,MIN,2,10,15,29,A.Vinatieri,47,0,0,8,15,15,2008,1,0,0
20081123,IND,SD,4,11,51,IND,SD,4,10,15,20,A.Vinatieri,38,0,7,711,17,10,2008,1,0,0
20081123,IND,SD,4,0,2,IND,SD,3,9,15,33,A.Vinatieri,51,0,0,2,20,20,2008,1,0,0
20081102,TB,KC,4,7,41,KC,TB,4,6,18,9,C.Barth,28,1,5,461,24,19,2008,1,0,0
20081214,SD,KC,4,0,1,KC,SD,1,5,18,32,C.Barth,50,1,-1,1,21,22,2008,0,1,0
20081130,KC,OAK,4,8,59,KC,OAK,4,8,18,9,C.Barth,27,0,7,539,17,10,2008,1,0,0
20080928,PHI,CHI,4,13,26,PHI,CHI,4,8,29,13,D.Akers,31,0,-4,806,17,21,2008,1,0,0
20081116,PHI,CIN,4,5,22,PHI,CIN,4,1,29,9,D.Akers,27,0,-3,322,10,13,2008,1,0,0
20090104,PHI,MIN,4,2,0,PHI,MIN,4,5,29,27,D.Akers,45,0,9,120,23,14,2008,1,0,0
20090111,PHI,NYG,4,4,2,PHI,NYG,4,2,29,2,D.Akers,20,0,9,242,20,11,2008,1,0,0
20081207,PHI,NYG,4,2,14,PHI,NYG,4,10,29,16,D.Akers,34,0,10,134,17,7,2008,1,0,0
20081026,ATL,PHI,4,7,59,PHI,ATL,4,1,29,1,D.Akers,18,1,10,479,17,7,2008,1,0,0
20081005,WAS,PHI,4,7,21,PHI,WAS,4,4,29,5,D.Akers,23,1,-9,441,14,23,2008,1,0,0
20080921,PIT,PHI,4,2,30,PHI,PIT,4,5,29,13,D.Akers,31,1,6,150,12,6,2008,1,0,0
20081215,CLE,PHI,4,14,56,PHI,CLE,4,4,29,16,D.Akers,34,1,17,896,20,3,2008,1,0,0
20081228,DAL,PHI,4,15,0,PHI,DAL,4,2,29,22,D.Akers,40,1,41,900,44,3,2008,0,1,0
20081102,PHI,SEA,4,4,40,PHI,SEA,4,5,29,21,D.Akers,39,0,16,280,23,7,2008,1,0,0
20081102,PHI,SEA,4,9,33,PHI,SEA,4,2,29,24,D.Akers,42,0,13,573,20,7,2008,1,0,0
20081012,PHI,SF,4,5,17,PHI,SF,4,7,29,7,D.Akers,25,0,1,317,27,26,2008,1,0,0
20081012,PHI,SF,4,1,14,PHI,SF,4,1,29,11,D.Akers,28,0,4,74,30,26,2008,1,0,0
20081012,PHI,SF,4,7,50,PHI,SF,4,6,29,20,D.Akers,38,0,-2,470,24,26,2008,1,0,0
20081207,MIA,BUF,4,8,14,MIA,BUF,4,4,19,9,D.Carpenter,27,0,10,494,13,3,2008,1,0,0
20081207,MIA,BUF,4,2,14,MIA,BUF,4,7,19,30,D.Carpenter,48,0,13,134,16,3,2008,0,1,0
20081102,MIA,DEN,4,12,2,MIA,DEN,4,11,19,23,D.Carpenter,41,0,6,722,16,10,2008,1,0,0
20081026,BUF,MIA,4,3,57,MIA,BUF,4,8,19,17,D.Carpenter,35,1,4,237,20,16,2008,1,0,0
20081026,BUF,MIA,4,13,22,MIA,BUF,4,3,19,27,D.Carpenter,45,1,1,802,17,16,2008,1,0,0
20081116,OAK,MIA,4,0,43,MIA,OAK,4,1,19,19,D.Carpenter,38,1,6,43,14,8,2008,1,0,0
20081214,SF,MIA,4,2,41,MIA,SF,4,6,19,31,D.Carpenter,49,1,5,161,14,9,2008,0,1,0
20080921,MIA,NE,4,6,13,MIA,NE,4,6,19,21,D.Carpenter,39,0,22,373,35,13,2008,1,0,0
20081228,MIA,NYJ,4,9,25,MIA,NYJ,4,6,19,30,D.Carpenter,48,0,4,565,21,17,2008,1,0,0
20081130,MIA,STL,4,6,44,MIA,STL,4,6,19,24,D.Carpenter,42,0,1,404,13,12,2008,1,0,0
20081211,NO,CHI,4,9,11,NO,CHI,4,8,24,12,G.Hartley,30,0,-7,551,14,21,2008,1,0,0
20081116,NO,KC,4,3,32,NO,KC,4,1,24,17,G.Hartley,35,0,7,212,27,20,2008,1,0,0
20081130,NO,TB,4,5,38,NO,TB,4,8,24,25,G.Hartley,43,0,-3,338,17,20,2008,1,0,0
20081207,STL,ARI,4,10,26,STL,ARI,4,15,35,33,J.Brown,51,0,-13,626,7,20,2008,1,0,0
20081228,STL,ATL,4,6,42,STL,ATL,4,8,35,9,J.Brown,27,0,0,402,24,24,2008,1,0,0
20081026,STL,NE,4,12,28,STL,NE,4,7,35,7,J.Brown,25,0,0,748,13,13,2008,1,0,0
20080907,STL,PHI,4,9,6,STL,PHI,4,10,35,28,J.Brown,46,0,-38,546,0,38,2008,1,0,0
20081221,SF,STL,4,11,40,STL,SF,4,4,35,4,J.Brown,22,1,10,700,13,3,2008,1,0,0
20081019,DAL,STL,4,10,37,STL,DAL,4,4,35,17,J.Brown,35,1,24,637,31,7,2008,1,0,0
20081130,MIA,STL,4,12,19,STL,MIA,4,7,35,20,J.Brown,38,1,-4,739,9,13,2008,1,0,0
20081214,SEA,STL,4,11,9,STL,SEA,4,10,35,29,J.Brown,48,1,4,669,17,13,2008,1,0,0
20081012,STL,WAS,4,0,2,STL,WAS,3,25,35,31,J.Brown,49,0,-1,2,16,17,2008,1,0,0
20081123,NYG,ARI,4,6,22,NYG,ARI,4,1,25,9,J.Carney,27,0,12,382,31,19,2008,1,0,0
20081123,NYG,ARI,4,2,0,NYG,ARI,4,1,25,16,J.Carney,33,0,8,120,34,26,2008,1,0,0
20081214,NYG,DAL,4,5,53,NYG,DAL,4,10,25,29,J.Carney,47,0,-11,353,3,14,2008,1,0,0
20081228,NYG,MIN,4,11,25,NYG,MIN,4,2,25,2,J.Carney,20,0,6,685,16,10,2008,1,0,0
20081228,NYG,MIN,4,3,22,NYG,MIN,4,15,25,30,J.Carney,48,0,2,202,19,17,2008,0,1,0
20080921,CIN,NYG,4,11,43,NYG,CIN,4,1,25,8,J.Carney,26,1,0,703,13,13,2008,1,0,0
20081019,SF,NYG,4,12,22,NYG,SF,4,5,25,30,J.Carney,48,1,14,742,24,10,2008,1,0,0
20081109,NYG,PHI,4,13,34,NYG,PHI,4,10,25,10,J.Carney,28,0,3,814,27,24,2008,1,0,0
20081026,NYG,PIT,4,8,21,NYG,PIT,4,6,25,6,J.Carney,24,0,-5,501,9,14,2008,1,0,0
20081130,NYG,WAS,4,6,31,NYG,WAS,4,2,25,21,J.Carney,39,0,13,391,20,7,2008,1,0,0
20080907,DET,ATL,4,10,27,ATL,DET,4,7,2,7,J.Elam,25,1,10,627,31,21,2008,1,0,0
20081012,CHI,ATL,4,2,50,ATL,CHI,4,8,2,15,J.Elam,33,1,6,170,19,13,2008,0,1,0
20081012,CHI,ATL,4,0,1,ATL,CHI,1,10,2,30,J.Elam,48,1,-1,1,19,20,2008,1,0,0
20081005,ATL,GB,4,7,23,ATL,GB,4,3,2,23,J.Elam,41,0,0,443,17,17,2008,1,0,0
20081102,ATL,OAK,4,14,25,ATL,OAK,4,16,2,33,J.Elam,51,0,24,865,24,0,2008,0,1,0
20080914,ATL,TB,4,5,17,ATL,TB,4,6,2,6,J.Elam,24,0,-11,317,6,17,2008,1,0,0
20081102,NYJ,BUF,4,2,16,NYJ,BUF,4,3,27,13,J.Feely,31,0,13,136,23,10,2008,1,0,0
20081214,BUF,NYJ,4,13,21,NYJ,BUF,4,2,27,12,J.Feely,31,1,1,801,21,20,2008,1,0,0
20080928,ARI,NYJ,4,3,11,NYJ,ARI,4,8,27,26,J.Feely,44,1,13,191,48,35,2008,0,1,0
20081019,NYJ,OAK,4,0,8,NYJ,OAK,3,10,27,34,J.Feely,52,0,-3,8,10,13,2008,1,0,0
20080922,NYJ,SD,4,8,25,NYJ,SD,4,14,27,14,J.Feely,32,0,-18,505,20,38,2008,1,0,0
20081207,MIN,DET,4,5,48,DET,MIN,4,11,12,21,J.Hanson,39,1,-4,348,13,17,2008,1,0,0
20081019,DET,HOU,4,4,21,DET,HOU,4,15,12,36,J.Hanson,54,0,-10,261,18,28,2008,1,0,0
20081019,NO,CAR,4,2,0,CAR,NO,4,7,6,10,J.Kasay,28,1,20,120,27,7,2008,1,0,0
20081214,DEN,CAR,4,11,27,CAR,DEN,4,7,6,24,J.Kasay,42,1,17,687,27,10,2008,1,0,0
20081005,KC,CAR,4,13,9,CAR,KC,4,5,6,25,J.Kasay,43,1,31,789,31,0,2008,1,0,0
20081026,ARI,CAR,4,9,13,CAR,ARI,4,1,6,32,J.Kasay,50,1,1,553,24,23,2008,1,0,0
20081228,CAR,NO,4,0,6,CAR,NO,1,15,6,25,J.Kasay,42,0,-1,6,30,31,2008,1,0,0
20081221,CAR,NYG,4,0,9,CAR,NYG,4,5,6,32,J.Kasay,50,0,0,9,28,28,2008,0,1,0
20081109,CAR,OAK,4,1,54,CAR,OAK,4,2,6,14,J.Kasay,32,0,8,114,14,6,2008,1,0,0
20080907,CAR,SD,4,10,15,CAR,SD,4,6,6,31,J.Kasay,49,0,-1,615,9,10,2008,1,0,0
20081214,SF,MIA,4,9,26,SF,MIA,4,5,34,10,J.Nedney,28,0,-8,566,6,14,2008,1,0,0
20080914,SF,SEA,4,2,46,SF,SEA,4,10,34,10,J.Nedney,28,0,-3,166,27,30,2008,1,0,0
20080914,SF,SEA,4,0,3,SF,SEA,2,1,34,23,J.Nedney,41,0,0,3,30,30,2008,0,1,0
20080921,DET,SF,4,4,25,SF,DET,4,5,34,7,J.Nedney,25,1,15,265,28,13,2008,1,0,0
20080907,ARI,SF,4,12,9,SF,ARI,4,3,34,12,J.Nedney,30,1,-10,729,10,20,2008,1,0,0
20081207,NYJ,SF,4,14,47,SF,NYJ,4,10,34,14,J.Nedney,32,1,0,887,14,14,2008,1,0,0
20081228,WAS,SF,4,5,11,SF,WAS,4,2,34,16,J.Nedney,33,1,4,311,21,17,2008,1,0,0
20081228,WAS,SF,4,0,3,SF,WAS,3,11,34,22,J.Nedney,39,1,0,3,24,24,2008,1,0,0
20081102,JAC,CIN,4,13,31,JAC,CIN,4,8,16,8,J.Scobee,26,0,-18,811,3,21,2008,1,0,0
20080921,JAC,IND,4,2,36,JAC,IND,4,4,16,4,J.Scobee,21,0,3,156,17,14,2008,1,0,0
20080921,JAC,IND,4,0,8,JAC,IND,1,10,16,33,J.Scobee,51,0,-1,8,20,21,2008,1,0,0
20081026,CLE,JAC,4,12,57,JAC,CLE,4,3,16,20,J.Scobee,38,1,-3,777,14,17,2008,1,0,1
20080914,BUF,JAC,4,14,36,JAC,BUF,4,6,16,21,J.Scobee,39,1,3,876,13,10,2008,1,0,0
20080928,HOU,JAC,4,13,44,JAC,HOU,4,8,16,22,J.Scobee,40,1,0,824,17,17,2008,1,0,0
20081026,CLE,JAC,4,8,53,JAC,CLE,4,6,16,35,J.Scobee,53,1,-3,533,14,17,2008,1,0,0
20080907,JAC,TEN,4,2,18,JAC,TEN,4,9,16,9,J.Scobee,27,0,-10,138,7,17,2008,1,0,0
20081214,PIT,BAL,4,9,29,PIT,BAL,4,7,31,12,Je.Reed,30,0,-6,569,3,9,2008,1,0,0
20081130,PIT,NE,4,11,34,PIT,NE,4,8,31,22,Je.Reed,40,0,13,694,23,10,2008,0,1,0
20081130,PIT,NE,4,5,48,PIT,NE,4,9,31,27,Je.Reed,45,0,13,348,23,10,2008,1,0,0
20080929,BAL,PIT,4,9,23,PIT,BAL,4,1,31,1,Je.Reed,19,1,-3,563,10,13,2008,1,0,0
20081109,IND,PIT,4,8,1,PIT,IND,4,6,31,6,Je.Reed,24,1,0,481,17,17,2008,1,0,0
20081116,SD,PIT,4,0,15,PIT,SD,3,14,31,14,Je.Reed,32,1,-2,15,8,10,2008,1,0,0
20081207,DAL,PIT,4,7,20,PIT,DAL,4,8,31,23,Je.Reed,41,1,-10,440,3,13,2008,1,0,0
20080907,HOU,PIT,4,5,28,PIT,HOU,4,8,31,26,Je.Reed,44,1,25,328,35,10,2008,1,0,0
20081207,HOU,GB,4,0,4,HOU,GB,3,7,14,22,K.Brown,40,0,0,4,21,21,2008,1,0,0
20081228,CHI,HOU,4,11,58,HOU,CHI,4,4,14,4,K.Brown,22,1,4,718,21,17,2008,1,0,0
20081214,TEN,HOU,4,11,49,HOU,TEN,4,4,14,6,K.Brown,24,1,1,709,10,9,2008,1,0,0
20081012,MIA,HOU,4,6,8,HOU,MIA,4,9,14,24,K.Brown,42,1,-1,368,20,21,2008,1,0,0
20080928,HOU,JAC,4,0,6,HOU,JAC,4,7,14,29,K.Brown,47,0,-3,6,24,27,2008,1,0,0
20081221,HOU,OAK,4,10,0,HOU,OAK,4,22,14,22,K.Brown,40,0,-7,600,13,20,2008,1,0,0
20081116,BAL,NYG,4,12,7,NYG,BAL,4,1,26,1,L.Tynes,19,1,10,727,20,10,2008,1,0,0
20081214,TB,ATL,4,0,48,TB,ATL,4,18,36,20,M.Bryant,38,0,-3,48,7,10,2008,1,0,0
20081214,TB,ATL,4,3,43,TB,ATL,4,6,36,35,M.Bryant,53,0,-3,223,7,10,2008,0,1,0
20080921,TB,CHI,4,3,16,TB,CHI,4,10,36,17,M.Bryant,35,0,-10,196,14,24,2008,1,0,0
20081123,TB,DET,4,12,54,TB,DET,4,16,36,30,M.Bryant,48,0,15,774,35,20,2008,1,0,0
20080928,GB,TB,4,2,28,TB,GB,4,4,36,6,M.Bryant,24,1,6,148,20,14,2008,1,0,0
20081116,MIN,TB,4,3,34,TB,MIN,4,8,36,8,M.Bryant,26,1,3,214,16,13,2008,1,0,0
20081019,SEA,TB,4,4,39,TB,SEA,4,6,36,9,M.Bryant,27,1,14,279,17,3,2008,1,0,0
20081116,MIN,TB,4,5,41,TB,MIN,4,2,36,11,M.Bryant,29,1,0,341,13,13,2008,1,0,0
20081228,OAK,TB,4,14,56,TB,OAK,4,9,36,11,M.Bryant,29,1,0,896,14,14,2008,1,0,0
20081130,NO,TB,4,2,0,TB,NO,4,12,36,19,M.Bryant,37,1,0,120,20,20,2008,1,0,0
20081116,MIN,TB,4,2,0,TB,MIN,4,11,36,28,M.Bryant,46,1,6,120,19,13,2008,0,1,0
20081222,GB,CHI,4,13,2,GB,CHI,4,10,13,10,M.Crosby,28,0,4,782,14,10,2008,1,0,0
20081222,GB,CHI,4,0,25,GB,CHI,4,6,13,20,M.Crosby,38,0,0,25,17,17,2008,1,0,1
20080914,GB,DET,4,5,21,GB,DET,4,8,13,21,M.Crosby,39,0,-1,321,24,25,2008,1,0,0
20081130,CAR,GB,4,2,0,GB,CAR,4,1,13,1,M.Crosby,19,1,0,120,28,28,2008,1,0,0
20081116,CHI,GB,4,9,54,GB,CHI,4,1,13,16,M.Crosby,33,1,21,594,24,3,2008,1,0,0
20081228,DET,GB,4,13,38,GB,DET,4,6,13,18,M.Crosby,36,1,0,818,14,14,2008,1,0,0
20081116,CHI,GB,4,2,0,GB,CHI,4,10,13,27,M.Crosby,45,1,24,120,27,3,2008,1,0,0
20081214,GB,JAC,4,5,40,GB,JAC,4,8,13,20,M.Crosby,38,0,-1,340,13,14,2008,1,0,0
20081109,GB,MIN,4,6,0,GB,MIN,4,5,13,22,M.Crosby,40,0,-11,360,10,21,2008,1,0,0
20081109,GB,MIN,4,0,31,GB,MIN,4,4,13,34,M.Crosby,52,0,-1,31,27,28,2008,0,1,0
20081012,GB,SEA,4,8,47,GB,SEA,4,10,13,33,M.Crosby,51,0,14,527,24,10,2008,1,0,0
20081102,GB,TEN,4,5,35,GB,TEN,4,4,13,19,M.Crosby,38,0,-3,335,13,16,2008,1,0,0
20080921,NO,DEN,4,2,0,NO,DEN,4,2,22,25,M.Gramatica,43,0,-2,120,32,34,2008,0,1,0
20080928,SF,NO,4,0,32,NO,SF,4,3,22,13,M.Gramatica,31,1,11,32,28,17,2008,1,0,0
20081006,MIN,NO,4,2,4,NO,MIN,4,9,22,28,M.Gramatica,46,1,0,124,27,27,2008,0,1,0
20081006,MIN,NO,4,13,26,NO,MIN,4,11,22,35,M.Gramatica,53,1,-10,806,10,20,2008,1,0,0
20081116,DEN,ATL,4,15,0,DEN,ATL,4,2,11,2,M.Prater,20,0,1,900,14,13,2008,1,0,0
20081005,TB,DEN,4,12,28,DEN,TB,4,2,11,9,M.Prater,27,1,7,748,13,6,2008,1,0,0
20081221,BUF,DEN,4,11,8,DEN,BUF,4,8,11,25,M.Prater,43,1,-3,668,20,23,2008,1,0,0
20080928,DEN,KC,4,8,1,DEN,KC,4,3,11,3,M.Prater,22,0,-10,481,13,23,2008,1,0,0
20080928,DEN,KC,4,2,9,DEN,KC,4,10,11,15,M.Prater,33,0,-10,129,16,26,2008,1,0,0
20081123,PHI,BAL,4,14,57,BAL,PHI,4,8,3,24,M.Stover,42,1,5,897,12,7,2008,1,0,0
20081102,BAL,CLE,4,5,40,BAL,CLE,4,4,3,4,M.Stover,22,0,0,340,27,27,2008,1,0,0
20081220,BAL,DAL,4,6,34,BAL,DAL,4,5,3,17,M.Stover,35,0,6,394,16,10,2008,1,0,0
20090110,BAL,TEN,4,14,14,BAL,TEN,4,3,3,3,M.Stover,21,0,0,854,7,7,2008,1,0,0
20090110,BAL,TEN,4,0,57,BAL,TEN,4,1,3,25,M.Stover,43,0,0,57,10,10,2008,1,0,0
20081220,BAL,DAL,4,11,32,DAL,BAL,4,2,10,17,N.Folk,35,1,-9,692,7,16,2008,1,0,0
20081123,SF,DAL,4,5,11,DAL,SF,4,4,10,24,N.Folk,42,1,16,311,32,16,2008,1,0,0
20081127,SEA,DAL,4,8,59,DAL,SEA,4,3,10,24,N.Folk,42,1,22,539,31,9,2008,1,0,0
20080915,PHI,DAL,4,10,34,DAL,PHI,4,5,10,29,N.Folk,47,1,-6,634,31,37,2008,1,0,0
20081123,SF,DAL,4,14,53,DAL,SF,4,12,10,29,N.Folk,47,1,20,893,29,9,2008,1,0,0
20081228,DAL,PHI,4,7,49,DAL,PHI,4,15,10,24,N.Folk,42,0,-41,469,3,44,2008,1,0,0
20080914,SD,DEN,4,14,11,SD,DEN,4,9,32,10,N.Kaeding,28,0,-4,851,27,31,2008,1,0,0
20081026,SD,NO,4,9,38,SD,NO,4,13,32,13,N.Kaeding,31,0,-17,578,20,37,2008,1,0,0
20080928,SD,OAK,4,8,19,SD,OAK,4,3,32,29,N.Kaeding,47,0,3,499,18,15,2008,0,1,0
20080928,SD,OAK,4,1,55,SD,OAK,4,4,32,29,N.Kaeding,47,0,0,115,18,18,2008,1,0,0
20081116,SD,PIT,4,6,44,SD,PIT,4,4,32,4,N.Kaeding,22,0,-1,404,7,8,2008,1,0,0
20081012,NE,SD,4,10,52,SD,NE,4,5,32,5,N.Kaeding,23,1,24,652,27,3,2008,1,0,0
20090103,IND,SD,4,0,33,SD,IND,4,2,32,8,N.Kaeding,26,1,-3,33,14,17,2008,1,0,0
20081130,ATL,SD,4,5,17,SD,ATL,4,8,32,10,N.Kaeding,28,1,-9,317,13,22,2008,1,0,0
20081130,ATL,SD,4,11,43,SD,ATL,4,4,32,25,N.Kaeding,43,1,-9,703,13,22,2008,1,0,1
20081123,IND,SD,4,1,35,SD,IND,4,2,32,29,N.Kaeding,47,1,-3,95,17,20,2008,1,0,0
20080922,NYJ,SD,4,2,8,SD,NYJ,4,2,32,31,N.Kaeding,49,1,16,128,45,29,2008,1,0,0
20080921,KC,ATL,4,15,0,KC,ATL,4,7,17,14,N.Novak,32,0,-17,900,14,31,2008,0,1,0
20081019,TEN,KC,4,4,59,KC,TEN,4,8,17,8,N.Novak,26,1,-27,299,0,27,2008,1,0,0
20080928,DEN,KC,4,3,53,KC,DEN,4,3,17,15,N.Novak,33,1,7,233,23,16,2008,1,0,0
20081110,SF,ARI,4,14,37,ARI,SF,4,5,1,5,N.Rackers,23,1,-4,877,20,24,2008,1,0,0
20081228,SEA,ARI,4,8,31,ARI,SEA,4,5,1,5,N.Rackers,23,1,7,511,28,21,2008,1,0,0
20081228,SEA,ARI,4,3,31,ARI,SEA,4,4,1,14,N.Rackers,32,1,10,211,31,21,2008,1,0,0
20081005,BUF,ARI,4,15,0,ARI,BUF,4,2,1,20,N.Rackers,38,1,14,900,31,17,2008,1,0,0
20081123,NYG,ARI,4,0,42,ARI,NYG,1,10,1,26,N.Rackers,44,1,-11,42,26,37,2008,1,0,0
20090110,ARI,CAR,4,3,14,ARI,CAR,4,2,1,2,N.Rackers,20,0,23,194,30,7,2008,1,0,0
20080907,ARI,SF,4,2,0,ARI,SF,4,8,1,12,N.Rackers,30,0,7,120,20,13,2008,1,0,0
20081102,ARI,STL,4,3,34,ARI,STL,4,9,1,12,N.Rackers,30,0,18,214,31,13,2008,1,0,0
20080914,SF,SEA,4,7,45,SEA,SF,4,6,33,13,O.Mare,32,1,0,465,27,27,2008,1,0,0
20080921,STL,SEA,4,4,50,SEA,STL,4,7,33,19,O.Mare,38,1,21,290,34,13,2008,1,0,0
20081221,NYJ,SEA,4,1,52,SEA,NYJ,4,10,33,20,O.Mare,38,1,7,112,10,3,2008,1,0,0
20081214,SEA,STL,4,0,3,SEA,STL,2,8,33,8,O.Mare,27,0,0,3,20,20,2008,1,0,0
20081117,CLE,BUF,4,11,35,CLE,BUF,4,5,9,5,P.Dawson,22,0,10,695,23,13,2008,1,0,0
20081117,CLE,BUF,4,1,44,CLE,BUF,4,10,9,39,P.Dawson,56,0,-1,104,26,27,2008,1,0,0
20080928,CLE,CIN,4,0,37,CLE,CIN,4,3,9,12,P.Dawson,29,0,5,37,17,12,2008,1,0,0
20080907,DAL,CLE,4,10,13,CLE,DAL,4,3,9,17,P.Dawson,34,1,-21,613,7,28,2008,1,0,0
20080914,PIT,CLE,4,3,24,CLE,PIT,4,7,9,20,P.Dawson,38,1,-7,204,3,10,2008,1,0,0
20081123,HOU,CLE,4,7,38,CLE,HOU,4,6,9,21,P.Dawson,39,1,-10,458,6,16,2008,0,1,0
20081026,CLE,JAC,4,4,39,CLE,JAC,4,2,9,2,P.Dawson,20,0,0,279,17,17,2008,1,0,0
20081026,CLE,JAC,4,4,11,CLE,JAC,4,10,9,25,P.Dawson,42,0,3,251,20,17,2008,1,0,0
20081207,CLE,TEN,4,13,35,CLE,TEN,4,9,9,22,P.Dawson,39,0,-15,815,6,21,2008,1,0,0
20081019,CLE,WAS,4,0,32,CLE,WAS,4,10,9,36,P.Dawson,54,0,-3,32,11,14,2008,0,1,0
20081005,TEN,BAL,4,12,51,TEN,BAL,4,4,37,8,R.Bironas,26,0,-7,771,3,10,2008,1,0,0
20081127,TEN,DET,4,4,29,TEN,DET,4,12,37,25,R.Bironas,43,0,34,269,44,10,2008,1,0,0
20081127,TEN,DET,4,10,28,TEN,DET,4,6,37,27,R.Bironas,45,0,31,628,41,10,2008,1,0,0
20081214,TEN,HOU,4,5,27,TEN,HOU,4,6,37,16,R.Bironas,34,0,-4,327,9,13,2008,1,0,0
20090110,BAL,TEN,4,4,26,TEN,BAL,4,1,37,10,R.Bironas,27,1,-3,266,7,10,2008,1,0,0
20081102,GB,TEN,4,0,4,TEN,GB,1,10,37,29,R.Bironas,47,1,0,4,16,16,2008,0,1,0
20081027,IND,TEN,4,14,50,TEN,IND,4,6,37,30,R.Bironas,48,1,0,890,14,14,2008,1,0,0
20081123,NYJ,TEN,4,12,55,TEN,NYJ,4,22,37,31,R.Bironas,49,1,-17,775,3,20,2008,1,0,0
20081012,CHI,ATL,4,4,5,CHI,ATL,4,10,7,14,R.Gould,32,0,-9,245,10,19,2008,1,0,0
20081211,NO,CHI,4,0,2,CHI,NO,3,10,7,10,R.Gould,28,1,-3,2,21,24,2008,1,0,0
20081207,JAC,CHI,4,9,3,CHI,JAC,4,2,7,16,R.Gould,35,1,10,543,20,10,2008,1,0,0
20080928,PHI,CHI,4,10,34,CHI,PHI,4,8,7,23,R.Gould,41,1,1,634,21,20,2008,1,0,0
20081109,TEN,CHI,4,9,46,CHI,TEN,4,12,7,30,R.Gould,48,1,-14,586,7,21,2008,1,0,1
20080921,TB,CHI,4,11,12,CHI,TB,4,3,7,31,R.Gould,49,1,3,672,17,14,2008,0,1,0
20081005,CHI,DET,4,12,2,CHI,DET,4,6,7,27,R.Gould,45,0,24,722,31,7,2008,1,0,0
20080921,OAK,BUF,4,0,3,BUF,OAK,3,6,5,20,R.Lindell,38,1,-2,3,21,23,2008,1,0,0
20081130,SF,BUF,4,5,32,BUF,SF,4,7,5,22,R.Lindell,40,1,-7,332,3,10,2008,0,1,0
20081102,NYJ,BUF,4,11,9,BUF,NYJ,4,21,5,25,R.Lindell,43,1,-13,669,10,23,2008,0,1,0
20081019,SD,BUF,4,3,21,BUF,SD,4,7,5,26,R.Lindell,44,1,6,201,20,14,2008,1,0,0
20081117,CLE,BUF,4,0,43,BUF,CLE,4,5,5,29,R.Lindell,47,1,-2,43,27,29,2008,0,1,0
20080907,SEA,BUF,4,11,35,BUF,SEA,4,3,5,34,R.Lindell,52,1,24,695,34,10,2008,1,0,1
20080914,BUF,JAC,4,0,29,BUF,JAC,4,17,5,27,R.Lindell,45,0,1,29,17,16,2008,1,0,0
20080928,BUF,STL,4,6,26,BUF,STL,4,3,5,27,R.Lindell,45,0,14,386,28,14,2008,1,0,0
20081019,MIN,CHI,4,9,3,MIN,CHI,4,3,20,5,R.Longwell,23,0,-11,543,31,42,2008,1,0,0
20081207,MIN,DET,4,0,27,MIN,DET,4,11,20,32,R.Longwell,50,0,1,27,17,16,2008,1,0,0
20081123,MIN,JAC,4,14,2,MIN,JAC,4,4,20,4,R.Longwell,22,0,10,842,20,10,2008,1,0,0
20081012,DET,MIN,4,0,12,MIN,DET,4,4,20,9,R.Longwell,26,1,-1,12,9,10,2008,1,0,0
20081130,CHI,MIN,4,4,21,MIN,CHI,4,9,20,9,R.Longwell,27,1,17,261,31,14,2008,1,0,0
20081221,ATL,MIN,4,11,36,MIN,ATL,4,7,20,11,R.Longwell,29,1,-17,696,7,24,2008,1,0,0
20080921,CAR,MIN,4,9,11,MIN,CAR,4,6,20,14,R.Longwell,32,1,7,551,17,10,2008,1,0,0
20081012,DET,MIN,4,10,9,MIN,DET,4,20,20,20,R.Longwell,38,1,-1,609,9,10,2008,1,0,1
20080914,IND,MIN,4,7,15,MIN,IND,4,4,20,30,R.Longwell,48,1,8,435,15,7,2008,0,1,0
20081228,NYG,MIN,4,0,5,MIN,NYG,3,12,20,32,R.Longwell,50,1,-2,5,17,19,2008,1,0,0
20081006,MIN,NO,4,0,16,MIN,NO,4,8,20,12,R.Longwell,30,0,0,16,27,27,2008,1,0,0
20081228,NE,BUF,4,10,18,NE,BUF,4,5,21,5,S.Gostkowski,23,0,10,618,10,0,2008,1,0,0
20081102,NE,IND,4,11,38,NE,IND,4,1,21,7,S.Gostkowski,25,0,-3,698,12,15,2008,1,0,0
20081123,NE,MIA,4,7,12,NE,MIA,4,5,21,13,S.Gostkowski,30,0,10,432,38,28,2008,1,0,0
20081221,ARI,NE,4,14,55,NE,ARI,4,7,21,12,S.Gostkowski,30,1,44,895,44,0,2008,1,0,0
20080907,KC,NE,4,2,30,NE,KC,4,5,21,19,S.Gostkowski,37,1,4,150,14,10,2008,1,0,0
20081026,STL,NE,4,8,29,NE,STL,4,8,21,24,S.Gostkowski,41,1,-3,509,13,16,2008,1,0,0
20081113,NYJ,NE,4,10,22,NE,NYJ,4,2,21,29,S.Gostkowski,47,1,-3,622,21,24,2008,1,0,0
20080914,NE,NYJ,4,5,22,NE,NYJ,4,6,21,9,S.Gostkowski,27,0,6,322,16,10,2008,1,0,0
20081207,NE,SEA,4,12,22,NE,SEA,4,6,21,9,S.Gostkowski,27,0,-8,742,13,21,2008,1,0,0
20081005,NE,SF,4,14,57,NE,SF,4,4,21,22,S.Gostkowski,40,0,10,897,24,14,2008,1,0,0
20081005,NE,SF,4,4,47,NE,SF,4,7,21,31,S.Gostkowski,49,0,6,287,27,21,2008,1,0,0
20081228,KC,CIN,4,6,21,CIN,KC,4,1,8,25,S.Graham,43,1,13,381,13,0,2008,1,0,0
20081214,WAS,CIN,4,2,25,CIN,WAS,4,3,8,27,S.Graham,45,1,7,145,17,10,2008,1,0,0
20081005,CIN,DAL,4,14,6,CIN,DAL,4,10,8,22,S.Graham,40,0,-4,846,13,17,2008,1,0,0
20080921,CIN,NYG,4,0,4,CIN,NYG,1,3,8,3,S.Graham,21,0,-3,4,20,23,2008,1,0,0
20081120,CIN,PIT,4,6,50,CIN,PIT,4,8,8,8,S.Graham,26,0,-13,410,7,20,2008,1,0,0
20080914,OAK,KC,4,7,45,OAK,KC,4,3,28,22,S.Janikowski,40,0,13,465,13,0,2008,1,0,0
20081116,OAK,MIA,4,8,7,OAK,MIA,4,5,28,19,S.Janikowski,37,0,-9,487,5,14,2008,1,0,0
20080928,SD,OAK,4,2,52,OAK,SD,4,6,28,14,S.Janikowski,32,1,-3,172,15,18,2008,1,0,0
20081019,NYJ,OAK,4,3,1,OAK,NYJ,4,9,28,19,S.Janikowski,37,1,0,181,10,10,2008,1,0,0
20081130,KC,OAK,4,2,59,OAK,KC,4,7,28,33,S.Janikowski,51,1,-10,179,10,20,2008,1,0,0
20081109,CAR,OAK,4,0,13,OAK,CAR,3,10,28,40,S.Janikowski,58,1,-11,13,6,17,2008,0,1,0
20081228,OAK,TB,4,1,13,OAK,TB,4,7,28,7,S.Janikowski,25,0,4,73,28,24,2008,1,0,0
20081207,WAS,BAL,4,13,45,WAS,BAL,4,20,30,25,S.Suisham,43,0,-17,825,0,17,2008,1,0,0
20081214,WAS,CIN,4,1,47,WAS,CIN,4,15,30,18,S.Suisham,36,0,-10,107,10,20,2008,1,0,0
20080928,WAS,DAL,4,3,26,WAS,DAL,4,5,30,11,S.Suisham,29,0,6,206,23,17,2008,1,0,0
20080928,WAS,DAL,4,10,51,WAS,DAL,4,4,30,15,S.Suisham,33,0,3,651,20,17,2008,1,0,0
20081026,WAS,DET,4,2,0,WAS,DET,4,21,30,24,S.Suisham,42,0,5,120,22,17,2008,1,0,0
20081123,WAS,SEA,4,9,23,WAS,SEA,4,1,30,5,S.Suisham,22,0,0,563,17,17,2008,1,0,0
20081012,STL,WAS,4,10,43,WAS,STL,4,8,30,21,S.Suisham,38,1,-9,643,7,16,2008,1,0,0
20080921,ARI,WAS,4,3,29,WAS,ARI,4,13,30,34,S.Suisham,52,1,7,209,24,17,2008,0,1,0
20081012,OAK,NO,4,14,14,NO,OAK,4,4,23,15,T.Mehlhaff,33,1,21,854,24,3,2008,1,0,0
20080921,CIN,NYG,5,-7,43,NYG,CIN,2,4,25,4,J.Carney,22,1,0,-377,23,23,2008,1,0,0
20081214,TB,ATL,5,-11,8,ATL,TB,3,8,2,16,J.Elam,34,1,0,-652,10,10,2008,1,0,0
20081113,NYJ,NE,5,-8,15,NYJ,NE,4,2,27,16,J.Feely,34,0,0,-465,31,31,2008,1,0,0
20080914,SF,SEA,5,-5,24,SF,SEA,4,1,34,23,J.Nedney,40,0,0,-276,30,30,2008,1,0,0
20080928,HOU,JAC,5,-4,30,JAC,HOU,2,10,16,19,J.Scobee,37,1,0,-210,27,27,2008,1,0,0
20080929,BAL,PIT,5,-6,1,PIT,BAL,4,7,31,28,Je.Reed,46,1,0,-359,20,20,2008,1,0,0
20080921,TB,CHI,5,-11,24,TB,CHI,2,3,36,3,M.Bryant,21,0,0,-636,24,24,2008,1,0,0
20081102,TB,KC,5,-5,27,TB,KC,4,1,36,16,M.Bryant,34,0,0,-273,27,27,2008,1,0,0
20081102,GB,TEN,5,-6,41,TEN,GB,3,2,37,23,R.Bironas,41,1,0,-319,16,16,2008,1,0,0
20081211,NO,CHI,5,-3,19,CHI,NO,2,13,7,18,R.Gould,35,1,0,-161,24,24,2008,1,0,0
20081222,GB,CHI,5,-4,33,CHI,GB,3,10,7,20,R.Gould,38,1,0,-207,17,17,2008,1,0,0
20081116,PHI,CIN,5,-15,13,CIN,PHI,4,5,8,29,S.Graham,47,1,0,-887,13,13,2008,0,1,0
20081019,NYJ,OAK,5,-13,35,OAK,NYJ,4,11,28,39,S.Janikowski,57,1,0,-745,13,13,2008,1,0,0
