"main_colors","opp_colors","on_play","num_turns","won","cora","corc"
"WB","UB",TRUE,18,FALSE,1,0.38027951260071
"WB","G",FALSE,7,TRUE,1,0.38027951260071
"WB","UB",FALSE,9,TRUE,1,0.38027951260071
"WB","WG",TRUE,8,TRUE,1,0.38027951260071
"WB","WR",TRUE,9,FALSE,1,0.38027951260071
"WB","WB",TRUE,13,TRUE,1,0.38027951260071
"WB","WU",TRUE,7,TRUE,1,0.38027951260071
"WB","WB",TRUE,9,TRUE,1,0.38027951260071
"WB","UR",FALSE,7,TRUE,1,0.38027951260071
"UG","UB",FALSE,9,FALSE,-0.0404159917646258,-0.0409124885033219
"UG","UB",FALSE,8,TRUE,-0.0404159917646258,-0.0409124885033219
"UG","WBR",TRUE,5,TRUE,-0.0404159917646258,-0.0409124885033219
"UG","WBR",TRUE,7,TRUE,-0.0404159917646258,-0.0409124885033219
"UG","UG",TRUE,7,FALSE,-0.0404159917646258,-0.0409124885033219
"UG","BR",FALSE,11,TRUE,-0.0404159917646258,-0.0409124885033219
"UG","WB",FALSE,8,FALSE,-0.0404159917646258,-0.0409124885033219
"UB","G",TRUE,10,TRUE,0.416263938800814,0.412949177145744
"UB","UBG",FALSE,10,TRUE,0.416263938800814,0.412949177145744
"UB","UB",FALSE,8,TRUE,0.416263938800814,0.412949177145744
"UB","BG",FALSE,11,TRUE,0.416263938800814,0.412949177145744
"UB","UB",FALSE,10,TRUE,0.416263938800814,0.412949177145744
"UB","RG",TRUE,7,TRUE,0.416263938800814,0.412949177145744
"UB","WB",TRUE,8,FALSE,0.416263938800814,0.412949177145744
"UB","UR",FALSE,8,TRUE,0.416263938800814,0.412949177145744
"WG","BR",TRUE,11,TRUE,0.430910157813872,-0.0395627225504506
"WG","WR",FALSE,12,FALSE,0.430910157813872,-0.0395627225504506
"WG","WR",FALSE,10,TRUE,0.430910157813872,-0.0395627225504506
"WG","WU",FALSE,17,TRUE,0.430910157813872,-0.0395627225504506
"WG","WB",FALSE,5,FALSE,0.430910157813872,-0.0395627225504506
"WG","UB",TRUE,7,TRUE,0.430910157813872,-0.0395627225504506
"WG","UBRG",TRUE,15,FALSE,0.430910157813872,-0.0395627225504506
"UG","BRG",TRUE,16,TRUE,-0.0425350787046258,-0.0430576077070073
"UG","UR",TRUE,8,FALSE,-0.0425350787046258,-0.0430576077070073
"UG","WB",TRUE,7,TRUE,-0.0425350787046258,-0.0430576077070073
"UG","RG",TRUE,6,TRUE,-0.0425350787046258,-0.0430576077070073
"UG","WU",TRUE,11,FALSE,-0.0425350787046258,-0.0430576077070073
"UG","UB",TRUE,7,TRUE,-0.0425350787046258,-0.0430576077070073
"UG","BR",FALSE,9,TRUE,-0.0425350787046258,-0.0430576077070073
"UG","BR",TRUE,8,TRUE,-0.0425350787046258,-0.0430576077070073
"UG","WB",FALSE,13,FALSE,-0.0425350787046258,-0.0430576077070073
"WB","BR",TRUE,8,FALSE,0.874949694448883,0.397918154038344
"WB","WB",TRUE,13,TRUE,0.874949694448883,0.397918154038344
"WB","WB",FALSE,12,FALSE,0.874949694448883,0.397918154038344
"WB","UB",TRUE,9,TRUE,0.874949694448883,0.397918154038344
"WB","UB",TRUE,9,FALSE,0.874949694448883,0.397918154038344
"BR","U",TRUE,6,TRUE,0.38027951260071,1
"BR","UG",TRUE,9,FALSE,0.38027951260071,1
"BR","UB",TRUE,11,FALSE,0.39371265357876,0.990408349457136
"BR","RG",FALSE,7,FALSE,0.39371265357876,0.990408349457136
"UG","WUG",TRUE,11,TRUE,-0.0388314232882045,-0.0393084541410858
"UG","WG",FALSE,9,TRUE,-0.0388314232882045,-0.0393084541410858
"UG","WU",TRUE,11,TRUE,-0.0388314232882045,-0.0393084541410858
"UG","UB",TRUE,7,TRUE,-0.0388314232882045,-0.0393084541410858
"UG","WG",TRUE,14,FALSE,-0.0388314232882045,-0.0393084541410858
"UG","BR",FALSE,8,TRUE,-0.0388314232882045,-0.0393084541410858
"UG","WU",TRUE,15,FALSE,-0.0388314232882045,-0.0393084541410858
"UG","UG",FALSE,8,TRUE,-0.0388314232882045,-0.0393084541410858
"UG","UBG",TRUE,10,FALSE,-0.0388314232882045,-0.0393084541410858
"UB","UR",FALSE,8,TRUE,0.396780773444161,0.379235485814028
"UB","R",FALSE,9,FALSE,0.396780773444161,0.379235485814028
"UB","G",FALSE,11,TRUE,0.396780773444161,0.379235485814028
"UB","WU",FALSE,7,FALSE,0.396780773444161,0.379235485814028
"UB","URG",FALSE,10,FALSE,0.396780773444161,0.379235485814028
"UG","WG",TRUE,9,FALSE,-0.0412846547661754,0.110667961357764
"UG","WB",TRUE,9,TRUE,-0.0412846547661754,0.110667961357764
"UG","UG",TRUE,13,TRUE,-0.0412846547661754,0.110667961357764
"UG","UB",TRUE,14,FALSE,-0.0412846547661754,0.110667961357764
"UG","WB",FALSE,10,FALSE,-0.0412846547661754,0.110667961357764
"BR","URG",TRUE,11,FALSE,0.33854019055624,0.809231685823833
"BR","RG",FALSE,8,TRUE,0.33854019055624,0.809231685823833
"BR","WG",TRUE,8,FALSE,0.33854019055624,0.809231685823833
"BR",NA,TRUE,3,TRUE,0.347011751544945,0.800828103544598
"BR","WG",TRUE,6,TRUE,0.347011751544945,0.800828103544598
"BR","WB",FALSE,7,TRUE,0.347011751544945,0.800828103544598
"BR","WU",TRUE,12,FALSE,0.347011751544945,0.800828103544598
"WU","BG",TRUE,10,TRUE,0.426544487885045,-0.037436604930611
"WU","UR",FALSE,11,FALSE,0.426544487885045,-0.037436604930611
"WU","BR",FALSE,12,FALSE,0.426544487885045,-0.037436604930611
"WU","WRG",FALSE,9,FALSE,0.426544487885045,-0.037436604930611
"WG","BR",TRUE,7,TRUE,0.399282632586654,-0.0390590260730678
"WG","UB",FALSE,8,FALSE,0.399282632586654,-0.0390590260730678
"WG","WG",FALSE,18,TRUE,0.399282632586654,-0.0390590260730678
"WG","UR",TRUE,11,FALSE,0.399282632586654,-0.0390590260730678
"WG","UG",FALSE,16,FALSE,0.399282632586654,-0.0390590260730678
"BR","UB",TRUE,7,FALSE,0.491881394247205,0.785318671228594
"BR","WB",TRUE,8,FALSE,0.491881394247205,0.785318671228594
"BR","UB",FALSE,9,FALSE,0.489287009463613,0.781176577555739
"WB","BR",FALSE,8,TRUE,0.873711937854294,0.406600564836281
"WB","WG",TRUE,11,TRUE,0.873711937854294,0.406600564836281
"WB","WRG",FALSE,14,TRUE,0.873711937854294,0.406600564836281
"WB","WB",TRUE,8,FALSE,0.873711937854294,0.406600564836281
"WB","BR",FALSE,9,FALSE,0.873711937854294,0.406600564836281
"WB","RG",FALSE,10,TRUE,0.873711937854294,0.406600564836281
"WB","UG",FALSE,8,FALSE,0.873711937854294,0.406600564836281
"BR","WUB",TRUE,8,FALSE,0.360969633929629,0.834612374766695
"BR","WU",FALSE,9,FALSE,0.360969633929629,0.834612374766695
"BR","BG",TRUE,6,TRUE,0.360969633929629,0.834612374766695
"BR","W",FALSE,9,TRUE,0.360969633929629,0.834612374766695
"BR","BG",TRUE,8,TRUE,0.360969633929629,0.834612374766695
"BR","WR",TRUE,9,TRUE,0.360969633929629,0.834612374766695
"BR","BR",TRUE,6,TRUE,0.360969633929629,0.834612374766695
"BR","UG",FALSE,9,FALSE,0.360969633929629,0.834612374766695
"UB","UB",TRUE,12,TRUE,0.390710579422302,0.355167574313785
"UB","WB",TRUE,12,TRUE,0.390710579422302,0.355167574313785
"UB","BR",FALSE,8,FALSE,0.390710579422302,0.355167574313785
"UB","WR",FALSE,8,TRUE,0.390710579422302,0.355167574313785
"UB","WG",TRUE,8,FALSE,0.390710579422302,0.355167574313785
"UB","WU",FALSE,8,FALSE,0.390710579422302,0.355167574313785
"UG","WR",TRUE,6,TRUE,-0.0361515690843307,-0.0365956788380552
"UG","WG",TRUE,8,FALSE,-0.0361515690843307,-0.0365956788380552
"UG","UB",TRUE,12,TRUE,-0.0361515690843307,-0.0365956788380552
"UG","WB",TRUE,8,FALSE,-0.0361515690843307,-0.0365956788380552
"UG","WRG",FALSE,13,TRUE,-0.0361515690843307,-0.0365956788380552
"UG","W",FALSE,9,TRUE,-0.0361515690843307,-0.0365956788380552
"UG","WG",TRUE,10,FALSE,-0.0361515690843307,-0.0365956788380552
"WU","G",FALSE,8,TRUE,0.363880735343276,-0.0368005881135769
"WU","BG",FALSE,10,FALSE,0.363880735343276,-0.0368005881135769
"WU","BG",FALSE,10,FALSE,0.363880735343276,-0.0368005881135769
"WU","BR",FALSE,8,TRUE,0.370038192681898,-0.0368005881135769
"WU","BR",TRUE,10,TRUE,0.370038192681898,-0.0368005881135769
"WU","RG",FALSE,8,TRUE,0.370038192681898,-0.0368005881135769
"WU","UR",FALSE,11,FALSE,0.370038192681898,-0.0368005881135769
"UB","WB",TRUE,7,TRUE,0.456242595422603,0.397918154038344
"UB","WR",TRUE,8,TRUE,0.456242595422603,0.397918154038344
"UB","WG",TRUE,8,FALSE,0.456242595422603,0.397918154038344
"UB","UB",FALSE,11,FALSE,0.456242595422603,0.397918154038344
"UB","UG",FALSE,8,TRUE,0.456242595422603,0.397918154038344
"UB","UB",TRUE,8,FALSE,0.456242595422603,0.397918154038344
"WU","RG",FALSE,9,FALSE,0.380224127844449,-0.0365956788380552
"WU","BRG",FALSE,8,FALSE,0.380224127844449,-0.0365956788380552
"WU","UB",TRUE,10,TRUE,0.380224127844449,-0.0365956788380552
"WU","RG",FALSE,10,FALSE,0.380224127844449,-0.0365956788380552
"BRG","RG",FALSE,6,TRUE,0.269479919806281,0.609228841102945
"BRG","BG",TRUE,7,TRUE,0.269479919806281,0.609228841102945
"BRG","RG",FALSE,7,FALSE,0.269479919806281,0.609228841102945
"BRG","BR",FALSE,9,FALSE,0.269479919806281,0.609228841102945
"BRG","UG",TRUE,10,FALSE,0.269479919806281,0.609228841102945
"BG","UG",TRUE,9,TRUE,0.382353107359141,0.327596004572592
"BG","UBR",TRUE,10,FALSE,0.382353107359141,0.327596004572592
"BG","UB",FALSE,13,FALSE,0.382353107359141,0.327596004572592
"BG","WUB",FALSE,12,TRUE,0.382353107359141,0.327596004572592
"BG","BR",FALSE,6,FALSE,0.382353107359141,0.327596004572592
"UR","BG",FALSE,12,TRUE,-0.0374197171799952,0.383261884365008
"UR","UB",FALSE,7,FALSE,-0.0374197171799952,0.383261884365008
"UR","BR",TRUE,10,FALSE,-0.0374197171799952,0.383261884365008
"UR","UB",TRUE,10,TRUE,-0.0374197171799952,0.383261884365008
"UR","BR",FALSE,9,TRUE,-0.0374197171799952,0.383261884365008
"UR","BR",TRUE,8,FALSE,-0.0374197171799952,0.383261884365008
"WU","BR",FALSE,6,FALSE,0.443581163835254,0.00937387997300277
"WU","BG",FALSE,9,FALSE,0.443581163835254,0.00937387997300277
"WU","WB",FALSE,7,TRUE,0.443581163835254,0.00937387997300277
"WU","UG",TRUE,10,TRUE,0.36346606593825,-0.0409124885033219
"WU","WU",FALSE,13,TRUE,0.36346606593825,-0.0409124885033219
"WU","RG",FALSE,7,TRUE,0.36346606593825,-0.0409124885033219
"WU","UB",TRUE,11,TRUE,0.36346606593825,-0.0409124885033219
"WU","WU",TRUE,11,TRUE,0.36346606593825,-0.0409124885033219
"WU","BR",TRUE,10,FALSE,0.36346606593825,-0.0409124885033219
"RG","WU",FALSE,8,TRUE,0.0144482960195296,0.309497317852472
"RG","UB",FALSE,7,FALSE,0.0144482960195296,0.309497317852472
"RG","BR",FALSE,12,TRUE,0.0144482960195296,0.309497317852472
"RG","BR",FALSE,7,FALSE,0.0144482960195296,0.309497317852472
"RG","BG",TRUE,10,TRUE,0.0144482960195296,0.309497317852472
"RG","WBR",TRUE,11,TRUE,0.0144482960195296,0.309497317852472
"RG","WG",TRUE,13,FALSE,0.0144482960195296,0.309497317852472
"WU","UR",FALSE,8,TRUE,0.308868212594545,-0.0354342035680854
"WU","WU",FALSE,6,FALSE,0.307272774814806,-0.0352511705955674
"WU","WR",TRUE,9,TRUE,0.307272774814806,-0.0352511705955674
"WU","WBG",FALSE,13,FALSE,0.307272774814806,-0.0352511705955674
"WU","UB",FALSE,13,TRUE,0.307272774814806,-0.0352511705955674
"WU","B",TRUE,6,FALSE,0.307272774814806,-0.0352511705955674
"WR","WBG",FALSE,10,TRUE,0.378130319930431,0.374556509265555
"WR","UB",TRUE,5,TRUE,0.378130319930431,0.374556509265555
"WR","BR",FALSE,6,FALSE,0.378130319930431,0.374556509265555
"WR","WRG",TRUE,9,TRUE,0.378130319930431,0.374556509265555
"WR","WR",FALSE,10,TRUE,0.378130319930431,0.374556509265555
"WR","WR",FALSE,8,TRUE,0.378130319930431,0.374556509265555
"WR","WG",FALSE,10,FALSE,0.378130319930431,0.374556509265555
"WR","UB",TRUE,5,TRUE,0.378130319930431,0.374556509265555
"WR","UB",TRUE,7,FALSE,0.378130319930431,0.374556509265555
"WG","UB",FALSE,8,TRUE,0.3935618754406,-0.037879405702573
"WG","WG",FALSE,11,FALSE,0.3935618754406,-0.037879405702573
"WG","RG",TRUE,12,FALSE,0.3935618754406,-0.037879405702573
"WG","UR",FALSE,9,TRUE,0.3935618754406,-0.037879405702573
"WG","UB",TRUE,12,FALSE,0.3935618754406,-0.037879405702573
"RG","UB",TRUE,11,FALSE,-0.0363539916671397,0.321203081893887
"RG","WR",FALSE,6,FALSE,-0.0363539916671397,0.321203081893887
"RG","RG",FALSE,8,TRUE,-0.0363539916671397,0.321203081893887
"RG","W",TRUE,11,FALSE,-0.0363539916671397,0.321203081893887
"BR","WB",TRUE,8,FALSE,0.361854611803473,0.72628347232448
"BR","WRG",FALSE,17,TRUE,0.361854611803473,0.72628347232448
"BR","WU",TRUE,7,TRUE,0.361854611803473,0.72628347232448
"BR","WG",TRUE,12,TRUE,0.361854611803473,0.72628347232448
"BR","WG",TRUE,10,FALSE,0.361854611803473,0.72628347232448
"BR","BR",FALSE,9,TRUE,0.361854611803473,0.72628347232448
"BR","WBR",FALSE,17,TRUE,0.361854611803473,0.72628347232448
"BR","BR",TRUE,8,TRUE,0.361854611803473,0.72628347232448
"BR","BR",FALSE,10,FALSE,0.361854611803473,0.72628347232448
"RG","BRG",TRUE,11,TRUE,-0.0381059720114784,0.356785614229316
"RG","RG",TRUE,7,TRUE,-0.0381059720114784,0.356785614229316
"RG","WB",FALSE,7,TRUE,-0.0363539916671397,0.340381849930001
"RG","WG",TRUE,8,TRUE,-0.0363539916671397,0.340381849930001
"RG","BR",FALSE,9,FALSE,-0.0363539916671397,0.340381849930001
"RG","WG",FALSE,11,TRUE,-0.0363539916671397,0.340381849930001
"RG","U",FALSE,4,TRUE,-0.0363539916671397,0.340381849930001
"RG","UB",FALSE,8,FALSE,-0.0363539916671397,0.340381849930001
"RG","WG",FALSE,8,FALSE,-0.0363539916671397,0.340381849930001
"WG","WU",TRUE,9,FALSE,0.43471778371145,-0.0393084541410858
"WG","UB",TRUE,11,FALSE,0.43471778371145,-0.0393084541410858
"WG",NA,TRUE,3,TRUE,0.43471778371145,-0.0393084541410858
"WG","UG",TRUE,10,FALSE,0.43471778371145,-0.0393084541410858
"UG","WUR",TRUE,7,TRUE,-0.0367692516735013,-0.0372209494481473
"UG","BR",FALSE,11,FALSE,-0.0367692516735013,-0.0372209494481473
"UG","WBG",FALSE,10,TRUE,-0.0367692516735013,-0.0372209494481473
"UG","BR",TRUE,12,FALSE,-0.0367692516735013,-0.0372209494481473
"UG","BR",TRUE,5,TRUE,-0.0365598530367673,-0.0370089784202461
"UG","BR",FALSE,6,TRUE,-0.0365598530367673,-0.0370089784202461
"UG","RG",FALSE,12,FALSE,-0.0365598530367673,-0.0370089784202461
"BR","BRG",FALSE,9,FALSE,0.419295360542184,0.835968193856594
"BR","UBG",FALSE,10,TRUE,0.419295360542184,0.835968193856594
"BR","WR",TRUE,8,TRUE,0.419295360542184,0.835968193856594
"BR","G",TRUE,5,TRUE,0.419295360542184,0.835968193856594
"BR","UG",FALSE,8,TRUE,0.419295360542184,0.835968193856594
"BR","B",TRUE,6,TRUE,0.419295360542184,0.835968193856594
"BR","BR",TRUE,8,TRUE,0.419295360542184,0.835968193856594
"BR","UB",TRUE,9,TRUE,0.419295360542184,0.835968193856594
"WB","UB",FALSE,8,FALSE,0.898046490750771,0.368756771999341
"WB","WU",FALSE,10,TRUE,0.898046490750771,0.368756771999341
"WB","WBR",TRUE,9,TRUE,0.898046490750771,0.368756771999341
"WB","BR",FALSE,9,TRUE,0.898046490750771,0.368756771999341
"WB","WUR",FALSE,9,TRUE,0.898046490750771,0.368756771999341
"WB","WG",TRUE,9,TRUE,0.898046490750771,0.368756771999341
"WB","RG",FALSE,11,FALSE,0.898046490750771,0.368756771999341
"WB","UB",FALSE,8,TRUE,0.898046490750771,0.368756771999341
"WB","UB",TRUE,10,FALSE,0.898046490750771,0.368756771999341
"WB","WB",FALSE,9,FALSE,0.871936088320146,0.356785614229316
"WB","WR",TRUE,8,TRUE,0.871936088320146,0.356785614229316
"WB","UB",FALSE,13,FALSE,0.871936088320146,0.356785614229316
"WB","WU",FALSE,12,TRUE,0.871936088320146,0.356785614229316
"WB","WB",TRUE,10,FALSE,0.871936088320146,0.356785614229316
"WB","WU",FALSE,11,TRUE,0.882687547372034,0.387543543992044
"WB","WU",FALSE,13,FALSE,0.882687547372034,0.387543543992044
"WB","BR",TRUE,6,TRUE,0.882687547372034,0.387543543992044
"WB","WU",TRUE,14,TRUE,0.882687547372034,0.387543543992044
"WB","UR",FALSE,6,TRUE,0.882687547372034,0.387543543992044
"WB","BG",TRUE,8,TRUE,0.888988140674932,0.387543543992044
"WB","BR",TRUE,6,TRUE,0.888988140674932,0.387543543992044
"WB","UB",FALSE,12,FALSE,0.888988140674932,0.387543543992044
"WB","WR",TRUE,14,FALSE,0.888988140674932,0.387543543992044
"RG","WU",FALSE,11,FALSE,-0.0369822900518083,0.339761187568969
"RG","UB",FALSE,8,FALSE,-0.0369822900518083,0.339761187568969
"RG","WU",FALSE,12,TRUE,0.0168807045751723,0.453583876877856
"RG","BG",TRUE,6,TRUE,0.0168807045751723,0.453583876877856
"RG","WU",TRUE,8,FALSE,0.0168807045751723,0.453583876877856
"RG","WR",TRUE,9,FALSE,0.0168807045751723,0.453583876877856
"RG","RG",FALSE,9,TRUE,0.0168807045751723,0.453583876877856
"RG","BR",FALSE,14,TRUE,0.0168807045751723,0.453583876877856
"RG","UG",TRUE,7,TRUE,0.0168807045751723,0.453583876877856
"RG","BR",FALSE,11,TRUE,0.0168807045751723,0.453583876877856
"RG","G",FALSE,6,FALSE,0.0168807045751723,0.453583876877856
"RG","BRG",FALSE,10,FALSE,-0.0406994254071255,0.402539305291184
"RG","WG",FALSE,10,TRUE,-0.0406994254071255,0.402539305291184
"RG","WU",FALSE,8,FALSE,-0.0406994254071255,0.402539305291184
"RG","UB",FALSE,9,TRUE,-0.0406994254071255,0.402539305291184
"RG","WBG",FALSE,8,FALSE,-0.0406994254071255,0.402539305291184
"UR","UB",FALSE,8,FALSE,-0.0369834406355591,0.336916513600728
"UR","UB",FALSE,11,FALSE,-0.0369834406355591,0.336916513600728
"UR","UB",TRUE,7,FALSE,-0.0369834406355591,0.336916513600728
"WB","UR",FALSE,8,TRUE,0.906121111295758,0.35684624668496
"WB","WBR",FALSE,11,TRUE,0.906121111295758,0.35684624668496
"WB","UG",TRUE,8,FALSE,0.906121111295758,0.35684624668496
"WB","WB",TRUE,11,FALSE,0.906121111295758,0.35684624668496
"WB","UB",FALSE,9,FALSE,0.906121111295758,0.35684624668496
"WB","BG",FALSE,10,FALSE,0.906004980050016,0.405421947887532
"WB","WBG",TRUE,12,FALSE,0.906004980050016,0.405421947887532
"WB","UB",TRUE,8,FALSE,0.893480836948112,0.375245674104896
"WU","UB",FALSE,11,FALSE,0.390967098099066,-0.0424105548109565
"WU","WUR",TRUE,9,FALSE,0.390967098099066,-0.0424105548109565
"WU","RG",FALSE,7,FALSE,0.390967098099066,-0.0424105548109565
"UB","W",FALSE,6,TRUE,0.419295360542184,0.394300702793198
"UB","WB",FALSE,7,FALSE,0.419295360542184,0.394300702793198
"UB","BG",FALSE,9,FALSE,0.419295360542184,0.394300702793198
"UB","BR",TRUE,6,TRUE,0.419295360542184,0.394300702793198
"UB","UB",TRUE,8,TRUE,0.419295360542184,0.394300702793198
"UB","BR",TRUE,11,TRUE,0.419295360542184,0.394300702793198
"UB","WB",TRUE,15,TRUE,0.419295360542184,0.394300702793198
"UB","UG",TRUE,9,TRUE,0.419295360542184,0.394300702793198
"UB","UB",FALSE,9,TRUE,0.419295360542184,0.394300702793198
"WU","WR",FALSE,11,TRUE,0.431959323240451,-0.0390590260730678
"WU","WRG",TRUE,8,FALSE,0.431959323240451,-0.0390590260730678
"WU","BR",TRUE,8,FALSE,0.431959323240451,-0.0390590260730678
"WU","WU",TRUE,11,TRUE,0.431959323240451,-0.0390590260730678
"UB","BG",TRUE,6,TRUE,0.419297851390872,0.417096922074458
"UB","WB",FALSE,7,TRUE,0.419297851390872,0.417096922074458
"UB","WB",TRUE,6,TRUE,0.463382663275811,0.456746642067957
"UB","WR",FALSE,9,FALSE,0.463382663275811,0.456746642067957
"UB","UB",FALSE,6,FALSE,0.463382663275811,0.456746642067957
"UB","WU",TRUE,8,TRUE,0.463382663275811,0.456746642067957
"UB","UG",FALSE,11,FALSE,0.463382663275811,0.456746642067957
"UG","RG",TRUE,8,FALSE,-0.0390826060031855,-0.0395627225504506
"UG","WG",FALSE,8,FALSE,-0.0390826060031855,-0.0395627225504506
"UG","WBR",TRUE,6,FALSE,-0.0390826060031855,-0.0395627225504506
"UB","UG",FALSE,9,FALSE,0.493187339454333,0.455454458146686
"UB","WR",TRUE,10,FALSE,0.493187339454333,0.455454458146686
"UB","WU",TRUE,8,TRUE,0.493187339454333,0.455454458146686
"UB","UBG",TRUE,8,TRUE,0.493187339454333,0.455454458146686
"UB","WB",FALSE,9,FALSE,0.493187339454333,0.455454458146686
"WU","WRG",TRUE,9,FALSE,0.365951413738234,-0.0363941547464507
"WU","UR",FALSE,9,FALSE,0.365951413738234,-0.0363941547464507
"WU","UR",TRUE,10,TRUE,0.365951413738234,-0.0363941547464507
"WU","UG",TRUE,15,FALSE,0.365951413738234,-0.0363941547464507
"RG","WU",FALSE,8,FALSE,-0.0371990748510577,0.328669753659027
"RG","BR",FALSE,7,TRUE,-0.0371990748510577,0.328669753659027
"RG","WG",TRUE,6,TRUE,-0.0371990748510577,0.328669753659027
"RG","UB",TRUE,9,FALSE,-0.0371990748510577,0.328669753659027
"RG","BR",TRUE,8,FALSE,-0.0371990748510577,0.328669753659027
"UB","WU",TRUE,6,TRUE,0.324689706535303,0.462508867867457
"UB","UB",FALSE,6,TRUE,0.324689706535303,0.462508867867457
"UB","G",TRUE,4,FALSE,0.324689706535303,0.462508867867457
"UB","BR",FALSE,4,FALSE,0.324689706535303,0.462508867867457
"UB","WB",TRUE,12,FALSE,0.324689706535303,0.462508867867457
"BR","WB",FALSE,7,FALSE,0.364322852621218,0.707698631921373
"BR","BR",FALSE,8,TRUE,0.364322852621218,0.707698631921373
"BR","RG",FALSE,7,FALSE,0.364322852621218,0.707698631921373
"BR","UR",FALSE,6,FALSE,0.364322852621218,0.707698631921373
"UB","UR",TRUE,8,FALSE,0.446441505395224,0.406600564836281
"UB","BR",FALSE,8,TRUE,0.446441505395224,0.406600564836281
"UB","R",TRUE,6,TRUE,0.446441505395224,0.406600564836281
"UB","B",FALSE,8,TRUE,0.446441505395224,0.406600564836281
"UB","UBG",TRUE,10,TRUE,0.446441505395224,0.406600564836281
"UB","UB",FALSE,9,TRUE,0.446441505395224,0.406600564836281
"UB","WG",TRUE,12,TRUE,0.446441505395224,0.406600564836281
"UB","UB",TRUE,10,FALSE,0.446441505395224,0.406600564836281
"UB","UB",FALSE,9,FALSE,0.446441505395224,0.406600564836281
"WUB","UB",FALSE,8,TRUE,0.714632647657095,0.333885157001101
"WUB","UR",TRUE,11,FALSE,0.714632647657095,0.333885157001101
"WUB","WBG",FALSE,9,TRUE,0.714632647657095,0.333885157001101
"WUB","UR",FALSE,11,TRUE,0.714632647657095,0.333885157001101
"WUB","WG",TRUE,12,TRUE,0.714632647657095,0.333885157001101
"WUB","WU",TRUE,9,TRUE,0.714632647657095,0.333885157001101
"WUB","UR",FALSE,8,FALSE,0.714632647657095,0.333885157001101
"WUB","WG",TRUE,11,TRUE,0.714632647657095,0.333885157001101
"WUB","WR",FALSE,8,FALSE,0.714632647657095,0.333885157001101
"WU","UG",TRUE,11,FALSE,0.41374506120426,-0.0398219899050093
"WU","WB",FALSE,9,FALSE,0.41374506120426,-0.0398219899050093
"WU","WR",FALSE,10,FALSE,0.41374506120426,-0.0398219899050093
"WB",NA,FALSE,5,TRUE,0.849003815224804,0.338842257461981
"WB","WB",FALSE,6,TRUE,0.849003815224804,0.338842257461981
"WB","BR",FALSE,8,TRUE,0.849003815224804,0.338842257461981
"WB","UG",FALSE,9,FALSE,0.849003815224804,0.338842257461981
"WB","UB",FALSE,9,FALSE,0.849003815224804,0.338842257461981
"WB","UB",FALSE,7,FALSE,0.849003815224804,0.338842257461981
"WR","WR",FALSE,9,TRUE,0.359121554936124,0.416853457204831
"WR","WRG",FALSE,7,FALSE,0.359121554936124,0.416853457204831
"WR","UB",FALSE,6,FALSE,0.359121554936124,0.416853457204831
"WR","UBR",FALSE,8,TRUE,0.395255349794812,0.397720923181345
"WR","WB",TRUE,6,TRUE,0.395255349794812,0.397720923181345
"WR","BR",FALSE,8,TRUE,0.395255349794812,0.397720923181345
"WR","UB",FALSE,11,TRUE,0.395255349794812,0.397720923181345
"WR","BG",FALSE,11,TRUE,0.395255349794812,0.397720923181345
"WR","UB",TRUE,8,TRUE,0.395255349794812,0.397720923181345
"WB","RG",TRUE,13,FALSE,0.907522538022719,0.359057067864922
"WB","WBG",FALSE,12,FALSE,0.886150435064224,0.343741929644627
"WB","UB",FALSE,7,TRUE,0.886150435064224,0.343741929644627
"WB","UG",FALSE,4,FALSE,0.886150435064224,0.343741929644627
"WUB","WU",FALSE,5,FALSE,0.594105394623787,0.127999483205995
"WUB","WR",TRUE,14,FALSE,0.594105394623787,0.127999483205995
"WUB","WB",FALSE,8,TRUE,0.594105394623787,0.127999483205995
"WUB","WUG",TRUE,14,FALSE,0.594105394623787,0.127999483205995
"WUR","UR",FALSE,7,TRUE,0.373286174038476,0.340401800771546
"WUR","UR",TRUE,9,TRUE,0.373286174038476,0.340401800771546
"WUR","WUG",TRUE,9,TRUE,0.373286174038476,0.340401800771546
"WUR","WB",FALSE,12,FALSE,0.373286174038476,0.340401800771546
"WUR",NA,TRUE,3,TRUE,0.373286174038476,0.340401800771546
"WUR","UB",TRUE,9,TRUE,0.373286174038476,0.340401800771546
"WUR","WUB",TRUE,12,FALSE,0.373286174038476,0.340401800771546
"WUR","UB",TRUE,13,FALSE,0.373286174038476,0.340401800771546
"WG","BR",TRUE,7,FALSE,0.426047740070763,-0.0403561931739529
"WG","RG",TRUE,6,TRUE,0.426047740070763,-0.0403561931739529
"WG","RG",FALSE,14,FALSE,0.426047740070763,-0.0403561931739529
"WG","BR",FALSE,9,TRUE,0.426047740070763,-0.0403561931739529
"WG","UB",FALSE,8,TRUE,0.426047740070763,-0.0403561931739529
"WG","WRG",FALSE,8,TRUE,0.426047740070763,-0.0403561931739529
"WG","WG",FALSE,8,FALSE,0.426047740070763,-0.0403561931739529
"WB","BR",TRUE,10,FALSE,0.867804839671981,0.420911862929377
"WB","WUR",TRUE,10,TRUE,0.867804839671981,0.420911862929377
"WB","WG",TRUE,11,FALSE,0.815743985157756,0.402651915927269
"WB","RG",FALSE,9,TRUE,0.815743985157756,0.402651915927269
"WB","B",TRUE,4,FALSE,0.815743985157756,0.402651915927269
"UB","WU",FALSE,14,TRUE,0.450028684457971,0.391664901848647
"UB","RG",FALSE,8,TRUE,0.450028684457971,0.391664901848647
"UB","RG",FALSE,8,TRUE,0.450028684457971,0.391664901848647
"UB","UB",TRUE,7,TRUE,0.450028684457971,0.391664901848647
"UB","WR",FALSE,7,TRUE,0.450028684457971,0.391664901848647
"UB","BR",FALSE,11,TRUE,0.450028684457971,0.391664901848647
"UB","WG",FALSE,8,FALSE,0.450028684457971,0.391664901848647
"UB","WU",FALSE,9,TRUE,0.450028684457971,0.391664901848647
"WU","WBG",TRUE,7,FALSE,0.42814071139201,-0.0393084541410858
"WU","WB",FALSE,11,FALSE,0.42814071139201,-0.0393084541410858
"WU","WG",FALSE,9,TRUE,0.42814071139201,-0.0393084541410858
"WU","WG",TRUE,7,TRUE,0.42814071139201,-0.0393084541410858
"WU","UB",TRUE,12,FALSE,0.42814071139201,-0.0393084541410858
"WB","WU",FALSE,9,TRUE,0.906121111295758,0.370773708750435
"WB","WBG",FALSE,12,TRUE,0.906121111295758,0.370773708750435
"WB","WG",TRUE,7,TRUE,0.906121111295758,0.370773708750435
"WB","WU",TRUE,10,FALSE,0.906121111295758,0.370773708750435
"WB","WB",TRUE,7,TRUE,0.906121111295758,0.370773708750435
"WB","UG",TRUE,9,FALSE,0.906121111295758,0.370773708750435
"WB","UB",TRUE,9,TRUE,0.906121111295758,0.370773708750435
"WB","RG",TRUE,13,TRUE,0.906121111295758,0.370773708750435
"WB","WG",TRUE,7,TRUE,0.906121111295758,0.370773708750435
"UB","BG",FALSE,10,FALSE,0.463279486011578,0.416163547651538
"UB","WR",FALSE,14,TRUE,0.463279486011578,0.416163547651538
"UB","WG",FALSE,9,TRUE,0.463279486011578,0.416163547651538
"UB","UB",FALSE,11,TRUE,0.463279486011578,0.416163547651538
"UB","UG",TRUE,11,FALSE,0.463279486011578,0.416163547651538
"UB","BG",FALSE,9,FALSE,0.463279486011578,0.416163547651538
"WB","UR",FALSE,7,TRUE,0.850807911789278,0.368335753108982
"WB","UB",FALSE,5,FALSE,0.850807911789278,0.368335753108982
"WB","UG",FALSE,7,TRUE,0.901589327280728,0.413709673028941
"WB","WG",FALSE,11,TRUE,0.901589327280728,0.413709673028941
"WB","UB",TRUE,16,FALSE,0.901589327280728,0.413709673028941
"WB","WB",TRUE,9,FALSE,0.901589327280728,0.413709673028941
"WB","WB",FALSE,15,FALSE,0.87474442576757,0.393807560387105
"WB","UB",FALSE,5,FALSE,0.87474442576757,0.393807560387105
"WB","UR",TRUE,11,FALSE,0.87474442576757,0.393807560387105
"WB","UB",FALSE,6,TRUE,0.890354295812703,0.399463700613058
"WB","WU",FALSE,7,FALSE,0.890354295812703,0.399463700613058
"WB","UR",FALSE,12,TRUE,0.890354295812703,0.399463700613058
"WB","UBG",FALSE,9,TRUE,0.890354295812703,0.399463700613058
"WB","RG",TRUE,10,TRUE,0.890354295812703,0.399463700613058
"WB","WB",FALSE,8,TRUE,0.890354295812703,0.399463700613058
"WB","UB",TRUE,11,TRUE,0.890354295812703,0.399463700613058
"WB","WB",FALSE,12,TRUE,0.890354295812703,0.399463700613058
"UG","BR",TRUE,6,FALSE,-0.0390826060031855,-0.0395627225504506
"UG","RG",FALSE,5,FALSE,-0.0390826060031855,-0.0395627225504506
"UG","UB",FALSE,9,TRUE,-0.0390826060031855,-0.0395627225504506
"UG","RG",TRUE,8,TRUE,-0.0390826060031855,-0.0395627225504506
"UG","RG",TRUE,6,FALSE,-0.0390826060031855,-0.0395627225504506
"BR","WG",TRUE,7,FALSE,0.536196465548454,0.73641353635991
"BR","UR",TRUE,8,TRUE,0.536196465548454,0.73641353635991
"BR","W",TRUE,8,TRUE,0.536196465548454,0.73641353635991
"BR","WU",FALSE,13,FALSE,0.536196465548454,0.73641353635991
"BR","BG",TRUE,9,TRUE,0.536196465548454,0.73641353635991
"BR","BR",TRUE,10,TRUE,0.536196465548454,0.73641353635991
"BR","BR",FALSE,16,TRUE,0.536196465548454,0.73641353635991
"BR","B",FALSE,10,FALSE,0.536196465548454,0.73641353635991
"WB","WB",FALSE,4,FALSE,0.896335141199422,0.352768007999989
"WB","UB",FALSE,8,FALSE,0.896335141199422,0.352768007999989
"WB","RG",FALSE,8,FALSE,0.896335141199422,0.352768007999989
"UB","BRG",FALSE,8,FALSE,0.418888646978933,0.36127095333865
"UB","RG",FALSE,8,TRUE,0.418888646978933,0.36127095333865
"UB","RG",TRUE,9,FALSE,0.418888646978933,0.36127095333865
"UB","UB",TRUE,9,TRUE,0.418888646978933,0.36127095333865
"UB","WU",TRUE,9,TRUE,0.596049630549419,0.356123991971378
"UB","WB",TRUE,7,TRUE,0.596049630549419,0.356123991971378
"UB","UB",TRUE,9,FALSE,0.596049630549419,0.356123991971378
"UB","W",FALSE,4,FALSE,0.596049630549419,0.356123991971378
"UB","WR",FALSE,9,TRUE,0.596049630549419,0.356123991971378
"UB","WG",TRUE,14,TRUE,0.596049630549419,0.356123991971378
"UB","WR",TRUE,6,FALSE,0.596049630549419,0.356123991971378
"RG","WB",TRUE,10,FALSE,0.0716419516709561,0.480680140777258
"RG","UBG",FALSE,9,TRUE,0.0716419516709561,0.480680140777258
"RG","WU",FALSE,6,FALSE,0.0716419516709561,0.480680140777258
"RG","WG",TRUE,5,FALSE,0.0716419516709561,0.480680140777258
"BG","WB",FALSE,5,FALSE,0.419295360542184,0.38027951260071
"BG","WB",FALSE,18,FALSE,0.419295360542184,0.38027951260071
"BG","WB",TRUE,8,TRUE,0.419295360542184,0.38027951260071
"BG","WR",FALSE,12,FALSE,0.419295360542184,0.38027951260071
"WUB","WB",TRUE,11,TRUE,0.588789227372554,0.34858594605837
"WUB","G",TRUE,7,TRUE,0.588789227372554,0.34858594605837
"WUB","UR",FALSE,7,FALSE,0.588789227372554,0.34858594605837
"WUB","WUB",TRUE,8,FALSE,0.588789227372554,0.34858594605837
"WUB","WR",FALSE,5,FALSE,0.588789227372554,0.34858594605837
"BG","WB",FALSE,6,FALSE,0.382697360242369,0.346264597784479
"BG","WB",FALSE,14,FALSE,0.382697360242369,0.346264597784479
"BG","BG",FALSE,8,FALSE,0.382697360242369,0.346264597784479
"WG","WU",FALSE,10,FALSE,0.383172252651256,-0.0381067806654546
"WG","UR",FALSE,10,FALSE,0.383172252651256,-0.0381067806654546
"WG","WU",FALSE,15,FALSE,0.383172252651256,-0.0381067806654546
"BR","WU",TRUE,11,FALSE,0.471775749734609,0.76554734330443
"BR","BG",FALSE,7,TRUE,0.42925271570525,0.777057043528272
"BR","UR",TRUE,9,TRUE,0.42925271570525,0.777057043528272
"BR","UB",TRUE,8,TRUE,0.42925271570525,0.777057043528272
"BR","R",TRUE,7,TRUE,0.42925271570525,0.777057043528272
"BR","WB",TRUE,11,FALSE,0.42925271570525,0.777057043528272
"BR","WG",FALSE,10,FALSE,0.42925271570525,0.777057043528272
"WB","UB",TRUE,8,FALSE,0.89270662815347,0.384701170815909
"WB","WB",TRUE,5,TRUE,0.89270662815347,0.384701170815909
"WB","WUR",TRUE,6,FALSE,0.89270662815347,0.384701170815909
"WB","UR",FALSE,8,TRUE,0.89270662815347,0.384701170815909
"WB","BR",FALSE,6,FALSE,0.89270662815347,0.384701170815909
"RG","WG",TRUE,11,TRUE,-0.0388314232882045,0.349920835036705
"RG","RG",FALSE,7,FALSE,-0.0388314232882045,0.349920835036705
"RG","WG",TRUE,8,FALSE,-0.0388314232882045,0.349920835036705
"RG","RG",TRUE,6,TRUE,-0.0388314232882045,0.349920835036705
"RG","RG",FALSE,8,FALSE,-0.0388314232882045,0.349920835036705
"WBG","WU",FALSE,11,TRUE,0.551438249155775,0.134068552912691
"WBG","WU",TRUE,8,FALSE,0.551438249155775,0.134068552912691
"WBG","BRG",TRUE,16,FALSE,0.551438249155775,0.134068552912691
"WBG","WR",FALSE,10,TRUE,0.551438249155775,0.134068552912691
"WBG","UG",FALSE,8,FALSE,0.551438249155775,0.134068552912691
"RG","RG",TRUE,9,FALSE,0.149699209686716,0.502782564534506
"RG","R",TRUE,8,TRUE,0.149699209686716,0.502782564534506
"RG","BG",FALSE,6,TRUE,0.149699209686716,0.502782564534506
"RG","RG",TRUE,5,FALSE,0.149699209686716,0.502782564534506
"RG","WR",FALSE,6,TRUE,0.149699209686716,0.502782564534506
"RG","WRG",FALSE,9,TRUE,0.149699209686716,0.502782564534506
"RG","UB",TRUE,9,FALSE,0.149699209686716,0.502782564534506
"WU","WU",FALSE,10,TRUE,0.407082064318929,-0.0398219899050093
"WU","WR",FALSE,4,FALSE,0.407082064318929,-0.0398219899050093
"WU","UB",TRUE,10,FALSE,0.407082064318929,-0.0398219899050093
"WU","W",FALSE,6,TRUE,0.407082064318929,-0.0398219899050093
"WU","RG",TRUE,9,TRUE,0.407082064318929,-0.0398219899050093
"WU","WU",TRUE,5,FALSE,0.407082064318929,-0.0398219899050093
"BRG","UB",FALSE,6,FALSE,0.326080324132086,0.601544458130141
"BRG","WG",TRUE,8,FALSE,0.326080324132086,0.601544458130141
"BRG","BR",TRUE,8,FALSE,0.326080324132086,0.601544458130141
"WB","WBRG",FALSE,9,TRUE,0.87636231613209,0.395197222780321
"WB","UR",TRUE,12,TRUE,0.88289765426285,0.388411968891987
"WB","BR",TRUE,9,FALSE,0.883859907360486,0.385978224080371
"WB","BR",TRUE,11,TRUE,0.883859907360486,0.385978224080371
"WB","WU",FALSE,10,TRUE,0.883859907360486,0.385978224080371
"WB","W",TRUE,7,TRUE,0.883859907360486,0.385978224080371
"WB","UB",FALSE,7,TRUE,0.883859907360486,0.385978224080371
"WB","B",FALSE,4,FALSE,0.883859907360486,0.385978224080371
"WB","WG",TRUE,7,FALSE,0.883859907360486,0.385978224080371
"UB","WB",TRUE,7,FALSE,0.389727658631134,0.510453459572688
"UB","WB",TRUE,10,FALSE,0.389727658631134,0.510453459572688
"UB","UR",FALSE,11,FALSE,0.389727658631134,0.510453459572688
"WB","BR",FALSE,11,FALSE,0.840928755233923,0.34294491972617
"WB","BRG",FALSE,9,FALSE,0.829492873601417,0.359083125501399
"WB","RG",FALSE,15,TRUE,0.829492873601417,0.359083125501399
"WB","UB",FALSE,8,TRUE,0.829492873601417,0.359083125501399
"WB","WG",TRUE,9,FALSE,0.829492873601417,0.359083125501399
"WR","WG",FALSE,8,FALSE,0.608083718035683,0.445644754992597
"WR","WRG",FALSE,13,FALSE,0.608083718035683,0.445644754992597
"WR","WRG",FALSE,7,FALSE,0.608083718035683,0.445644754992597
"WU","UB",FALSE,11,TRUE,0.310488763017228,-0.0356201175314788
"WU","WB",TRUE,6,TRUE,0.310488763017228,-0.0356201175314788
"WU","BR",FALSE,10,TRUE,0.310488763017228,-0.0356201175314788
"WU","UG",FALSE,11,TRUE,0.310488763017228,-0.0356201175314788
"WU","WB",FALSE,11,FALSE,0.310488763017228,-0.0356201175314788
"WU","WG",FALSE,8,FALSE,0.310488763017228,-0.0356201175314788
"WU","BR",FALSE,8,FALSE,0.310488763017228,-0.0356201175314788
"WU","WUG",FALSE,12,TRUE,0.403842456351795,-0.0376560528575266
"WU","BR",FALSE,7,FALSE,0.403842456351795,-0.0376560528575266
"WU","BR",TRUE,7,FALSE,0.403842456351795,-0.0376560528575266
"WU","BG",TRUE,6,TRUE,0.403842456351795,-0.0376560528575266
"WU","WG",FALSE,9,TRUE,0.403842456351795,-0.0376560528575266
"WU","UG",TRUE,7,TRUE,0.403842456351795,-0.0376560528575266
"WU","WB",FALSE,8,TRUE,0.403842456351795,-0.0376560528575266
"WU","WR",TRUE,9,TRUE,0.403842456351795,-0.0376560528575266
"WU","WB",TRUE,6,TRUE,0.403842456351795,-0.0376560528575266
"WU","BR",FALSE,7,FALSE,0.391914977512255,-0.0383382999303251
"WU","UG",TRUE,11,FALSE,0.391914977512255,-0.0383382999303251
"WU","UB",TRUE,9,TRUE,0.391914977512255,-0.0383382999303251
"WU","WB",TRUE,4,FALSE,0.391914977512255,-0.0383382999303251
"WB","BG",FALSE,9,TRUE,0.858751888934272,0.411298699939579
"WB","WU",FALSE,8,TRUE,0.858751888934272,0.411298699939579
"WB","WB",FALSE,13,FALSE,0.858751888934272,0.411298699939579
"WB","BG",TRUE,9,TRUE,0.858751888934272,0.411298699939579
"WB","UB",FALSE,17,FALSE,0.858751888934272,0.411298699939579
"WB","WU",FALSE,7,FALSE,0.858751888934272,0.411298699939579
"WG","UG",TRUE,7,TRUE,0.403275161896379,-0.0388142866992445
"WG","WR",FALSE,6,FALSE,0.403275161896379,-0.0388142866992445
"WG","BR",TRUE,10,TRUE,0.403275161896379,-0.0388142866992445
"WG","BG",TRUE,9,FALSE,0.403275161896379,-0.0388142866992445
"WG","RG",FALSE,6,FALSE,0.403275161896379,-0.0388142866992445
"WB","UB",TRUE,8,TRUE,0.866606223452387,0.294664241131152
"WB","BR",TRUE,5,FALSE,0.866606223452387,0.294664241131152
"WB","BR",FALSE,11,TRUE,0.866606223452387,0.294664241131152
"WB","BG",TRUE,8,FALSE,0.866606223452387,0.294664241131152
"WB","UB",FALSE,11,FALSE,0.866606223452387,0.294664241131152
"UB","WUG",TRUE,8,FALSE,0.383172252651256,0.359083125501399
"UB","UBG",TRUE,7,TRUE,0.383172252651256,0.359083125501399
"UB","WG",FALSE,13,TRUE,0.383172252651256,0.359083125501399
"UB","UB",FALSE,9,FALSE,0.383172252651256,0.359083125501399
"UB","WUG",TRUE,10,FALSE,0.383172252651256,0.359083125501399
"UB","RG",FALSE,9,FALSE,0.370169609487319,0.346264597784479
"UB","WU",FALSE,10,TRUE,0.370169609487319,0.346264597784479
"UB","WG",TRUE,12,FALSE,0.370169609487319,0.346264597784479
"UB","WBG",FALSE,7,FALSE,0.370169609487319,0.346264597784479
"WUB","BR",TRUE,13,TRUE,0.516185195603904,0.0922923850160926
"WUB","UB",TRUE,11,TRUE,0.516185195603904,0.0922923850160926
"WUB","RG",FALSE,13,TRUE,0.516185195603904,0.0922923850160926
"WUB","BR",TRUE,8,TRUE,0.516185195603904,0.0922923850160926
"WUB","WBRG",TRUE,8,TRUE,0.516185195603904,0.0922923850160926
"WUB","WB",TRUE,12,FALSE,0.516185195603904,0.0922923850160926
"WUB","UB",FALSE,10,FALSE,0.516185195603904,0.0922923850160926
"WUB","UB",TRUE,9,FALSE,0.516185195603904,0.0922923850160926
"BG","RG",FALSE,11,TRUE,0.460547796077876,0.413709673028941
"BG","BR",FALSE,9,TRUE,0.460547796077876,0.413709673028941
"BG","WU",TRUE,12,TRUE,0.460547796077876,0.413709673028941
"BG","BR",TRUE,11,FALSE,0.460547796077876,0.413709673028941
"BG","WB",FALSE,9,FALSE,0.460547796077876,0.413709673028941
"BG","RG",TRUE,8,FALSE,0.460547796077876,0.413709673028941
"BG","UG",FALSE,5,FALSE,0.388678277475372,0.370406587098693
"BG","WRG",TRUE,8,TRUE,0.388678277475372,0.370406587098693
"BG","WG",TRUE,9,FALSE,0.388678277475372,0.370406587098693
"BG","URG",FALSE,16,TRUE,0.388678277475372,0.370406587098693
"BG","UR",FALSE,10,TRUE,0.388678277475372,0.370406587098693
"BG","BR",FALSE,12,TRUE,0.388678277475372,0.370406587098693
"BG","WU",FALSE,12,FALSE,0.388678277475372,0.370406587098693
"WU","WBG",FALSE,8,FALSE,0.384940676443101,-0.0376560528575266
"WU","UB",FALSE,7,TRUE,0.384940676443101,-0.0376560528575266
"WU","UBG",TRUE,12,FALSE,0.384940676443101,-0.0376560528575266
"WU","UG",TRUE,10,TRUE,0.384940676443101,-0.0376560528575266
"WU","WB",FALSE,13,TRUE,0.384940676443101,-0.0376560528575266
"WU","WU",TRUE,6,FALSE,0.384940676443101,-0.0376560528575266
"BR","WB",FALSE,5,FALSE,0.434415659955529,0.802492710593841
"BR","WU",TRUE,5,TRUE,0.434415659955529,0.802492710593841
"BR","RG",TRUE,12,TRUE,0.434415659955529,0.802492710593841
"BR","UG",TRUE,12,FALSE,0.434415659955529,0.802492710593841
"BR","WR",TRUE,7,TRUE,0.434415659955529,0.802492710593841
"BR","UR",FALSE,6,TRUE,0.434415659955529,0.802492710593841
"BR","WU",TRUE,9,TRUE,0.434415659955529,0.802492710593841
"BR","WR",TRUE,10,FALSE,0.434415659955529,0.802492710593841
"BG","U",TRUE,8,FALSE,0.409785235031107,0.363809977717697
"BG","WG",FALSE,8,FALSE,0.409785235031107,0.363809977717697
"BG","UB",TRUE,11,TRUE,0.409785235031107,0.363809977717697
"BG","WUB",TRUE,10,TRUE,0.409785235031107,0.363809977717697
"BG","WB",FALSE,10,FALSE,0.409785235031107,0.363809977717697
"BG","BG",TRUE,19,TRUE,0.380885946245876,0.36352088639309
"BG","WBR",FALSE,8,FALSE,0.380885946245876,0.36352088639309
"BG","BG",FALSE,9,FALSE,0.380885946245876,0.36352088639309
"BG","WG",TRUE,9,TRUE,0.380885946245876,0.36352088639309
"BG","RG",FALSE,19,TRUE,0.380885946245876,0.36352088639309
"BG","UB",TRUE,11,FALSE,0.380885946245876,0.36352088639309
"BR","WU",FALSE,12,FALSE,0.381519633042638,0.80755600672769
"BR","BR",FALSE,6,TRUE,0.381519633042638,0.80755600672769
"BR","WBG",FALSE,7,FALSE,0.381519633042638,0.80755600672769
"BR","WBG",FALSE,7,TRUE,0.381519633042638,0.80755600672769
"BR","B",TRUE,6,TRUE,0.381519633042638,0.80755600672769
"BR","UR",TRUE,10,TRUE,0.381519633042638,0.80755600672769
"BR","WR",TRUE,10,FALSE,0.381519633042638,0.80755600672769
"WU","UR",FALSE,8,FALSE,0.543250660754941,0.142824781447828
"WU","UR",FALSE,14,TRUE,0.543250660754941,0.142824781447828
"WU","WU",FALSE,9,FALSE,0.543250660754941,0.142824781447828
"WU","WR",TRUE,6,TRUE,0.543250660754941,0.142824781447828
"WU","BR",FALSE,7,TRUE,0.543250660754941,0.142824781447828
"WU","WB",FALSE,14,FALSE,0.543250660754941,0.142824781447828
"BR","BR",TRUE,12,TRUE,0.437329947930666,0.79403260512463
"BR","BG",FALSE,12,FALSE,0.437329947930666,0.79403260512463
"BR","UB",TRUE,12,TRUE,0.437329947930666,0.79403260512463
"BR","WG",TRUE,8,FALSE,0.437329947930666,0.79403260512463
"BR","BG",FALSE,10,TRUE,0.437329947930666,0.79403260512463
"BR","G",FALSE,7,TRUE,0.437329947930666,0.79403260512463
"BR","BR",TRUE,10,FALSE,0.437329947930666,0.79403260512463
"UR","BR",FALSE,9,FALSE,0.0680935786601433,0.532796160940252
"UR","UB",FALSE,8,FALSE,0.0680935786601433,0.532796160940252
"UR","WR",TRUE,7,FALSE,0.0680935786601433,0.532796160940252
"BR","WU",FALSE,8,FALSE,0.385500230945497,0.814148205187057
"BR","WU",TRUE,7,TRUE,0.385500230945497,0.814148205187057
"BR","W",TRUE,9,TRUE,0.385500230945497,0.814148205187057
"BR","RG",TRUE,7,TRUE,0.385500230945497,0.814148205187057
"BR","WB",TRUE,5,TRUE,0.385500230945497,0.814148205187057
"BR","BR",FALSE,11,TRUE,0.385500230945497,0.814148205187057
"BR","UB",FALSE,10,TRUE,0.385500230945497,0.814148205187057
"BR","WG",TRUE,13,TRUE,0.385500230945497,0.814148205187057
"BR","BR",FALSE,7,TRUE,0.452413152706277,0.819155438920838
"BR","WG",TRUE,6,FALSE,0.452413152706277,0.819155438920838
"BR","WU",TRUE,9,TRUE,0.452413152706277,0.819155438920838
"BR","UR",TRUE,9,FALSE,0.452413152706277,0.819155438920838
"BR","WU",FALSE,6,FALSE,0.452413152706277,0.819155438920838
"UG","UB",TRUE,13,TRUE,-0.0390826060031855,0.00854656249968067
"UG","BR",TRUE,9,FALSE,-0.0390826060031855,0.00854656249968067
"UG","W",TRUE,7,TRUE,-0.0390826060031855,0.00854656249968067
"UG","UB",TRUE,15,FALSE,-0.0390826060031855,0.00854656249968067
"UG","BR",TRUE,10,TRUE,-0.0390826060031855,0.00854656249968067
"UG","WG",FALSE,14,TRUE,-0.0390826060031855,0.00854656249968067
"UG","UB",TRUE,9,FALSE,-0.0390826060031855,0.00854656249968067
"URG","UBR",TRUE,12,TRUE,-0.0422118491672836,0.38038279976068
"URG","UB",TRUE,11,FALSE,-0.0422118491672836,0.38038279976068
"URG","BR",TRUE,9,TRUE,-0.0422118491672836,0.38038279976068
"URG","WG",TRUE,5,FALSE,-0.0422118491672836,0.38038279976068
"URG","WU",TRUE,7,FALSE,-0.0422118491672836,0.38038279976068
"UB","BG",FALSE,9,TRUE,0.467681900504641,0.421861286661982
"UB","BR",FALSE,8,TRUE,0.467681900504641,0.421861286661982
"UB","WG",TRUE,7,TRUE,0.467681900504641,0.421861286661982
"UB","WG",FALSE,11,TRUE,0.467681900504641,0.421861286661982
"UB","WG",FALSE,9,TRUE,0.467681900504641,0.421861286661982
"UB","WUB",FALSE,10,TRUE,0.467681900504641,0.421861286661982
"UB","WU",TRUE,6,TRUE,0.467681900504641,0.421861286661982
"UB","R",FALSE,11,TRUE,0.398329724079014,0.394565003449595
"UB","UR",FALSE,8,FALSE,0.398329724079014,0.394565003449595
"UB","G",TRUE,8,TRUE,0.398329724079014,0.394565003449595
"UB","WU",FALSE,14,TRUE,0.398329724079014,0.394565003449595
"UB","UB",FALSE,9,TRUE,0.398329724079014,0.394565003449595
"UB","UB",FALSE,11,TRUE,0.398329724079014,0.394565003449595
"UB","WR",TRUE,15,TRUE,0.398329724079014,0.394565003449595
"UB","BG",TRUE,5,TRUE,0.398329724079014,0.394565003449595
"WB","WR",FALSE,6,FALSE,0.871279639689322,0.398291879508559
"WB","RG",FALSE,6,FALSE,0.871279639689322,0.398291879508559
"WB","UR",TRUE,7,FALSE,0.871279639689322,0.398291879508559
"WB","WB",FALSE,8,TRUE,0.864376742003833,0.352264532748656
"WB","WB",FALSE,8,FALSE,0.864376742003833,0.352264532748656
"WB","WR",FALSE,6,TRUE,0.864376742003833,0.352264532748656
"WB","UB",TRUE,13,TRUE,0.864376742003833,0.352264532748656
"WB","UB",FALSE,17,TRUE,0.864376742003833,0.352264532748656
"WB","BR",FALSE,10,FALSE,0.864376742003833,0.352264532748656
"WB","WB",FALSE,11,TRUE,0.864376742003833,0.352264532748656
"WB","RG",TRUE,7,TRUE,0.864376742003833,0.352264532748656
"WB","UB",FALSE,8,TRUE,0.864376742003833,0.352264532748656
"RG","WG",FALSE,15,FALSE,-0.0393387269982658,0.347574496504235
"RG","UB",FALSE,9,TRUE,-0.0393387269982658,0.347574496504235
"RG","UR",TRUE,13,TRUE,-0.0393387269982658,0.347574496504235
"RG","W",TRUE,5,TRUE,-0.0388314232882045,0.343092251016042
"RG","UR",FALSE,9,FALSE,-0.0388314232882045,0.343092251016042
"RG","BR",FALSE,7,FALSE,-0.0388314232882045,0.343092251016042
"U","UG",FALSE,9,FALSE,-0.028484479500723,-0.0288344016616817
"U","WB",TRUE,14,TRUE,-0.028484479500723,-0.0288344016616817
"U","UG",FALSE,9,FALSE,-0.028484479500723,-0.0288344016616817
"U","UB",FALSE,6,TRUE,-0.028484479500723,-0.0288344016616817
"U","WB",FALSE,11,TRUE,-0.028484479500723,-0.0288344016616817
"U","UB",TRUE,10,TRUE,-0.028484479500723,-0.0288344016616817
"U","WBG",TRUE,12,TRUE,-0.028484479500723,-0.0288344016616817
"U","UB",FALSE,10,TRUE,-0.028484479500723,-0.0288344016616817
"U","R",FALSE,9,TRUE,-0.028484479500723,-0.0288344016616817
"WB","BG",TRUE,16,FALSE,0.859197114522219,0.286044058555277
"WB","WU",TRUE,9,FALSE,0.859197114522219,0.286044058555277
"WB","WUG",FALSE,8,TRUE,0.859197114522219,0.286044058555277
"WB","WUBG",TRUE,13,FALSE,0.859197114522219,0.286044058555277
"WB","WU",TRUE,9,TRUE,0.88104407245556,0.400293597907892
"WB","BR",TRUE,7,FALSE,0.88104407245556,0.400293597907892
"WB","UB",FALSE,14,TRUE,0.880154843177449,0.402916851705556
"WB","WR",FALSE,12,TRUE,0.880154843177449,0.402916851705556
"WB","WUR",FALSE,14,FALSE,0.880154843177449,0.402916851705556
"WB","UB",TRUE,8,TRUE,0.880154843177449,0.402916851705556
"WB","RG",TRUE,8,TRUE,0.880154843177449,0.402916851705556
"WB","BR",FALSE,9,FALSE,0.880154843177449,0.402916851705556
"UB","RG",TRUE,9,TRUE,0.494196600227426,0.433177391944773
"UB","BR",TRUE,10,TRUE,0.494196600227426,0.433177391944773
"UB",NA,TRUE,2,TRUE,0.494196600227426,0.433177391944773
"UB","B",TRUE,4,TRUE,0.494196600227426,0.433177391944773
"UB","WU",FALSE,9,TRUE,0.494196600227426,0.433177391944773
"UB","BR",TRUE,8,TRUE,0.494196600227426,0.433177391944773
"UB","WB",TRUE,10,TRUE,0.494196600227426,0.433177391944773
"RG","URG",FALSE,8,TRUE,-0.0367692516735013,0.389531551724649
"RG","UG",FALSE,6,FALSE,-0.0367692516735013,0.389531551724649
"RG","UB",FALSE,10,FALSE,-0.0367692516735013,0.389531551724649
"UB","WG",TRUE,9,FALSE,0.384849953100921,0.342239240382742
"UB","RG",FALSE,9,TRUE,0.384849953100921,0.342239240382742
"UB","WUB",FALSE,11,TRUE,0.384849953100921,0.342239240382742
"UB","UB",FALSE,11,TRUE,0.384849953100921,0.342239240382742
"UB","BG",FALSE,8,TRUE,0.384849953100921,0.342239240382742
"UB","BR",FALSE,10,TRUE,0.384849953100921,0.342239240382742
"UB","WUB",FALSE,13,TRUE,0.384849953100921,0.342239240382742
"UB","WB",FALSE,8,TRUE,0.384849953100921,0.342239240382742
"UR","BG",TRUE,7,FALSE,-0.0391286965049892,0.412561428283239
"UR","WBR",FALSE,8,TRUE,-0.0391286965049892,0.412561428283239
"UR","WU",TRUE,11,FALSE,-0.0391286965049892,0.412561428283239
"UR","UB",TRUE,11,TRUE,-0.0391286965049892,0.412561428283239
"UR","WB",FALSE,4,FALSE,-0.0391286965049892,0.412561428283239
"RG","WR",FALSE,10,FALSE,-0.0404159917646258,0.335770891223096
"RG","WG",FALSE,11,TRUE,-0.0404159917646258,0.335770891223096
"RG","R",TRUE,5,TRUE,-0.0404159917646258,0.335770891223096
"RG","WB",FALSE,6,FALSE,-0.0404159917646258,0.335770891223096
"RG","BG",FALSE,7,FALSE,-0.0404159917646258,0.335770891223096
"BR","URG",TRUE,11,FALSE,0.38672060447605,0.783954317960113
"BR","BR",TRUE,7,FALSE,0.38672060447605,0.783954317960113
"BR","WG",FALSE,14,FALSE,0.38672060447605,0.783954317960113
"WU","WG",FALSE,20,FALSE,0.421563639072571,0.00849163400355508
"WU","BG",TRUE,12,FALSE,0.433734051860254,0.00860257089614625
"UG","G",TRUE,6,TRUE,0.0137851552673126,0.00849163400355508
"UG","WB",FALSE,10,TRUE,0.0137851552673126,0.00849163400355508
"UG","UB",TRUE,7,TRUE,0.0137851552673126,0.00849163400355508
"UG","UB",FALSE,10,FALSE,0.0137851552673126,0.00849163400355508
"UG","WUB",TRUE,13,TRUE,0.0137851552673126,0.00849163400355508
"UG","UB",FALSE,12,FALSE,0.0137851552673126,0.00849163400355508
"UG","WB",FALSE,13,TRUE,0.0137851552673126,0.00849163400355508
"UG",NA,TRUE,3,TRUE,0.0137851552673126,0.00849163400355508
"UG","WR",FALSE,10,TRUE,0.0137851552673126,0.00849163400355508
"W","UBR",TRUE,10,FALSE,0.484096249801045,0.225790585308791
"W","WG",TRUE,13,FALSE,0.484096249801045,0.225790585308791
"W","WRG",TRUE,8,TRUE,0.484096249801045,0.225790585308791
"W","G",FALSE,12,FALSE,0.484096249801045,0.225790585308791
"BG","WU",TRUE,10,TRUE,0.327102068813444,0.377535496576765
"BG","WBG",TRUE,10,FALSE,0.327102068813444,0.377535496576765
"UB","UB",FALSE,9,FALSE,0.460547796077876,0.407168140769717
"UB","UBR",TRUE,14,FALSE,0.463279486011578,0.409583214994232
"UB","WU",TRUE,11,FALSE,0.463279486011578,0.409583214994232
"UB","BR",TRUE,7,TRUE,0.433734051860254,0.368327879704731
"UB","BR",TRUE,7,FALSE,0.433734051860254,0.368327879704731
"UB","WB",FALSE,12,FALSE,0.433734051860254,0.368327879704731
"UB","WR",FALSE,10,TRUE,0.433734051860254,0.368327879704731
"UB","UB",FALSE,11,TRUE,0.433734051860254,0.368327879704731
"UB","WBG",FALSE,13,FALSE,0.433734051860254,0.368327879704731
"RG","WR",FALSE,7,FALSE,-0.0371990748510577,0.361377414955148
"RG","UR",FALSE,8,TRUE,-0.0371990748510577,0.361377414955148
"RG","BG",FALSE,8,TRUE,-0.0371990748510577,0.361377414955148
"RG","UB",FALSE,9,FALSE,-0.0371990748510577,0.361377414955148
"RG","G",FALSE,7,TRUE,-0.0371990748510577,0.361377414955148
"RG","WG",FALSE,10,FALSE,-0.0371990748510577,0.361377414955148
"WB","WG",TRUE,6,TRUE,0.865877661868894,0.35684624668496
"WUB","WUG",FALSE,13,FALSE,0.865877661868894,0.35684624668496
"WUB","UB",TRUE,6,FALSE,0.865877661868894,0.35684624668496
"WR","UB",FALSE,9,TRUE,0.474180217628088,0.308949330912727
"WR","UB",TRUE,11,FALSE,0.474180217628088,0.308949330912727
"WB","WB",FALSE,12,FALSE,0.897752884357923,0.403692697893673
"WB","WB",TRUE,18,TRUE,0.897752884357923,0.403692697893673
"WB","UG",FALSE,9,FALSE,0.897752884357923,0.403692697893673
"WB","WR",FALSE,8,FALSE,0.897752884357923,0.403692697893673
"UB","WB",FALSE,6,FALSE,0.376195650020519,0.359560617966115
"UB","UR",TRUE,8,TRUE,0.376195650020519,0.359560617966115
"UB","WU",TRUE,8,TRUE,0.376195650020519,0.359560617966115
"UB","WG",FALSE,12,TRUE,0.376195650020519,0.359560617966115
"UB","WU",FALSE,10,TRUE,0.376195650020519,0.359560617966115
"UB","WG",FALSE,10,TRUE,0.376195650020519,0.359560617966115
"UB","WU",TRUE,8,TRUE,0.376195650020519,0.359560617966115
"UB","RG",FALSE,9,FALSE,0.376195650020519,0.359560617966115
"UB","WB",FALSE,15,TRUE,0.376195650020519,0.359560617966115
"WB","WUB",TRUE,17,FALSE,0.878716172649795,0.383065604737183
"WB","WR",TRUE,6,TRUE,0.882687547372034,0.387543543992044
"WB","UR",FALSE,9,FALSE,0.882687547372034,0.387543543992044
"WB","URG",TRUE,7,FALSE,0.874424456063771,0.359057067864922
"WR","UBR",TRUE,10,FALSE,0.39371265357876,0.342984275595953
"WR","UB",FALSE,7,TRUE,0.398622362606357,0.347261387288734
"WR","UB",TRUE,9,FALSE,0.398622362606357,0.347261387288734
"UR","UR",FALSE,10,FALSE,0.0700910309868962,0.326114634057035
"UR","WR",FALSE,12,TRUE,0.0700910309868962,0.326114634057035
"UR","UB",FALSE,10,FALSE,0.0700910309868962,0.326114634057035
"UR","BR",FALSE,10,FALSE,0.0695960174461847,0.316654393809296
"WU","UB",TRUE,8,FALSE,0.395924270392689,-0.0381067806654546
"WU","UB",FALSE,11,TRUE,0.395924270392689,-0.0381067806654546
"WU","RG",TRUE,9,TRUE,0.395924270392689,-0.0381067806654546
"WU","UB",TRUE,8,FALSE,0.395924270392689,-0.0381067806654546
"WU","UG",TRUE,11,FALSE,0.395924270392689,-0.0381067806654546
"WB","WR",FALSE,9,FALSE,0.87474442576757,0.422847519261909
"WB","UB",TRUE,7,TRUE,0.87474442576757,0.422847519261909
"WB","UB",TRUE,10,FALSE,0.87474442576757,0.422847519261909
"WB","BG",FALSE,8,FALSE,0.87474442576757,0.422847519261909
"WR","UR",FALSE,8,TRUE,0.431959323240451,0.36127095333865
"WR","WR",TRUE,12,FALSE,0.431959323240451,0.36127095333865
"WR","BG",FALSE,9,FALSE,0.431959323240451,0.36127095333865
"WR","WB",FALSE,7,FALSE,0.424290541422082,0.372802577879246
"UB","WU",FALSE,9,TRUE,0.395225110997419,0.339761187568969
"UB","BRG",TRUE,7,TRUE,0.395225110997419,0.339761187568969
"UB","WUG",FALSE,10,TRUE,0.395225110997419,0.339761187568969
"UB","WB",TRUE,12,TRUE,0.395225110997419,0.339761187568969
"UB","WRG",TRUE,8,TRUE,0.395225110997419,0.339761187568969
"UB","BR",FALSE,8,TRUE,0.395225110997419,0.339761187568969
"UB","UB",FALSE,9,FALSE,0.395225110997419,0.339761187568969
"UB","BG",TRUE,10,TRUE,0.395225110997419,0.339761187568969
"WB","WU",TRUE,10,FALSE,0.839781483762465,0.350247622074898
"WB","UB",FALSE,8,TRUE,0.839781483762465,0.350247622074898
"WB","UB",FALSE,7,FALSE,0.839781483762465,0.350247622074898
"WB","WR",FALSE,8,TRUE,0.839781483762465,0.350247622074898
"WB","UB",TRUE,10,TRUE,0.839781483762465,0.350247622074898
"WB","WG",TRUE,5,FALSE,0.839781483762465,0.350247622074898
"UB","WB",TRUE,9,TRUE,0.370038192681898,0.378739386002229
"UB","UB",TRUE,11,FALSE,0.370038192681898,0.378739386002229
"UB","WBG",TRUE,7,TRUE,0.370038192681898,0.378739386002229
"UB","UBG",TRUE,17,FALSE,0.370038192681898,0.378739386002229
"UB","WUB",FALSE,6,FALSE,0.372133604097995,0.380884069575033
"BG","UB",FALSE,8,FALSE,0.398329724079014,0.354604698522218
"BG","UB",TRUE,12,FALSE,0.402300279263405,0.365702957270847
"BG","WUB",FALSE,15,TRUE,0.402300279263405,0.365702957270847
"UG","WU",TRUE,12,TRUE,-0.0365598530367673,-0.0370089784202461
"UG","WB",FALSE,18,FALSE,-0.0365598530367673,-0.0370089784202461
"UG","BR",TRUE,12,FALSE,-0.0365598530367673,-0.0370089784202461
"UG","UB",FALSE,12,TRUE,-0.0365598530367673,-0.0370089784202461
"UG","UB",TRUE,11,FALSE,-0.0365598530367673,-0.0370089784202461
"UB","WR",TRUE,8,FALSE,0.346501384897558,0.271097322370658
"UB","UB",TRUE,7,FALSE,0.346501384897558,0.271097322370658
"UB","WG",TRUE,14,TRUE,0.34159360135384,0.273399422739523
"UB","UB",FALSE,10,FALSE,0.34159360135384,0.273399422739523
"UG","BR",TRUE,8,TRUE,0.144394948470779,0.135374064102436
"UG","UB",TRUE,12,TRUE,0.144394948470779,0.135374064102436
"UG","UBR",FALSE,14,TRUE,0.144394948470779,0.135374064102436
"UG","UR",TRUE,5,FALSE,0.144394948470779,0.135374064102436
"UG","WBG",TRUE,7,TRUE,0.144394948470779,0.135374064102436
"UG","WB",FALSE,11,TRUE,0.144394948470779,0.135374064102436
"UG","WU",FALSE,10,FALSE,0.144394948470779,0.135374064102436
"UG","UG",TRUE,11,FALSE,0.144394948470779,0.135374064102436
"UB","WG",TRUE,5,FALSE,0.441646016169182,0.420251205288165
"UB","WB",TRUE,16,FALSE,0.441646016169182,0.420251205288165
"UB","BRG",FALSE,6,FALSE,0.44533611401762,0.430808930586109
"RG","UB",FALSE,7,FALSE,-0.0369822900518083,0.411298699939579
"RG","B",FALSE,8,FALSE,-0.0369822900518083,0.411298699939579
"RG","R",TRUE,4,TRUE,-0.0369822900518083,0.411298699939579
"RG","WRG",TRUE,17,FALSE,-0.0369822900518083,0.411298699939579
"UBR","WG",FALSE,14,FALSE,0.300652394784353,0.616916206630956
"UBR","UB",TRUE,11,FALSE,0.300652394784353,0.616916206630956
"BR","WB",FALSE,6,FALSE,0.451599989395145,0.814510133301198
"WR","UR",TRUE,11,FALSE,0.380885946245876,0.442484878280762
"WR","RG",TRUE,8,TRUE,0.380885946245876,0.442484878280762
"WR","UG",FALSE,14,TRUE,0.380885946245876,0.442484878280762
"WR","RG",TRUE,11,TRUE,0.380885946245876,0.442484878280762
"WR","BG",FALSE,16,TRUE,0.380885946245876,0.442484878280762
"WR","WU",TRUE,5,TRUE,0.380885946245876,0.442484878280762
"WR","WB",FALSE,8,FALSE,0.380885946245876,0.442484878280762
"WR","BR",FALSE,12,TRUE,0.380885946245876,0.442484878280762
"WR","BR",FALSE,8,TRUE,0.380885946245876,0.442484878280762
"WG","WB",TRUE,9,FALSE,0.431612766068115,-0.0368005881135769
"WG","UBR",FALSE,7,FALSE,0.425455308729494,-0.0368005881135769
"WG","WBG",TRUE,8,FALSE,0.425455308729494,-0.0368005881135769
"WB","WB",FALSE,12,TRUE,0.841326374104823,0.39342084290073
"WB","UB",TRUE,7,TRUE,0.841326374104823,0.39342084290073
"WB","BR",TRUE,12,TRUE,0.841326374104823,0.39342084290073
"WB","URG",FALSE,8,FALSE,0.841326374104823,0.39342084290073
"WB","RG",TRUE,7,FALSE,0.841326374104823,0.39342084290073
"WB","BR",TRUE,8,FALSE,0.841326374104823,0.39342084290073
"WB","WUG",FALSE,10,TRUE,0.881107151787505,0.410703999395753
"WB","WG",TRUE,9,TRUE,0.881107151787505,0.410703999395753
"WB","WB",FALSE,8,FALSE,0.881107151787505,0.410703999395753
"WB","UG",FALSE,11,TRUE,0.881107151787505,0.410703999395753
"WB","WG",TRUE,11,TRUE,0.881107151787505,0.410703999395753
"WB","WR",TRUE,8,FALSE,0.881107151787505,0.410703999395753
"WB","BR",TRUE,9,TRUE,0.881107151787505,0.410703999395753
"WB","B",FALSE,6,TRUE,0.881107151787505,0.410703999395753
"WB","WU",TRUE,7,TRUE,0.881107151787505,0.410703999395753
"UG","WB",FALSE,11,TRUE,-0.0383432528544216,-0.0388142866992445
"UG","WU",FALSE,10,TRUE,-0.0383432528544216,-0.0388142866992445
"UG","UB",TRUE,10,FALSE,-0.0383432528544216,-0.0388142866992445
"UG","WR",TRUE,20,FALSE,-0.0383432528544216,-0.0388142866992445
"UG","UBRG",FALSE,7,TRUE,-0.0383432528544216,-0.0388142866992445
"UG","WU",TRUE,16,FALSE,-0.0383432528544216,-0.0388142866992445
"WR","UG",FALSE,8,FALSE,0.425455308729494,0.346774772608706
"WR","RG",FALSE,5,FALSE,0.394325361621279,0.363486626181367
"WR","UG",FALSE,15,FALSE,0.394325361621279,0.363486626181367
"UB","RG",FALSE,9,TRUE,0.31021035301697,0.278018088530041
"UB","WG",TRUE,8,TRUE,0.31021035301697,0.278018088530041
"UB","WRG",TRUE,9,TRUE,0.31021035301697,0.278018088530041
"UB","WRG",TRUE,16,TRUE,0.31021035301697,0.278018088530041
"UB","RG",TRUE,9,FALSE,0.31021035301697,0.278018088530041
"UB","WRG",TRUE,6,FALSE,0.31021035301697,0.278018088530041
"UB","UBR",TRUE,12,FALSE,0.31021035301697,0.278018088530041
"RG","BG",FALSE,9,FALSE,-0.0393387269982658,0.361410085304565
"RG","BR",FALSE,12,FALSE,-0.0393387269982658,0.361410085304565
"RG","UBG",FALSE,9,FALSE,-0.0393387269982658,0.361410085304565
"UR","WR",TRUE,8,FALSE,-0.0369822900518083,0.385285059077539
"UR","RG",TRUE,13,TRUE,-0.0369822900518083,0.385285059077539
"UR","WG",FALSE,12,TRUE,-0.0369822900518083,0.385285059077539
"UR","UR",TRUE,16,TRUE,-0.0369822900518083,0.385285059077539
"UR","UB",FALSE,10,FALSE,-0.0369822900518083,0.385285059077539
"UR","WR",FALSE,12,TRUE,-0.0369822900518083,0.385285059077539
"UR","UG",FALSE,10,FALSE,-0.0369822900518083,0.385285059077539
"BG","UR",FALSE,6,FALSE,0.38672060447605,0.337803975824916
"BG","BG",FALSE,7,TRUE,0.38672060447605,0.337803975824916
"BG","BG",TRUE,13,FALSE,0.38672060447605,0.337803975824916
"BG","WB",TRUE,7,FALSE,0.38672060447605,0.337803975824916
"WG","WBR",FALSE,17,FALSE,0.508364756476249,-0.0370089784202461
"WG","BG",TRUE,6,TRUE,0.508364756476249,-0.0370089784202461
"WG","WU",TRUE,9,TRUE,0.508364756476249,-0.0370089784202461
"WG","WB",FALSE,13,TRUE,0.508364756476249,-0.0370089784202461
"WG","BG",TRUE,11,FALSE,0.508364756476249,-0.0370089784202461
"WG","RG",TRUE,8,FALSE,0.508364756476249,-0.0370089784202461
"WG","BG",FALSE,8,FALSE,0.427071054974923,-0.0398219899050093
"WG","WB",FALSE,5,TRUE,0.427071054974923,-0.0398219899050093
"WG","WR",FALSE,9,FALSE,0.427071054974923,-0.0398219899050093
"WG","WR",FALSE,8,FALSE,0.427071054974923,-0.0398219899050093
"BR","URG",FALSE,12,TRUE,0.430864489482165,0.786389497070369
"BR","WU",FALSE,4,FALSE,0.430864489482165,0.786389497070369
"BR","BG",TRUE,8,TRUE,0.430864489482165,0.786389497070369
"BR","WUB",TRUE,16,FALSE,0.430864489482165,0.786389497070369
"BR","WB",TRUE,11,FALSE,0.430864489482165,0.786389497070369
"UBG","WU",FALSE,11,FALSE,0.372226430355797,0.363054364056874
"UBG","BG",TRUE,9,FALSE,0.372226430355797,0.363054364056874
"UBG","U",TRUE,7,TRUE,0.372226430355797,0.363054364056874
"UBG","WU",FALSE,6,FALSE,0.372226430355797,0.363054364056874
"WB","G",TRUE,5,TRUE,0.875381629113906,0.377235171119356
"WB","UG",FALSE,8,FALSE,0.875381629113906,0.377235171119356
"WB","BR",TRUE,16,TRUE,0.875381629113906,0.377235171119356
"WB","WR",TRUE,12,TRUE,0.875381629113906,0.377235171119356
"WB","UG",FALSE,12,FALSE,0.875381629113906,0.377235171119356
"WB","RG",FALSE,10,TRUE,0.875381629113906,0.377235171119356
"WB","UBG",FALSE,15,TRUE,0.875381629113906,0.377235171119356
"WB","BG",FALSE,11,TRUE,0.875381629113906,0.377235171119356
"WB","WG",FALSE,9,FALSE,0.875381629113906,0.377235171119356
"WG","WU",FALSE,5,FALSE,0.399282632586654,-0.0390590260730678
"WG","WG",TRUE,6,FALSE,0.399282632586654,-0.0390590260730678
"WG","UB",FALSE,19,TRUE,0.399282632586654,-0.0390590260730678
"WG","UBG",TRUE,10,FALSE,0.379616436042527,-0.0427304074045265
"RG","WU",FALSE,9,FALSE,-0.038701399237818,0.393597095236367
"RG","WBR",TRUE,9,FALSE,-0.038701399237818,0.393597095236367
"RG","RG",TRUE,12,FALSE,-0.038444904581447,0.439526259982575
"UG","U",TRUE,3,TRUE,-0.0439064678692632,0.0636487277703267
"UG","BG",FALSE,8,FALSE,-0.0439064678692632,0.0636487277703267
"UG","UB",TRUE,7,TRUE,-0.0439064678692632,0.0636487277703267
"UG","WB",FALSE,16,FALSE,-0.0439064678692632,0.0636487277703267
"UG","BR",FALSE,9,FALSE,-0.0439064678692632,0.0636487277703267
"BR","G",FALSE,6,TRUE,0.407082064318929,0.790313338114801
"BR","BR",TRUE,7,TRUE,0.407082064318929,0.790313338114801
"BR","R",FALSE,11,FALSE,0.407082064318929,0.790313338114801
"BR","WUR",FALSE,18,TRUE,0.407082064318929,0.790313338114801
"BR","WB",FALSE,7,TRUE,0.407082064318929,0.790313338114801
"BR","WUG",FALSE,7,FALSE,0.407082064318929,0.790313338114801
"BR","UB",FALSE,8,FALSE,0.407082064318929,0.790313338114801
"WU","UB",FALSE,7,FALSE,0.441843137076107,-0.0411994040319017
"WU","G",TRUE,3,FALSE,0.441843137076107,-0.0411994040319017
"WU","WR",FALSE,10,FALSE,0.441843137076107,-0.0411994040319017
"WU","UBG",TRUE,9,TRUE,0.400419067433598,-0.0398219899050093
"WU","WU",FALSE,12,FALSE,0.400419067433598,-0.0398219899050093
"WU","BR",FALSE,11,FALSE,0.400419067433598,-0.0398219899050093
"WU","WU",TRUE,6,FALSE,0.400419067433598,-0.0398219899050093
"WU","UG",FALSE,7,FALSE,0.44129485603089,-0.0393084541410858
"WU","UBG",TRUE,14,FALSE,0.44129485603089,-0.0393084541410858
"WU","BR",TRUE,16,TRUE,0.44129485603089,-0.0393084541410858
"WU","URG",FALSE,10,TRUE,0.469416997789434,-0.0411994040319017
